stats,Open,High,Low,Close
count,18779,18779,18779,18779
mean,498.6530166675542,667.1472921880825,334.3063528409393,499.9209223068321
std,288.1971649263463,235.63655790413318,235.76841515077626,230.6719287052476
min,0.0,2.0,0.0,2.0
max,999.0,999.0,990.0,998.0
