stats,Open,High,Low,Close
count,19395,19395,19395,19395
mean,499.3185357050786,664.6118071667955,330.3786542923434,497.2910028357824
std,288.562723153372,236.07795422067443,234.54689930094142,229.4033573422686
min,0.0,7.0,0.0,3.0
max,999.0,999.0,996.0,996.0
