stats,Open,High,Low,Close
count,19492,19492,19492,19492
mean,503.1905397085984,667.345475066694,334.64010876256924,500.62302483069976
std,288.229573467874,236.8439162474505,236.05918986483752,230.65482800881284
min,0.0,4.0,0.0,2.0
max,999.0,999.0,998.0,998.0
