stats,Open,High,Low,Close
count,17348,17348,17348,17348
mean,498.964895088771,663.4292137422182,332.1649757897164,498.7539197602029
std,288.198937805837,237.20499612092556,235.26896035282437,230.4453227545946
min,0.0,4.0,0.0,3.0
max,999.0,999.0,994.0,997.0
