stats,Open,High,Low,Close
count,10298,10298,10298,10298
mean,500.4592153816275,665.9402796659546,333.65517576228393,500.0043697805399
std,287.2967887494086,235.58574680464758,234.80477004492155,228.54959300211303
min,0.0,17.0,0.0,5.0
max,999.0,999.0,992.0,997.0
