stats,Open,High,Low,Close
count,18214,18214,18214,18214
mean,501.64285714285717,666.9150104315362,332.86224881958935,501.1938618644998
std,289.51469737272896,236.00505017039964,235.58182254241933,230.24931789814795
min,0.0,5.0,0.0,2.0
max,999.0,999.0,993.0,994.0
