stats,Open,High,Low,Close
count,15648,15648,15648,15648
mean,502.99022239263803,669.0938139059305,336.2479550102249,502.73306492842534
std,288.69942311292226,235.65307844430274,236.83443693155024,229.38360723271623
min,0.0,8.0,0.0,2.0
max,999.0,999.0,995.0,997.0
