stats,Open,High,Low,Close
count,19243,19243,19243,19243
mean,503.88972613417866,667.1699838902458,333.7295639972977,498.74744062776074
std,288.40299765282,236.5662888735957,236.51692701348927,230.6667922230666
min,0.0,9.0,0.0,1.0
max,999.0,999.0,996.0,996.0
