stats,Open,High,Low,Close
count,17503,17503,17503,17503
mean,502.71279209278407,668.7523853053763,335.72616122950353,503.6851968234017
std,289.027901268118,234.2354837477169,236.18505695184018,230.4489325535166
min,0.0,2.0,0.0,1.0
max,999.0,999.0,996.0,998.0
