stats,Open,High,Low,Close
count,13634,13634,13634,13634
mean,495.2984450638111,664.4876778641632,330.9325949831304,498.3457532638991
std,286.7899179284068,235.5358208323562,234.05604710881607,228.55751534657037
min,0.0,13.0,0.0,2.0
max,999.0,999.0,995.0,997.0
