stats,Open,High,Low,Close
count,12154,12154,12154,12154
mean,500.0564423235149,666.6677636991936,332.8527233832483,498.44454500575944
std,288.6401664116365,233.7253021443936,234.77164690182437,228.28067860368006
min,0.0,1.0,0.0,1.0
max,999.0,999.0,995.0,995.0
