stats,Open,High,Low,Close
count,12459,12459,12459,12459
mean,504.31671883778796,669.0286539850711,334.6002889477486,502.17834497150653
std,289.3653281981551,234.78770016588106,234.03403041256968,229.83798793878486
min,0.0,8.0,0.0,6.0
max,999.0,999.0,986.0,998.0
