stats,Open,High,Low,Close
count,12913,12913,12913,12913
mean,496.5879346395106,664.3097653527453,333.09935723689307,496.21652598156896
std,288.2718463603102,237.45778907136054,235.42940439786184,230.31347916021008
min,0.0,4.0,0.0,4.0
max,999.0,999.0,991.0,996.0
