stats,Open,High,Low,Close
count,15334,15334,15334,15334
mean,496.79581322551195,665.3381374722838,331.57884439806963,497.1927742272075
std,288.91039788546755,234.9056775531751,235.33123285943537,229.3398617796181
min,0.0,4.0,0.0,0.0
max,999.0,999.0,989.0,995.0
