stats,Open,High,Low,Close
count,12855,12855,12855,12855
mean,502.7871645274212,668.1144301828083,334.9765071956437,502.17386231038506
std,288.83821540590174,236.34741168435895,236.61025683215988,230.33023937492467
min,0.0,3.0,0.0,3.0
max,999.0,999.0,995.0,995.0
