stats,Open,High,Low,Close
count,17883,17883,17883,17883
mean,497.0751551753062,665.0062629312755,333.70558631102165,500.3678912934071
std,287.9415997934163,236.86136869487711,235.5346564128998,231.3224277426109
min,0.0,1.0,0.0,1.0
max,999.0,999.0,985.0,994.0
