stats,Open,High,Low,Close
count,14710,14710,14710,14710
mean,500.4558123725357,667.7757987763426,334.4624065261727,502.1066621346023
std,287.95620649017735,235.40394107248306,235.73420509942713,230.69307553856473
min,0.0,3.0,0.0,1.0
max,999.0,999.0,997.0,998.0
