stats,Open,High,Low,Close
count,15785,15785,15785,15785
mean,499.9604687994932,665.7254355400697,334.1296167247387,498.3652834969908
std,287.22597039124105,235.2940908230218,234.9681108196176,230.17322249280295
min,0.0,9.0,0.0,1.0
max,999.0,999.0,993.0,996.0
