stats,Open,High,Low,Close
count,18417,18417,18417,18417
mean,497.02150187326924,666.0148775587772,332.0763425096378,498.6115002443395
std,290.15535319944445,237.1673130492343,237.099541055491,231.42310710183142
min,0.0,7.0,0.0,2.0
max,999.0,999.0,995.0,998.0
