stats,Open,High,Low,Close
count,17896,17896,17896,17896
mean,498.25692892266426,667.727369244524,332.77738042020565,499.3599128296826
std,287.61981738756253,234.5863863583842,235.7289542592164,229.25891087298373
min,0.0,2.0,0.0,2.0
max,999.0,999.0,993.0,995.0
