stats,Open,High,Low,Close
count,16804,16804,16804,16804
mean,502.34128778862174,667.4996429421566,333.4206736491312,500.7953463461081
std,288.39766796059973,235.7731670734406,233.92824856158802,229.27728805910877
min,0.0,9.0,0.0,3.0
max,999.0,999.0,993.0,998.0
