stats,Open,High,Low,Close
count,11042,11042,11042,11042
mean,497.54174968302846,664.6429994566201,332.12814707480527,500.3720340518022
std,287.326385323471,234.74162235105013,234.05345733891693,228.41274760836822
min,0.0,9.0,0.0,2.0
max,999.0,999.0,991.0,995.0
