stats,Open,High,Low,Close
count,10647,10647,10647,10647
mean,497.6366112519959,663.6543627312858,331.0242321780783,496.91030337184185
std,288.8639373885039,237.27701201280496,235.70955943050402,228.77276202127774
min,0.0,9.0,0.0,1.0
max,999.0,999.0,992.0,996.0
