stats,Open,High,Low,Close
count,15370,15370,15370,15370
mean,500.53832140533507,666.4465842550422,330.662589459987,500.10221210149643
std,290.0712526897092,236.1618137639602,236.9086902494489,230.8004505374695
min,0.0,5.0,0.0,0.0
max,999.0,999.0,995.0,998.0
