stats,Open,High,Low,Close
count,19507,19507,19507,19507
mean,498.4610652586251,667.582047470139,329.8284718306249,500.052699031117
std,289.75867064354935,233.86968201839593,234.4027935915699,228.17252150656725
min,0.0,11.0,0.0,3.0
max,999.0,999.0,991.0,998.0
