stats,Open,High,Low,Close
count,15527,15527,15527,15527
mean,497.8780833387003,664.7313711599149,332.0257615766085,498.16487409029435
std,287.2628782839316,235.79883719745249,233.0019313632919,227.59829869220331
min,0.0,18.0,0.0,7.0
max,999.0,999.0,989.0,996.0
