stats,Open,High,Low,Close
count,18905,18905,18905,18905
mean,500.2357048399894,665.7729701137265,330.1563078550648,496.04252843163187
std,289.92389735200845,237.55998235665567,235.0919043857921,230.71955304337615
min,0.0,3.0,0.0,2.0
max,999.0,999.0,996.0,997.0
