stats,Open,High,Low,Close
count,11795,11795,11795,11795
mean,498.68155998304366,666.7465027554048,330.2568037303942,498.27494701144553
std,287.587346618071,235.5895743010547,235.4526316736342,229.9342186358555
min,0.0,8.0,0.0,1.0
max,999.0,999.0,995.0,997.0
