stats,Open,High,Low,Close
count,16283,16283,16283,16283
mean,500.6673217466069,667.1458576429405,334.69802861880487,500.11730025179634
std,289.48668242245145,235.56541140517857,237.14454573832833,229.75996350037664
min,0.0,4.0,0.0,3.0
max,999.0,999.0,994.0,999.0
