stats,Open,High,Low,Close
count,13981,13981,13981,13981
mean,500.96931549960664,667.3257277734068,334.36900078678207,500.56076103283027
std,288.8542867725237,236.48275904269124,237.05287665889193,231.14538149045987
min,0.0,17.0,0.0,3.0
max,999.0,999.0,988.0,998.0
