stats,Open,High,Low,Close
count,17227,17227,17227,17227
mean,502.49213444012304,670.948569106635,331.5584257270564,500.18105299820047
std,289.63587076543905,234.07788638104523,235.69470498802644,229.98837045693585
min,0.0,8.0,0.0,5.0
max,999.0,999.0,998.0,999.0
