stats,Open,High,Low,Close
count,11884,11884,11884,11884
mean,498.0135476270616,666.6998485358465,329.9923426455739,497.519522046449
std,291.0704417982011,237.39178781917929,234.98332643981274,229.57187000298205
min,0.0,12.0,0.0,0.0
max,999.0,999.0,992.0,997.0
