stats,Open,High,Low,Close
count,18661,18661,18661,18661
mean,496.6727935266063,666.2848721933444,329.3877605701731,497.4855581158566
std,288.7887941652832,237.13571731284557,234.96036588130278,230.26249075653982
min,0.0,3.0,0.0,2.0
max,999.0,999.0,990.0,999.0
