stats,Open,High,Low,Close
count,16019,16019,16019,16019
mean,497.9689743429677,665.0731006929271,332.15494100755353,498.64785567139023
std,288.27693271416683,234.60383443886397,234.54043009629913,228.1432385151369
min,0.0,6.0,0.0,3.0
max,999.0,999.0,991.0,998.0
