stats,Open,High,Low,Close
count,14782,14782,14782,14782
mean,503.1547151941551,668.2320389663104,333.4430388310107,498.429576511974
std,289.41217450140994,234.1158454378193,236.71410417591065,230.05236476596437
min,0.0,7.0,0.0,1.0
max,999.0,999.0,990.0,997.0
