stats,Open,High,Low,Close
count,17435,17435,17435,17435
mean,498.3072555205047,665.1103527387439,332.64238600516205,499.9803269285919
std,288.70401229091044,237.34564871160782,235.47171021021498,230.07185562398922
min,0.0,6.0,0.0,3.0
max,999.0,999.0,997.0,998.0
