stats,Open,High,Low,Close
count,10048,10048,10048,10048
mean,497.93670382165607,668.5655851910828,332.4543192675159,500.44705414012736
std,288.5782679201588,233.53011369441396,236.34261337734648,228.86451546932219
min,0.0,3.0,0.0,0.0
max,999.0,999.0,991.0,997.0
