stats,Open,High,Low,Close
count,18175,18175,18175,18175
mean,499.40995873452545,662.9748005502063,331.9565887207703,497.1033837689133
std,286.08786048230826,235.6468420367975,233.61919739354863,229.43659070632341
min,0.0,2.0,0.0,2.0
max,999.0,999.0,985.0,996.0
