stats,Open,High,Low,Close
count,16551,16551,16551,16551
mean,500.01250679717236,665.852637302882,332.4080116005075,499.60727448492537
std,288.29783550761135,235.95424432044192,234.45767874762723,229.51926052888237
min,0.0,9.0,0.0,5.0
max,999.0,999.0,995.0,996.0
