stats,Open,High,Low,Close
count,15147,15147,15147,15147
mean,500.2840166369578,666.7384960718294,331.54882154882154,498.46834356638277
std,288.4001586957736,237.129881485751,236.28734024503467,230.55848716170385
min,0.0,4.0,0.0,4.0
max,999.0,999.0,997.0,997.0
