stats,Open,High,Low,Close
count,15903,15903,15903,15903
mean,496.7782808275168,663.7408665031755,332.8023643337735,498.6127774633717
std,288.767746177505,237.43572128070136,234.56202209753155,230.49247766264122
min,0.0,9.0,0.0,1.0
max,999.0,999.0,990.0,996.0
