stats,Open,High,Low,Close
count,17572,17572,17572,17572
mean,498.9800819485545,663.710163897109,331.15632824948784,497.2464147507398
std,288.60962102377414,235.1518627328687,235.48039450286544,229.27070041270548
min,0.0,15.0,0.0,3.0
max,999.0,999.0,997.0,998.0
