stats,Open,High,Low,Close
count,11217,11217,11217,11217
mean,501.5682446286886,665.7347775697602,336.3606133547294,501.05937416421506
std,286.11963576591796,231.57908476435082,235.22264817681926,228.10471011850285
min,0.0,11.0,0.0,4.0
max,999.0,999.0,994.0,998.0
