stats,Open,High,Low,Close
count,18018,18018,18018,18018
mean,497.53646353646354,668.2274947274947,331.0905205905206,500.95915195915194
std,287.97033788028864,232.5050778547322,234.74821252013118,228.56026186273297
min,0.0,5.0,0.0,4.0
max,999.0,999.0,997.0,997.0
