stats,Open,High,Low,Close
count,16819,16819,16819,16819
mean,498.4318925025269,667.1766454604912,333.1240263987157,500.8944051370474
std,288.0161112481347,233.03225349331547,236.2032553503157,228.21029143921788
min,0.0,2.0,0.0,1.0
max,999.0,999.0,985.0,992.0
