stats,Open,High,Low,Close
count,12092,12092,12092,12092
mean,498.7745616936818,665.7228746278531,333.41763149189546,499.2183261660602
std,287.964002119788,235.5452799134271,234.39305335730222,229.99659816662054
min,0.0,11.0,0.0,1.0
max,999.0,999.0,988.0,995.0
