stats,Open,High,Low,Close
count,15532,15532,15532,15532
mean,497.5364408962143,665.6754442441411,328.33060777749165,499.30163533350503
std,289.9343785726982,237.1585017975379,234.13055975036374,230.1720262461228
min,0.0,3.0,0.0,3.0
max,999.0,999.0,997.0,997.0
