stats,Open,High,Low,Close
count,12559,12559,12559,12559
mean,500.90994505932,664.6197149454574,330.4442232661836,497.13217612867265
std,289.67095236224156,236.51333348585936,235.17519174797397,230.93811855830785
min,0.0,9.0,0.0,5.0
max,999.0,999.0,995.0,997.0
