stats,Open,High,Low,Close
count,11555,11555,11555,11555
mean,495.26438771094763,663.8125486802251,331.0707053223713,498.8488100389442
std,288.6601579725232,236.66540063066356,235.75199002167955,230.89483169929815
min,0.0,7.0,0.0,1.0
max,999.0,999.0,997.0,997.0
