stats,Open,High,Low,Close
count,19960,19960,19960,19960
mean,501.89248496993986,665.8810120240481,332.0214929859719,499.9940380761523
std,289.15315532684366,236.23386934196674,235.28976582178697,229.68895183365984
min,0.0,3.0,0.0,2.0
max,999.0,999.0,988.0,997.0
