stats,Open,High,Low,Close
count,18354,18354,18354,18354
mean,502.4760815081181,667.2315026697178,334.24457883840034,499.4828920126403
std,289.8791449990447,236.04084063441576,236.69615605857132,230.10162295378055
min,0.0,6.0,0.0,2.0
max,999.0,999.0,998.0,998.0
