stats,Open,High,Low,Close
count,19066,19066,19066,19066
mean,499.77436273995596,666.9272527011434,331.537553760621,500.72752543795235
std,290.1623342015196,235.58372588394815,236.05132168228167,230.0443546662312
min,0.0,6.0,0.0,3.0
max,999.0,999.0,989.0,999.0
