stats,Open,High,Low,Close
count,18150,18150,18150,18150
mean,497.4776859504132,663.9623140495868,328.71146005509644,495.43719008264463
std,288.60628753367,235.74790398059073,234.01925904709918,229.3248490225878
min,0.0,4.0,0.0,3.0
max,999.0,999.0,994.0,996.0
