stats,Open,High,Low,Close
count,16551,16551,16551,16551
mean,498.3827563289227,668.7714337502266,334.0023563530904,500.23865627454535
std,288.13783084011635,233.4086351374561,234.88369673399202,229.5509794437996
min,0.0,11.0,0.0,0.0
max,999.0,999.0,982.0,995.0
