stats,Open,High,Low,Close
count,17897,17897,17897,17897
mean,501.7491758395262,665.0107280549813,332.36883276526794,498.70173772140583
std,289.4309610923534,236.39938776900868,236.5934100554287,230.85950312969658
min,0.0,3.0,0.0,3.0
max,999.0,999.0,997.0,997.0
