stats,Open,High,Low,Close
count,10606,10606,10606,10606
mean,496.7421270978691,663.6294550254573,333.7186498208561,500.8104846313407
std,286.78049827887514,235.368782784191,234.76198113017531,229.49274795696346
min,0.0,7.0,0.0,3.0
max,999.0,999.0,988.0,995.0
