stats,Open,High,Low,Close
count,19290,19290,19290,19290
mean,497.23939865215135,663.154898911353,330.0632970451011,496.20274753758423
std,288.61834045867215,237.15908391437753,234.79893875623617,229.48175231682015
min,0.0,11.0,0.0,2.0
max,999.0,999.0,980.0,996.0
