stats,Open,High,Low,Close
count,16719,16719,16719,16719
mean,497.61211794963816,665.9708714636042,330.0921705843651,497.5807165500329
std,288.204026355994,236.07840681696266,235.85374377667128,231.000014866291
min,0.0,10.0,0.0,2.0
max,999.0,999.0,997.0,997.0
