stats,Open,High,Low,Close
count,16592,16592,16592,16592
mean,499.0975771456123,665.2914657666345,330.46630906460945,496.6601976856316
std,287.73735619567935,235.8687595974854,232.67115062698048,230.00297411742352
min,0.0,4.0,0.0,2.0
max,999.0,999.0,992.0,998.0
