stats,Open,High,Low,Close
count,19299,19299,19299,19299
mean,500.6963573242137,666.6391522876833,333.7514378983367,499.2291310430592
std,287.7287772209391,235.53893798632944,234.6466410420708,228.99754060377086
min,0.0,3.0,0.0,2.0
max,999.0,999.0,997.0,997.0
