stats,Open,High,Low,Close
count,16737,16737,16737,16737
mean,501.2995160423015,670.2129413873454,335.2361235585828,503.3263428332437
std,289.6289443441262,234.47415296877867,237.79012580766775,228.20887441775028
min,0.0,10.0,0.0,4.0
max,999.0,999.0,996.0,998.0
