stats,Open,High,Low,Close
count,18588,18588,18588,18588
mean,501.3910049494297,666.6483752958899,333.4677211103938,499.9233376371853
std,288.7669606641442,235.83269488427186,235.8295185606272,230.06078969054852
min,0.0,1.0,0.0,1.0
max,999.0,999.0,990.0,997.0
