stats,Open,High,Low,Close
count,19778,19778,19778,19778
mean,494.68156537566995,665.053594903428,330.17858226312063,496.50409545960156
std,289.0624442099198,235.28650418134126,235.38055038896704,230.01006704801654
min,0.0,12.0,0.0,7.0
max,999.0,999.0,988.0,998.0
