stats,Open,High,Low,Close
count,14781,14781,14781,14781
mean,493.9416142344902,662.7751167038766,328.024693863744,496.43467965631555
std,289.60633826734534,234.7700591696889,235.28359733812647,229.516227442017
min,0.0,3.0,0.0,0.0
max,999.0,999.0,990.0,994.0
