stats,Open,High,Low,Close
count,18660,18660,18660,18660
mean,502.2707931404073,667.5340300107181,336.11811361200427,501.1639335476956
std,287.4695951535558,234.1487843611424,234.7143344222932,227.83614635076907
min,0.0,0.0,0.0,0.0
max,999.0,999.0,992.0,998.0
