stats,Open,High,Low,Close
count,14824,14824,14824,14824
mean,499.7051403130059,667.3966540744739,332.6985968699406,501.71188613059905
std,290.17119152638884,237.297578096222,235.25612094668355,230.8640587410871
min,0.0,7.0,0.0,2.0
max,999.0,999.0,988.0,996.0
