stats,Open,High,Low,Close
count,19468,19468,19468,19468
mean,502.17623792890896,666.3790322580645,332.9457571399219,500.52850832134783
std,289.44344650358715,236.7375778113437,236.08422321710424,231.19734273941438
min,0.0,4.0,0.0,4.0
max,999.0,999.0,993.0,996.0
