stats,Open,High,Low,Close
count,14721,14721,14721,14721
mean,499.59826098770463,664.7647578289518,332.55315535629376,498.86101487670675
std,289.9490125852287,236.6762786883686,235.91677826595372,230.8048582330912
min,0.0,6.0,0.0,3.0
max,999.0,999.0,995.0,998.0
