stats,Open,High,Low,Close
count,10455,10455,10455,10455
mean,501.2672405547585,668.0794835007174,334.61396461023435,499.41912960306075
std,288.41189770979935,235.44807161642842,235.79068873945795,229.44602964906971
min,0.0,3.0,0.0,1.0
max,999.0,999.0,993.0,993.0
