stats,Open,High,Low,Close
count,19157,19157,19157,19157
mean,497.54622331262726,666.4342015973274,330.4904212559378,498.0537140470846
std,289.6972161539681,236.1438492435406,235.36506450199846,230.566361900295
min,0.0,5.0,0.0,1.0
max,999.0,999.0,994.0,998.0
