stats,Open,High,Low,Close
count,15808,15808,15808,15808
mean,500.42282388663966,666.5918522267207,331.0982413967611,497.5376391700405
std,289.3465647705441,234.19369428882777,236.25864867801909,229.61116782838823
min,0.0,4.0,0.0,2.0
max,999.0,999.0,988.0,995.0
