stats,Open,High,Low,Close
count,18619,18619,18619,18619
mean,498.1183737042806,663.6349965089424,329.7299532735378,496.71706321499545
std,288.6164576294733,236.76544965878307,234.09440045289406,229.3030559661188
min,0.0,9.0,0.0,3.0
max,999.0,999.0,995.0,998.0
