stats,Open,High,Low,Close
count,12091,12091,12091,12091
mean,498.5746422959226,665.8240840294434,331.62972458853693,498.4075758828881
std,288.5213458817054,235.2648770030492,235.77296022645186,229.57657241681017
min,0.0,13.0,0.0,5.0
max,999.0,999.0,994.0,995.0
