stats,Open,High,Low,Close
count,19569,19569,19569,19569
mean,500.6469415912924,668.5386069804282,332.65225611937245,501.60922888241606
std,288.9861727835264,235.67988811699374,234.55483537845035,230.01323893308412
min,0.0,6.0,0.0,3.0
max,999.0,999.0,991.0,996.0
