stats,Open,High,Low,Close
count,16178,16178,16178,16178
mean,497.92248732847077,664.6693658054147,331.35616269007295,498.09568549882556
std,288.46415345899777,236.3236379796604,235.56088059301936,228.36286949851572
min,0.0,9.0,0.0,2.0
max,999.0,999.0,995.0,996.0
