stats,Open,High,Low,Close
count,18278,18278,18278,18278
mean,499.0266987635409,665.0698107013897,332.13393150235254,496.58753692964217
std,288.4422219634765,235.49442608117178,235.29639315559774,229.6090012456477
min,0.0,3.0,0.0,2.0
max,999.0,999.0,995.0,998.0
