stats,Open,High,Low,Close
count,16699,16699,16699,16699
mean,501.78579555662014,667.1777950775496,335.2521109048446,499.86729744296065
std,287.72911941730916,234.68427772730192,237.43987779881303,229.85439859204337
min,0.0,5.0,0.0,1.0
max,999.0,999.0,996.0,998.0
