stats,Open,High,Low,Close
count,19368,19368,19368,19368
mean,502.82016728624535,669.8478934324659,333.4051011978521,501.2045642296572
std,289.5773542202078,235.62084067290803,235.0945867895519,230.07017698614783
min,0.0,4.0,0.0,4.0
max,999.0,999.0,994.0,999.0
