stats,Open,High,Low,Close
count,15378,15378,15378,15378
mean,497.5744570165171,668.8192872935363,331.24378982962673,498.5728313174665
std,289.4060294062928,235.73282642614745,236.00817917625477,229.7751208473832
min,0.0,1.0,0.0,1.0
max,999.0,999.0,998.0,998.0
