stats,Open,High,Low,Close
count,12508,12508,12508,12508
mean,495.1915574032619,664.0801087304126,329.2929325231852,495.70762711864404
std,287.91557892748193,236.69924039054112,234.8937290346687,230.0140907716222
min,0.0,2.0,0.0,2.0
max,999.0,999.0,994.0,996.0
