stats,Open,High,Low,Close
count,12013,12013,12013,12013
mean,502.7782402397403,666.7855656372263,333.0599350703405,501.07633397153086
std,288.7562975993133,235.44272839992377,236.73238796944378,230.0958618587071
min,0.0,12.0,0.0,3.0
max,999.0,999.0,991.0,995.0
