stats,Open,High,Low,Close
count,14024,14024,14024,14024
mean,494.35802909298343,662.8978180262408,332.4532943525385,497.78971762692527
std,288.0237550490843,238.33701384105473,234.1339289174327,230.07857406634912
min,0.0,8.0,0.0,0.0
max,999.0,999.0,991.0,997.0
