stats,Open,High,Low,Close
count,19774,19774,19774,19774
mean,502.6845858197633,668.3527864873066,333.2665621523212,501.6130777789016
std,288.9778682752243,236.42067848534128,236.57281737115238,229.8261928691884
min,0.0,5.0,0.0,3.0
max,999.0,999.0,994.0,999.0
