stats,Open,High,Low,Close
count,14773,14773,14773,14773
mean,500.9915386177486,667.0195627157652,335.07500169227643,499.295403777161
std,287.71901063041156,234.5360462906248,235.21994174026014,229.50407849452498
min,0.0,6.0,0.0,3.0
max,999.0,999.0,993.0,995.0
