stats,Open,High,Low,Close
count,17846,17846,17846,17846
mean,498.3130113190631,667.7857783256752,330.7979379132579,500.41482685195564
std,288.1878669423385,234.23700307117062,235.66014791645554,229.9643821065509
min,0.0,2.0,0.0,1.0
max,999.0,999.0,989.0,997.0
