stats,Open,High,Low,Close
count,14948,14948,14948,14948
mean,501.91202836499866,668.5798100080278,332.6090446882526,500.17072518062616
std,290.2339283146132,237.09550319104656,237.22119124235132,230.9674013296564
min,0.0,9.0,0.0,3.0
max,999.0,999.0,996.0,997.0
