stats,Open,High,Low,Close
count,11645,11645,11645,11645
mean,504.77372262773724,666.6670674109059,334.6873336195792,503.0613138686131
std,289.533147890127,236.25057407980208,237.14491012375692,231.1043506845994
min,0.0,4.0,0.0,3.0
max,999.0,999.0,990.0,999.0
