stats,Open,High,Low,Close
count,19817,19817,19817,19817
mean,496.76479790079225,666.2099207750921,332.81394762072966,499.953524751476
std,289.0081711433733,236.36750289237244,236.60845806005946,230.32174273708418
min,0.0,1.0,0.0,0.0
max,999.0,999.0,994.0,998.0
