stats,Open,High,Low,Close
count,15199,15199,15199,15199
mean,499.39186788604513,667.2877820909271,330.3012040265807,499.0397394565432
std,288.3692711780093,235.09223609268264,233.94739932009355,229.2234621023603
min,0.0,7.0,0.0,4.0
max,999.0,999.0,983.0,994.0
