stats,Open,High,Low,Close
count,19486,19486,19486,19486
mean,499.67458688289025,666.110232987786,332.15380273016524,499.59735194498614
std,289.3245229441771,235.83632272668794,235.50194223437276,230.0134173796511
min,0.0,4.0,0.0,4.0
max,999.0,999.0,996.0,999.0
