stats,Open,High,Low,Close
count,16367,16367,16367,16367
mean,500.96517382538036,665.652349239323,334.18347895154886,498.6329809983503
std,288.65074058394606,236.90535710706948,235.22205519872048,229.8854783343643
min,0.0,7.0,0.0,4.0
max,999.0,999.0,991.0,999.0
