stats,Open,High,Low,Close
count,18708,18708,18708,18708
mean,502.1082424631174,666.9380478939491,336.41474235621126,501.6155655334616
std,288.7714040813195,234.98548185450053,235.97199796795445,228.67232259113447
min,0.0,11.0,0.0,1.0
max,999.0,999.0,995.0,998.0
