stats,Open,High,Low,Close
count,13075,13075,13075,13075
mean,496.45460803059274,666.1353728489484,331.1252007648184,499.7031739961759
std,287.6118233768261,236.62302227939907,235.0451764527727,229.56454928156964
min,0.0,9.0,0.0,2.0
max,999.0,999.0,998.0,998.0
