stats,Open,High,Low,Close
count,11673,11673,11673,11673
mean,500.9320654501842,663.3413004369057,333.8582198235244,496.313544076073
std,288.0902168128859,235.08342369220148,236.1834829630459,230.3553997954717
min,0.0,15.0,0.0,5.0
max,999.0,999.0,992.0,995.0
