stats,Open,High,Low,Close
count,13880,13880,13880,13880
mean,495.35,664.0719020172911,334.43465417867435,498.6827809798271
std,286.6662474185461,236.29533670291897,234.19507375144698,228.7901167484525
min,0.0,5.0,0.0,4.0
max,999.0,999.0,993.0,998.0
