stats,Open,High,Low,Close
count,19653,19653,19653,19653
mean,495.2480537322546,664.0273240726607,331.1648603266677,496.50038162112656
std,287.3906623778964,236.17877102549923,235.47209875980877,229.21842967417987
min,0.0,7.0,0.0,4.0
max,999.0,999.0,997.0,997.0
