stats,Open,High,Low,Close
count,16512,16512,16512,16512
mean,501.04614825581393,666.1662427325581,332.5426962209302,496.41630329457365
std,287.49676388727573,235.62459744565783,234.36111083257464,229.08123582171845
min,0.0,5.0,0.0,1.0
max,999.0,999.0,995.0,997.0
