stats,Open,High,Low,Close
count,14920,14920,14920,14920
mean,503.86394101876675,668.655563002681,333.3665549597855,501.99383378016086
std,288.3752517062683,234.4259434302549,236.58129848392517,230.6926954676304
min,0.0,13.0,0.0,2.0
max,999.0,999.0,993.0,998.0
