stats,Open,High,Low,Close
count,15041,15041,15041,15041
mean,499.9732065687122,669.5050860979989,335.0146266870554,502.63300312479225
std,287.5410928313353,234.64061953655178,236.1486730783898,230.2847725633442
min,0.0,10.0,0.0,1.0
max,999.0,999.0,993.0,998.0
