stats,Open,High,Low,Close
count,17276,17276,17276,17276
mean,500.42585089141005,667.020432970595,336.233271590646,503.18366520027786
std,287.3457347671205,234.68216222581705,234.08302829132433,228.2289583671536
min,0.0,6.0,0.0,0.0
max,999.0,999.0,989.0,996.0
