stats,Open,High,Low,Close
count,10943,10943,10943,10943
mean,503.01745408023396,669.1311340583021,335.57616741295806,503.29553138992964
std,288.42366025097044,234.62522311731536,236.95294946842483,229.1674329485064
min,0.0,16.0,0.0,7.0
max,999.0,999.0,986.0,993.0
