stats,Open,High,Low,Close
count,14349,14349,14349,14349
mean,500.9374869328873,667.4063697818664,335.36803958464003,500.7948289079378
std,287.4252357819819,233.7300660147419,237.48873396062578,229.68717468358494
min,0.0,4.0,0.0,0.0
max,999.0,999.0,989.0,999.0
