stats,Open,High,Low,Close
count,10260,10260,10260,10260
mean,503.13703703703703,671.89522417154,331.45604288499027,501.5531189083821
std,289.4826668043299,233.3072513909754,237.07537395210392,228.8695269398103
min,0.0,13.0,0.0,1.0
max,999.0,999.0,996.0,996.0
