stats,Open,High,Low,Close
count,10564,10564,10564,10564
mean,495.7752745172283,661.9358197652405,327.5482771677395,496.07118515713745
std,289.23641559949334,238.14041207545415,233.3928043344204,230.48901302312416
min,0.0,5.0,0.0,2.0
max,999.0,999.0,985.0,998.0
