stats,Open,High,Low,Close
count,12139,12139,12139,12139
mean,501.68811269462066,668.4301837054123,332.4431172254716,500.77782354394924
std,286.5780142411285,232.6264885502278,235.14869551521699,230.04259597360524
min,0.0,7.0,0.0,2.0
max,999.0,999.0,997.0,998.0
