stats,Open,High,Low,Close
count,10395,10395,10395,10395
mean,496.9020683020683,665.569696969697,330.18220298220297,498.3978835978836
std,288.5097171151768,235.89997494122457,237.23230458155288,230.8271900860736
min,0.0,8.0,0.0,2.0
max,999.0,999.0,991.0,995.0
