stats,Open,High,Low,Close
count,13969,13969,13969,13969
mean,499.69188918319134,665.0161070942802,333.0774572267163,499.3510630682225
std,287.2359081253566,234.4803446530883,235.80574896528793,230.12846722030218
min,0.0,6.0,0.0,2.0
max,999.0,999.0,983.0,995.0
