stats,Open,High,Low,Close
count,12133,12133,12133,12133
mean,501.90678315338334,665.6157586746889,334.738976345504,500.6870518420836
std,287.54742689590074,236.41445803210163,236.62782735631026,230.30199370243628
min,0.0,10.0,0.0,0.0
max,999.0,999.0,994.0,996.0
