stats,Open,High,Low,Close
count,19809,19809,19809,19809
mean,493.6724216265334,666.3299005502549,329.1658841940532,498.8921197435509
std,288.6729160675065,236.67428790028106,234.74718304749646,229.41642668428943
min,0.0,3.0,0.0,1.0
max,999.0,999.0,994.0,998.0
