stats,Open,High,Low,Close
count,17944,17944,17944,17944
mean,499.25206197057514,667.175100312082,332.84529647793136,498.873439589835
std,289.0450624872018,235.9888058402452,236.43918967989742,230.43908370100223
min,0.0,6.0,0.0,3.0
max,999.0,999.0,994.0,998.0
