stats,Open,High,Low,Close
count,13030,13030,13030,13030
mean,497.57766692248657,667.3048349961628,332.7978511128166,498.66300844205676
std,287.56070333277734,234.8104176630656,235.23689924701907,229.9515580120393
min,0.0,3.0,0.0,3.0
max,999.0,999.0,992.0,994.0
