stats,Open,High,Low,Close
count,19777,19777,19777,19777
mean,497.83116751782376,664.4981038580169,332.3570308944734,499.166658239369
std,289.4756283782402,237.3498544066919,235.7355973223085,230.18970985467516
min,0.0,7.0,0.0,2.0
max,999.0,999.0,995.0,998.0
