stats,Open,High,Low,Close
count,18215,18215,18215,18215
mean,496.9346692286577,663.5576173483392,333.3519626681307,497.55185286851497
std,288.1636354349868,236.42979890924275,237.47184451850575,230.42847842774583
min,0.0,2.0,0.0,1.0
max,999.0,999.0,990.0,996.0
