stats,Open,High,Low,Close
count,11198,11198,11198,11198
mean,501.9139131987855,665.8690837649581,335.49267726379713,498.81827111984285
std,287.36500199246296,236.28643254824544,235.646056105566,230.30082202174836
min,0.0,11.0,0.0,2.0
max,999.0,999.0,991.0,998.0
