stats,Open,High,Low,Close
count,18625,18625,18625,18625
mean,497.0660939597315,666.6670067114094,332.46926174496645,499.5581744966443
std,290.4103092985916,236.31696476985806,236.80991857400534,230.79739412706277
min,0.0,5.0,0.0,1.0
max,999.0,999.0,993.0,998.0
