stats,Open,High,Low,Close
count,12022,12022,12022,12022
mean,500.56812510397606,663.6916486441523,334.8241557145234,498.234985859258
std,288.4971047712681,238.25923612840873,236.09695519846792,229.63791574013763
min,0.0,12.0,0.0,3.0
max,999.0,999.0,985.0,996.0
