stats,Open,High,Low,Close
count,10880,10880,10880,10880
mean,494.85625,665.3121323529411,331.94742647058825,497.55863970588234
std,288.53243014954774,237.95943037523597,236.60194187218212,230.66126193591825
min,0.0,4.0,0.0,2.0
max,999.0,999.0,985.0,996.0
