stats,Open,High,Low,Close
count,18351,18351,18351,18351
mean,499.0427769603836,667.6149528636041,331.70759086698274,500.1495286360416
std,288.69035686741154,236.77344616667352,235.67586604972632,230.9106556278323
min,0.0,2.0,0.0,2.0
max,999.0,999.0,997.0,997.0
