stats,Open,High,Low,Close
count,17699,17699,17699,17699
mean,496.49754223402454,664.2423300751454,330.9068873947681,498.68003842024973
std,288.54110993683014,235.39830248272256,235.86628338113104,230.41286197222473
min,0.0,1.0,0.0,1.0
max,999.0,999.0,994.0,998.0
