stats,Open,High,Low,Close
count,14571,14571,14571,14571
mean,502.5108777709148,663.5129366549996,333.887104522682,498.7681696520486
std,287.65091578117915,236.29032435929983,235.6292792939789,230.06551614952022
min,0.0,7.0,0.0,4.0
max,999.0,999.0,993.0,999.0
