stats,Open,High,Low,Close
count,12171,12171,12171,12171
mean,496.98143127105413,666.0817517048722,333.1680223482048,500.2412291512612
std,288.7302041652845,234.6931887019605,236.24604380253592,229.54891812765158
min,0.0,6.0,0.0,1.0
max,999.0,999.0,994.0,994.0
