stats,Open,High,Low,Close
count,12976,12976,12976,12976
mean,501.29007398273734,666.4650893958077,336.1229963008631,500.56411837237977
std,289.038714551457,235.70868996882672,236.0844115553049,230.06729293763985
min,0.0,5.0,0.0,1.0
max,999.0,999.0,992.0,995.0
