stats,Open,High,Low,Close
count,16779,16779,16779,16779
mean,496.0626974193933,666.3920972644377,330.44066988497525,499.45169557184573
std,287.89324384212523,234.37522619906872,234.51599450781526,228.0707133849624
min,0.0,3.0,0.0,3.0
max,999.0,999.0,993.0,995.0
