stats,Open,High,Low,Close
count,12554,12554,12554,12554
mean,498.1736498327226,664.3238808347937,334.37438266687906,498.2916998566194
std,288.61438073977695,237.2353009038564,235.97158324378657,231.0235096449994
min,0.0,6.0,0.0,3.0
max,999.0,999.0,993.0,999.0
