stats,Open,High,Low,Close
count,16764,16764,16764,16764
mean,502.2762467191601,668.4462538773562,335.4001431639227,501.1985206394655
std,288.5440718910358,232.85738627781495,236.84289302580618,230.43756588836294
min,0.0,8.0,0.0,1.0
max,999.0,999.0,987.0,996.0
