stats,Open,High,Low,Close
count,19132,19132,19132,19132
mean,499.231026552373,665.785072130462,333.31282667781727,499.4078507213046
std,289.86638830769493,236.67578989755674,236.4166867178138,230.91009932673717
min,0.0,2.0,0.0,2.0
max,999.0,999.0,993.0,997.0
