stats,Open,High,Low,Close
count,12579,12579,12579,12579
mean,497.2385722235472,666.5262739486445,331.97797917163524,499.3920025439224
std,289.92059119795033,236.48852284949072,235.57440227286907,230.85546351305047
min,0.0,6.0,0.0,1.0
max,999.0,999.0,991.0,996.0
