stats,Open,High,Low,Close
count,13042,13042,13042,13042
mean,497.43060880233094,663.8659714767674,331.6342585493023,497.9656494402699
std,288.2242899079108,237.51551807501508,234.62578221637156,231.22355034954995
min,0.0,4.0,0.0,2.0
max,999.0,999.0,990.0,996.0
