stats,Open,High,Low,Close
count,11507,11507,11507,11507
mean,495.5304597201703,664.6126705483618,331.0793430086035,498.4185278526115
std,288.1601738102776,235.42620327905374,235.2862066515717,229.85495777539433
min,0.0,1.0,0.0,1.0
max,999.0,999.0,985.0,995.0
