stats,Open,High,Low,Close
count,17218,17218,17218,17218
mean,498.33842490417004,665.8887211058195,330.7063538157742,497.56516436287603
std,289.2501579748705,235.0170814306669,235.23773845832423,229.81611263895854
min,0.0,3.0,0.0,3.0
max,999.0,999.0,996.0,997.0
