stats,Open,High,Low,Close
count,10099,10099,10099,10099
mean,500.15338152292304,668.2147737399742,330.8245370828795,500.38786018417665
std,289.34086679325867,235.12688979230467,234.73049933119398,229.13228548915063
min,0.0,9.0,0.0,4.0
max,999.0,999.0,988.0,996.0
