stats,Open,High,Low,Close
count,11900,11900,11900,11900
mean,504.29126050420166,668.1157142857143,335.43882352941176,501.8218487394958
std,288.74381676712073,235.7361605941422,235.89805773566675,229.4302666923099
min,0.0,4.0,0.0,2.0
max,999.0,999.0,989.0,996.0
