stats,Open,High,Low,Close
count,17862,17862,17862,17862
mean,498.6021722091591,666.3764416078826,330.554025305117,499.0225618631732
std,289.2093642706304,234.95817853079555,234.6245017354338,230.2820319237937
min,0.0,6.0,0.0,4.0
max,999.0,999.0,995.0,998.0
