stats,Open,High,Low,Close
count,17204,17204,17204,17204
mean,501.1284003720065,668.2768542199489,330.4214136247384,498.6216577540107
std,289.4244016960787,234.66327283068892,234.7236835595015,229.23286312831777
min,0.0,13.0,0.0,3.0
max,999.0,999.0,990.0,998.0
