stats,Open,High,Low,Close
count,16376,16376,16376,16376
mean,501.1718368343918,669.2815095261358,332.6284807034685,499.82743038593065
std,288.690311838982,235.2141534196472,234.96052326231535,229.1424901962306
min,0.0,6.0,0.0,4.0
max,999.0,999.0,996.0,997.0
