stats,Open,High,Low,Close
count,17219,17219,17219,17219
mean,499.55537487658984,666.5881293919507,333.7366862187119,498.8329171264301
std,289.81615149913154,236.89688814901075,236.45435227919435,230.18358366181354
min,0.0,4.0,0.0,2.0
max,999.0,999.0,993.0,998.0
