stats,Open,High,Low,Close
count,19279,19279,19279,19279
mean,495.22807199543547,660.9842834171897,328.9049743243944,494.9751024430728
std,288.71407410649175,237.99336024039022,233.2123006437279,228.90530046966762
min,0.0,3.0,0.0,3.0
max,999.0,999.0,984.0,998.0
