stats,Open,High,Low,Close
count,14722,14722,14722,14722
mean,499.4255535932618,666.3249558483901,332.40062491509303,499.83813340578723
std,290.3295229687427,236.11555566878081,234.78846681671283,229.16539091310972
min,0.0,12.0,0.0,5.0
max,999.0,999.0,996.0,996.0
