stats,Open,High,Low,Close
count,13541,13541,13541,13541
mean,504.2860940846319,668.9945351155749,334.11129163281885,501.3583930285799
std,288.544345151692,235.4605565220341,235.61997876489463,229.38604359347556
min,0.0,15.0,0.0,6.0
max,999.0,999.0,987.0,998.0
