stats,Open,High,Low,Close
count,18157,18157,18157,18157
mean,498.39879936112794,665.142809935562,329.63231811422594,497.3772649666795
std,289.56270401370705,235.72734312799696,237.20790033111476,231.05378437548524
min,0.0,8.0,0.0,3.0
max,999.0,999.0,993.0,998.0
