stats,Open,High,Low,Close
count,15624,15624,15624,15624
mean,496.45526113671275,665.7415514592934,331.13300051203277,498.21050947260625
std,286.33241182683173,234.72574808754644,233.6649055311256,228.49928636836796
min,0.0,8.0,0.0,4.0
max,999.0,999.0,998.0,998.0
