stats,Open,High,Low,Close
count,17365,17365,17365,17365
mean,497.0986467031385,664.9408580477973,331.7402821767924,496.6909876187734
std,288.81881676242085,235.94802261714747,233.83751802237958,230.57025320536505
min,0.0,12.0,0.0,5.0
max,999.0,999.0,989.0,995.0
