stats,Open,High,Low,Close
count,10354,10354,10354,10354
mean,496.81852424183893,662.6019895692486,335.34073787908056,500.21585860536993
std,286.72491563167785,235.76363323508426,235.5291503615306,228.503558028498
min,0.0,6.0,0.0,5.0
max,999.0,999.0,995.0,995.0
