stats,Open,High,Low,Close
count,12745,12745,12745,12745
mean,496.4247940368772,667.152373479796,330.9769321302472,499.6035307963907
std,287.9421123911599,235.57627650841738,234.5682687288458,229.5156219494813
min,0.0,16.0,0.0,2.0
max,999.0,999.0,989.0,994.0
