stats,Open,High,Low,Close
count,17321,17321,17321,17321
mean,496.0738987356388,664.020668552624,330.25177530165695,498.71843427053864
std,289.43294658068083,235.14205826169942,234.57267631567365,229.3956453671064
min,0.0,2.0,0.0,2.0
max,999.0,999.0,992.0,997.0
