stats,Open,High,Low,Close
count,13567,13567,13567,13567
mean,497.5106508439596,664.7818972506818,329.556423675094,496.42382251050344
std,288.90047883894437,237.52800429788988,234.12925537687184,230.2818957552814
min,0.0,1.0,0.0,1.0
max,999.0,999.0,984.0,996.0
