stats,Open,High,Low,Close
count,10978,10978,10978,10978
mean,500.3961559482602,667.2638003279286,333.9897977773729,501.39305884496264
std,288.39204652462087,235.5468665081044,237.02448373587214,230.64131647903972
min,0.0,5.0,0.0,2.0
max,999.0,999.0,992.0,992.0
