stats,Open,High,Low,Close
count,13032,13032,13032,13032
mean,498.53583486801716,667.5693677102516,334.9531921424187,503.81944444444446
std,289.81325444408265,235.24573829420805,237.7007214682141,229.1104939980721
min,0.0,8.0,0.0,8.0
max,999.0,999.0,996.0,997.0
