stats,Open,High,Low,Close
count,17053,17053,17053,17053
mean,497.80859672784845,665.3450419281065,331.5295255966692,499.3212924412127
std,288.2663948209136,236.60850060313672,234.98483742638797,229.85702353633653
min,0.0,6.0,0.0,2.0
max,999.0,999.0,991.0,994.0
