stats,Open,High,Low,Close
count,18988,18988,18988,18988
mean,500.90609858858227,668.1540446597851,334.367863914051,502.69280598272593
std,288.37170427396194,235.13212667957404,235.83945439059067,228.64497047308177
min,0.0,12.0,0.0,2.0
max,999.0,999.0,991.0,997.0
