stats,Open,High,Low,Close
count,10701,10701,10701,10701
mean,496.97990841977384,663.0476590972806,331.1906363891225,499.1909167367536
std,289.1808470603991,235.86789818020932,234.50046192923577,229.90840617436362
min,0.0,18.0,0.0,8.0
max,999.0,999.0,989.0,997.0
