stats,Open,High,Low,Close
count,14664,14664,14664,14664
mean,495.21794871794873,666.7069694489908,332.10754228041463,499.686715766503
std,288.03483655491175,234.76573110117508,235.51000194880018,229.47430809627022
min,0.0,7.0,0.0,3.0
max,999.0,999.0,987.0,993.0
