stats,Open,High,Low,Close
count,14051,14051,14051,14051
mean,499.00149455554765,665.8117571703082,333.3311508077717,499.0677531848267
std,288.1114284943981,234.7506645923025,234.50150811119843,228.96940595008874
min,0.0,14.0,0.0,2.0
max,999.0,999.0,988.0,999.0
