stats,Open,High,Low,Close
count,13844,13844,13844,13844
mean,500.0610372724646,664.2258017913898,331.2534672060098,496.40508523548107
std,288.7143383773638,236.76162921923833,233.59626871631775,229.5107665416482
min,0.0,2.0,0.0,1.0
max,999.0,999.0,993.0,995.0
