stats,Open,High,Low,Close
count,13956,13956,13956,13956
mean,496.91358555460016,665.7608197191172,331.0420607623961,498.7628260246489
std,288.86346854524794,234.44496941591515,236.63710351726624,229.17769676222431
min,0.0,4.0,0.0,1.0
max,999.0,999.0,996.0,998.0
