stats,Open,High,Low,Close
count,15218,15218,15218,15218
mean,501.9105007228282,667.6900381127612,332.34071494283086,499.7692863714023
std,286.40073147730067,234.79886861192045,233.79097651550464,228.36657267150767
min,0.0,3.0,0.0,3.0
max,999.0,999.0,986.0,999.0
