stats,Open,High,Low,Close
count,14829,14829,14829,14829
mean,495.75487220985906,660.7532537595253,331.8504956504147,493.33893047407105
std,287.7025081656059,236.19485826461988,235.81058532630044,228.19600259701465
min,0.0,5.0,0.0,2.0
max,999.0,999.0,995.0,999.0
