stats,Open,High,Low,Close
count,14762,14762,14762,14762
mean,502.225782414307,668.5736350088064,335.47825497900016,500.48936458474464
std,288.31003615996207,234.8101846328492,237.07797385660126,229.5827148129273
min,0.0,10.0,0.0,2.0
max,999.0,999.0,997.0,997.0
