stats,Open,High,Low,Close
count,15712,15712,15712,15712
mean,497.77297606924645,664.1573956211813,332.2340885947047,497.9126782077393
std,289.89166834847987,237.49621797478818,235.39756949229192,230.50085304824228
min,0.0,4.0,0.0,4.0
max,999.0,999.0,987.0,996.0
