stats,Open,High,Low,Close
count,18370,18370,18370,18370
mean,497.0041916167665,664.6516603157322,333.40952640174197,498.2720195971693
std,288.52506963521404,236.15547449058263,236.2535661458355,230.1705273245661
min,0.0,5.0,0.0,0.0
max,999.0,999.0,988.0,997.0
