stats,Open,High,Low,Close
count,16754,16754,16754,16754
mean,503.0528232063985,667.9304046794796,335.18592574907484,502.96012892443594
std,288.06329267929243,234.47679409742366,235.19500702479039,228.3951266391384
min,0.0,3.0,0.0,2.0
max,999.0,999.0,994.0,995.0
