stats,Open,High,Low,Close
count,13786,13786,13786,13786
mean,500.4136080081242,666.2574350790658,333.51878717539535,497.9701871463804
std,289.02637702535856,235.65220208076394,234.6506462005988,228.46285047607674
min,0.0,7.0,0.0,1.0
max,999.0,999.0,985.0,997.0
