stats,Open,High,Low,Close
count,10888,10888,10888,10888
mean,498.2650624540779,666.0895481263776,332.46170095518,499.97648787656135
std,290.48384316904304,236.0923463468131,235.27559203951324,230.1891295468199
min,0.0,9.0,0.0,3.0
max,999.0,999.0,994.0,996.0
