stats,Open,High,Low,Close
count,11241,11241,11241,11241
mean,502.9534738902233,669.351392224891,334.29410194822526,500.7187082999733
std,289.0883733459576,236.3772897969177,237.6749907305538,230.42322282111843
min,0.0,1.0,0.0,0.0
max,999.0,999.0,994.0,997.0
