stats,Open,High,Low,Close
count,13159,13159,13159,13159
mean,497.3760164146212,666.4026901740253,332.4422828482407,499.2302606581047
std,288.04411261557294,233.97222595637768,236.48328153742904,230.46055422791846
min,0.0,3.0,0.0,0.0
max,999.0,999.0,990.0,995.0
