stats,Open,High,Low,Close
count,10854,10854,10854,10854
mean,504.30173208033904,666.4627786990972,335.1838953381242,502.8808734107242
std,289.7840938481615,235.8098014471527,237.65202100372784,228.7634962416197
min,0.0,1.0,0.0,1.0
max,999.0,999.0,998.0,998.0
