stats,Open,High,Low,Close
count,16466,16466,16466,16466
mean,499.1529211708976,664.3080893963319,332.89554232964895,499.13889226284465
std,289.5304326333618,237.5821839761522,234.80950796516274,229.79736586048236
min,0.0,4.0,0.0,1.0
max,999.0,999.0,995.0,996.0
