stats,Open,High,Low,Close
count,13857,13857,13857,13857
mean,497.00967020278557,664.2429097207188,331.6992855596449,498.43746842750954
std,287.622327713883,235.32640965162335,235.5768970971877,228.8405296804346
min,0.0,10.0,0.0,1.0
max,999.0,999.0,995.0,995.0
