stats,Open,High,Low,Close
count,13396,13396,13396,13396
mean,496.23805613616,661.3538369662585,330.2310391161541,495.5921916990146
std,288.20509523544223,237.79292323811086,234.39162010194747,229.1527734730449
min,0.0,5.0,0.0,2.0
max,999.0,999.0,984.0,997.0
