stats,Open,High,Low,Close
count,15677,15677,15677,15677
mean,503.9099317471455,668.9795879313644,336.81086942654844,503.95407284556995
std,289.7849504036665,235.18088507145808,238.4049732010478,231.61034918309335
min,0.0,6.0,0.0,5.0
max,999.0,999.0,990.0,998.0
