stats,Open,High,Low,Close
count,15065,15065,15065,15065
mean,503.00199137072684,668.3890474610023,332.8535678725523,502.3117158977763
std,288.45064147337337,235.76195340184879,235.52553706406306,230.81175359786357
min,0.0,7.0,0.0,0.0
max,999.0,999.0,994.0,997.0
