stats,Open,High,Low,Close
count,13272,13272,13272,13272
mean,501.2937010247137,668.6371308016878,335.2833031946956,503.16063893911996
std,290.1315694092684,236.1024380869152,237.13870897769127,231.11388800867454
min,0.0,6.0,0.0,3.0
max,999.0,999.0,987.0,997.0
