stats,Open,High,Low,Close
count,14042,14042,14042,14042
mean,498.6436405070503,667.7805868109956,332.44587665574704,501.1932773109244
std,286.878874855217,233.98229248429988,235.06387450121835,228.90666667900825
min,0.0,2.0,0.0,1.0
max,999.0,999.0,989.0,994.0
