stats,Open,High,Low,Close
count,12119,12119,12119,12119
mean,501.94479742553017,666.8277910718706,334.569848997442,500.3940919217757
std,286.1651259198851,234.8888258060112,233.45806224693268,228.83406007862914
min,0.0,8.0,0.0,1.0
max,999.0,999.0,994.0,995.0
