stats,Open,High,Low,Close
count,10081,10081,10081,10081
mean,502.58605297093544,665.7024104751513,335.48893958932643,500.13768475349667
std,288.23402356622523,235.63448187974709,235.9031679828858,229.7321462425722
min,0.0,1.0,0.0,1.0
max,999.0,999.0,994.0,996.0
