stats,Open,High,Low,Close
count,17780,17780,17780,17780
mean,501.9800337457818,667.312879640045,333.69955005624297,500.366366704162
std,289.80662939386264,236.20660081422977,235.39025007287674,230.15879715962717
min,0.0,10.0,0.0,0.0
max,999.0,999.0,991.0,995.0
