stats,Open,High,Low,Close
count,12066,12066,12066,12066
mean,495.5032322227747,662.8259572352064,333.5499751367479,499.9232554284767
std,289.1511185587477,237.7234736804123,236.07663459736463,231.16363150017526
min,0.0,3.0,0.0,2.0
max,999.0,999.0,991.0,996.0
