stats,Open,High,Low,Close
count,19453,19453,19453,19453
mean,501.1899964015833,667.0434894360767,333.1211638307716,501.76193903253994
std,289.5427594507334,235.81790118963715,235.58432276943677,229.83303743059707
min,0.0,8.0,0.0,1.0
max,999.0,999.0,993.0,998.0
