stats,Open,High,Low,Close
count,16162,16162,16162,16162
mean,500.0795693602277,664.5545724539043,335.6458977849276,500.1220764756837
std,287.60431571050566,236.76900987004797,235.2768628288839,230.6268662743005
min,0.0,12.0,0.0,3.0
max,999.0,999.0,995.0,999.0
