stats,Open,High,Low,Close
count,18998,18998,18998,18998
mean,498.24702600273713,668.0122644488894,332.41188546162755,499.50573744604696
std,287.67251063511566,234.8172877185264,234.41899967888062,229.37180976194924
min,0.0,0.0,0.0,0.0
max,999.0,999.0,992.0,999.0
