stats,Open,High,Low,Close
count,11017,11017,11017,11017
mean,497.5010438413361,662.2509757647273,333.4932377235182,498.67967686302984
std,285.2795476709702,236.1568162322274,234.6900139843245,230.15691944618698
min,0.0,17.0,0.0,2.0
max,999.0,999.0,992.0,998.0
