stats,Open,High,Low,Close
count,10857,10857,10857,10857
mean,500.12977802339503,664.9739338675508,332.74836511006725,498.95063092935436
std,289.9623533715501,236.80447270372926,235.97612043465472,230.13412343575797
min,0.0,10.0,0.0,6.0
max,999.0,999.0,974.0,992.0
