stats,Open,High,Low,Close
count,11169,11169,11169,11169
mean,492.547228937237,664.847524397887,329.48759960605247,497.5371116483123
std,287.69702189819725,234.40501122737822,234.52781551688713,229.13431181265406
min,0.0,12.0,0.0,4.0
max,999.0,999.0,993.0,998.0
