stats,Open,High,Low,Close
count,10382,10382,10382,10382
mean,500.762184550183,669.0962242342516,329.89192833750724,499.2772105567328
std,289.0713853952269,235.1721914373992,235.52052727787893,229.4352070340604
min,0.0,11.0,0.0,3.0
max,999.0,999.0,992.0,996.0
