stats,Open,High,Low,Close
count,16595,16595,16595,16595
mean,499.1644471226273,665.3561313648689,333.67689062970777,500.27375715576983
std,290.02009030332164,235.87249187896452,235.88502686983597,229.98993528833017
min,0.0,11.0,0.0,2.0
max,999.0,999.0,995.0,998.0
