stats,Open,High,Low,Close
count,16966,16966,16966,16966
mean,498.4072851585524,665.1625604149475,331.11623246492985,497.8853589532005
std,289.8600934570522,236.42868243486947,236.3043740467144,230.0934506935346
min,0.0,6.0,0.0,4.0
max,999.0,999.0,992.0,997.0
