stats,Open,High,Low,Close
count,14072,14072,14072,14072
mean,498.6418419556566,666.9282973280273,330.9088260375213,498.9177799886299
std,290.2639927369577,235.93938141593773,236.44534036074865,229.80374682472709
min,0.0,5.0,0.0,1.0
max,999.0,999.0,995.0,998.0
