stats,Open,High,Low,Close
count,15551,15551,15551,15551
mean,497.269500353675,662.7977622017877,334.1194135425375,498.7257411098965
std,289.343517235439,237.7189230249115,236.1173768341201,230.51411620023893
min,0.0,9.0,0.0,1.0
max,999.0,999.0,990.0,996.0
