stats,Open,High,Low,Close
count,18180,18180,18180,18180
mean,499.3926292629263,665.3661716171617,331.26358635863585,498.3190319031903
std,289.00323086798284,235.1123761955503,235.92082699044073,229.39385344320553
min,0.0,7.0,0.0,0.0
max,999.0,999.0,993.0,997.0
