stats,Open,High,Low,Close
count,19268,19268,19268,19268
mean,499.3619472700851,664.8245796138675,331.0146875648744,498.3719119784098
std,288.0939566801585,235.66684832082743,234.7554818000864,230.1089012731871
min,0.0,5.0,0.0,1.0
max,999.0,999.0,984.0,999.0
