stats,Open,High,Low,Close
count,19751,19751,19751,19751
mean,502.6691813072756,666.999088653739,333.66685231127536,500.91732064199283
std,289.43356347765723,236.03711765432607,236.35855661574593,231.09332302900398
min,0.0,6.0,0.0,1.0
max,999.0,999.0,995.0,996.0
