stats,Open,High,Low,Close
count,19985,19985,19985,19985
mean,498.2706029522142,667.7807855891919,332.2518889166875,500.30627970978236
std,288.86212955816075,234.95887718973196,235.28943770419428,229.67622830622662
min,0.0,10.0,0.0,2.0
max,999.0,999.0,996.0,997.0
