stats,Open,High,Low,Close
count,12685,12685,12685,12685
mean,499.93354355538037,665.1153330705557,333.2032321639732,498.1186440677966
std,287.3233647644184,235.69581867861538,235.3417632114411,228.8973810952634
min,0.0,6.0,0.0,6.0
max,999.0,999.0,995.0,995.0
