stats,Open,High,Low,Close
count,19213,19213,19213,19213
mean,499.83370634466246,666.8197054077968,334.1759746005309,499.48003955655025
std,287.06402909910463,234.50449369015422,235.2562917326676,229.2536126315135
min,0.0,4.0,0.0,0.0
max,999.0,999.0,991.0,999.0
