stats,Open,High,Low,Close
count,12989,12989,12989,12989
mean,499.37693432904763,666.2013241973978,331.4620833012549,498.0522750019247
std,289.1886040304373,236.15708014521152,235.64574807227388,230.32091026447551
min,0.0,6.0,0.0,1.0
max,999.0,999.0,994.0,999.0
