stats,Open,High,Low,Close
count,11296,11296,11296,11296
mean,500.08595963172803,664.8562322946176,331.3059490084986,497.0880842776204
std,287.2798672664451,234.05527708893482,234.19378903486677,228.49136093857683
min,0.0,14.0,0.0,6.0
max,999.0,999.0,991.0,997.0
