stats,Open,High,Low,Close
count,16644,16644,16644,16644
mean,501.8981614996395,666.0793679403989,333.943763518385,499.58345349675557
std,288.27973806270273,234.52629275996182,236.7087693362072,229.86177542998917
min,0.0,11.0,0.0,3.0
max,999.0,999.0,991.0,996.0
