stats,Open,High,Low,Close
count,19225,19225,19225,19225
mean,501.3239011703511,668.0084785435631,333.3348244473342,501.8707412223667
std,288.9433884598788,236.15269109000468,235.9721292948466,230.5671985153303
min,0.0,3.0,0.0,1.0
max,999.0,999.0,989.0,994.0
