stats,Open,High,Low,Close
count,15771,15771,15771,15771
mean,496.92086741487543,666.1111533827911,330.1146407963985,497.57795954600215
std,288.7697886218464,236.34622510149984,233.66841819005887,229.0237040145707
min,0.0,2.0,0.0,1.0
max,999.0,999.0,990.0,999.0
