stats,Open,High,Low,Close
count,14534,14534,14534,14534
mean,503.25581395348837,667.5996284574102,336.5963946607954,501.54699325719
std,289.29015201255976,235.12462971333338,237.6285030753334,230.96824092311397
min,0.0,11.0,0.0,4.0
max,999.0,999.0,993.0,999.0
