stats,Open,High,Low,Close
count,12180,12180,12180,12180
mean,499.0440065681445,669.3,334.356157635468,503.3825944170772
std,290.05341920637045,234.31663595558265,237.57636254286382,229.80027868832113
min,0.0,13.0,0.0,0.0
max,999.0,999.0,987.0,996.0
