stats,Open,High,Low,Close
count,11762,11762,11762,11762
mean,500.43929603808874,665.241455534773,336.31958850535625,499.2507226662132
std,291.6748082872775,236.66533206966812,237.70152060039683,230.84577482749359
min,0.0,2.0,0.0,0.0
max,999.0,999.0,990.0,995.0
