stats,Open,High,Low,Close
count,18235,18235,18235,18235
mean,503.34834110227587,665.4350973402796,335.2946531395668,499.5441184535234
std,288.92335055752255,236.30212899711682,236.62017903674632,231.46332560701381
min,0.0,7.0,0.0,4.0
max,999.0,999.0,997.0,999.0
