stats,Open,High,Low,Close
count,15831,15831,15831,15831
mean,493.5545448802981,661.8409449813656,328.9446023624534,496.1529277998863
std,288.2575003750243,236.12038530162596,234.0817867902221,229.41289107226012
min,0.0,5.0,0.0,2.0
max,999.0,999.0,992.0,997.0
