stats,Open,High,Low,Close
count,19666,19666,19666,19666
mean,501.3197396521916,663.9758974880505,335.1948540628496,499.7738228414523
std,288.4968203128792,235.88555389694775,236.0047909332871,229.29966203553565
min,0.0,11.0,0.0,3.0
max,999.0,999.0,992.0,998.0
