stats,Open,High,Low,Close
count,13284,13284,13284,13284
mean,501.40748268593796,666.5355314664258,333.4610057211683,499.6564287865101
std,288.7314029148058,234.7500762529623,234.67584804389395,229.60968749818065
min,0.0,7.0,0.0,6.0
max,999.0,999.0,990.0,994.0
