stats,Open,High,Low,Close
count,15407,15407,15407,15407
mean,499.25728564938015,663.4952943467255,331.8418900499773,496.98286493152466
std,289.97943653896186,238.64011713231108,235.98816698741223,231.98127605836706
min,0.0,12.0,0.0,3.0
max,999.0,999.0,983.0,993.0
