stats,Open,High,Low,Close
count,14467,14467,14467,14467
mean,497.8542890716804,666.962535425451,331.0382940485242,499.274279394484
std,290.630899193414,235.38532110409187,236.3935148735336,230.7064729920858
min,0.0,16.0,0.0,0.0
max,999.0,999.0,989.0,997.0
