stats,Open,High,Low,Close
count,16880,16880,16880,16880
mean,499.76018957345974,667.6280805687204,332.56611374407584,499.6038507109005
std,289.0987119370119,235.0248224458374,235.22863521500105,229.2160844845735
min,0.0,12.0,0.0,2.0
max,999.0,999.0,989.0,996.0
