stats,Open,High,Low,Close
count,18811,18811,18811,18811
mean,501.24788687470095,667.4319281271596,334.99909627345704,501.7513157195258
std,289.109273071339,236.52686883347548,235.72054803699308,230.0676698934322
min,0.0,5.0,0.0,0.0
max,999.0,999.0,996.0,999.0
