stats,Open,High,Low,Close
count,13705,13705,13705,13705
mean,498.5843852608537,666.2240058372856,332.6547975191536,500.27398759576795
std,292.1231380879759,238.89702468845644,238.21848029791525,232.65870337162588
min,0.0,3.0,0.0,1.0
max,999.0,999.0,994.0,994.0
