stats,Open,High,Low,Close
count,11062,11062,11062,11062
mean,500.0056047730971,663.3657566443682,331.9935816308082,497.777526667872
std,287.20666960436205,236.13566037200653,234.31682585698763,229.0785908107616
min,0.0,2.0,0.0,1.0
max,999.0,999.0,994.0,999.0
