stats,Open,High,Low,Close
count,10692,10692,10692,10692
mean,496.756734006734,666.3869248035915,332.2514964459409,499.65974560419005
std,289.4130446554192,235.31409289946393,238.0668501795966,230.64765684954835
min,0.0,7.0,0.0,4.0
max,999.0,999.0,995.0,998.0
