stats,Open,High,Low,Close
count,12000,12000,12000,12000
mean,501.4365833333333,668.4864166666666,333.1385,499.514
std,288.6111810830395,233.9154430950835,236.68788783424816,229.49723539167306
min,0.0,15.0,0.0,7.0
max,999.0,999.0,997.0,999.0
