stats,Open,High,Low,Close
count,15884,15884,15884,15884
mean,501.64813648954924,667.9729287333165,332.3633845378998,500.78544447242507
std,288.3737206907791,235.58032692429265,234.13134003934627,230.12770281797685
min,0.0,1.0,0.0,1.0
max,999.0,999.0,993.0,997.0
