stats,Open,High,Low,Close
count,13001,13001,13001,13001
mean,496.36620259980003,665.7737866317975,331.0850703792016,498.54272748250133
std,289.2854073148869,236.65938907839686,235.57431979545078,230.27016248727136
min,0.0,2.0,0.0,1.0
max,999.0,999.0,997.0,997.0
