stats,Open,High,Low,Close
count,11537,11537,11537,11537
mean,493.13452370633615,661.8766577099766,332.9783305885412,498.2143538181503
std,286.7719535886478,237.07679490416714,236.94947885363405,230.08774386561225
min,0.0,8.0,0.0,6.0
max,999.0,999.0,995.0,995.0
