stats,Open,High,Low,Close
count,17875,17875,17875,17875
mean,496.3824895104895,663.0745174825175,333.4166713286713,498.81404195804197
std,289.415249679741,237.58310086503477,237.407044243832,232.22816340113204
min,0.0,11.0,0.0,2.0
max,999.0,999.0,996.0,996.0
