stats,Open,High,Low,Close
count,16666,16666,16666,16666
mean,498.0231609264371,667.5364214568583,331.68894755790234,499.53828153126125
std,289.52899407042776,235.7072177358594,237.22400977415836,231.68259893062242
min,0.0,2.0,0.0,1.0
max,999.0,999.0,993.0,996.0
