stats,Open,High,Low,Close
count,10634,10634,10634,10634
mean,498.50047018995673,667.8991912732744,333.9850479593756,500.5973293210457
std,290.69228856314743,236.0919662486144,236.73293501078595,230.4894007216496
min,0.0,3.0,0.0,0.0
max,999.0,999.0,999.0,999.0
