stats,Open,High,Low,Close
count,15728,15728,15728,15728
mean,495.4995549338759,661.3205747711088,332.54361648016277,496.3074135300102
std,288.643843722518,238.35839152807793,234.5236828070051,230.2042163396434
min,0.0,3.0,0.0,1.0
max,999.0,999.0,995.0,997.0
