stats,Open,High,Low,Close
count,14930,14930,14930,14930
mean,499.93328868050907,666.1749497655727,335.89477561955795,500.6659075686537
std,286.21738420508643,233.28356044679873,234.5716212906785,228.12575011095328
min,0.0,5.0,0.0,2.0
max,999.0,999.0,995.0,998.0
