stats,Open,High,Low,Close
count,15895,15895,15895,15895
mean,501.42503932054103,668.0770053475936,333.51783579742056,499.560553633218
std,289.3105043281021,235.6891714489272,234.60113250727983,228.7617258953619
min,0.0,4.0,0.0,3.0
max,999.0,999.0,991.0,994.0
