stats,Open,High,Low,Close
count,10165,10165,10165,10165
mean,498.70654205607474,667.8502705361535,335.278209542548,503.1085095917363
std,290.84949768652103,236.37430381184421,236.92754560774725,230.53838253085985
min,0.0,9.0,0.0,7.0
max,999.0,999.0,988.0,997.0
