stats,Open,High,Low,Close
count,17752,17752,17752,17752
mean,499.9435556557008,665.7885308697612,332.94592158630013,499.5196034249662
std,288.9634311459124,236.32982399683758,235.5692723933293,229.70278896155986
min,0.0,8.0,0.0,2.0
max,999.0,999.0,993.0,999.0
