stats,Open,High,Low,Close
count,14609,14609,14609,14609
mean,503.3274693681977,667.6340611951537,337.8550208775412,503.26962831131493
std,289.04494715352274,235.00343552916684,236.81799335192935,230.10419162090744
min,0.0,6.0,0.0,2.0
max,999.0,999.0,994.0,996.0
