stats,Open,High,Low,Close
count,13639,13639,13639,13639
mean,501.9371654813403,665.8238140626146,335.89837964660165,500.6696238727179
std,287.4848245643659,235.74748459739993,235.58680580090422,229.2082608588921
min,0.0,5.0,0.0,2.0
max,999.0,999.0,991.0,997.0
