stats,Open,High,Low,Close
count,16499,16499,16499,16499
mean,493.7168919328444,661.7950784896054,331.0416388872053,497.0060003636584
std,287.07432148596223,238.47952801165724,233.50974413453315,229.46178262705158
min,0.0,7.0,0.0,3.0
max,999.0,999.0,991.0,998.0
