stats,Open,High,Low,Close
count,15297,15297,15297,15297
mean,503.2591357782572,669.0588350656992,333.08890632150093,502.2665882199124
std,289.916373202607,235.7124018069784,236.12023609216672,230.77875693629687
min,0.0,8.0,0.0,4.0
max,999.0,999.0,990.0,997.0
