stats,Open,High,Low,Close
count,11749,11749,11749,11749
mean,502.0931143076007,667.0847731721849,332.3134734871053,500.53800323431784
std,287.85485955241245,234.18787102407825,234.32036017993428,228.09136609516793
min,0.0,19.0,0.0,4.0
max,999.0,999.0,986.0,995.0
