stats,Open,High,Low,Close
count,18081,18081,18081,18081
mean,496.5036778939218,665.0643216636248,330.3360433604336,498.1096178308722
std,289.0862025805169,236.30532154101178,235.00978211147586,230.4136904254579
min,0.0,6.0,0.0,1.0
max,999.0,999.0,997.0,997.0
