stats,Open,High,Low,Close
count,11133,11133,11133,11133
mean,493.6031617713105,663.3563280337735,329.80508398455044,497.5633701607833
std,288.7437798893427,236.91998438645655,234.22288942899866,229.1032520167544
min,0.0,6.0,0.0,6.0
max,999.0,999.0,992.0,994.0
