stats,Open,High,Low,Close
count,19672,19672,19672,19672
mean,498.2955469703131,665.9255286701912,333.3243188287922,498.3639182594551
std,288.3849246403052,235.47850252996452,234.84967105752,229.56001149369584
min,0.0,9.0,0.0,3.0
max,999.0,999.0,995.0,996.0
