stats,Open,High,Low,Close
count,12343,12343,12343,12343
mean,494.465608036944,663.2979016446569,329.26209187393664,495.46366361500446
std,289.08727157637867,237.20541413002945,233.5154280200406,230.82397470037205
min,0.0,8.0,0.0,2.0
max,999.0,999.0,990.0,996.0
