stats,Open,High,Low,Close
count,11245,11245,11245,11245
mean,500.5549132947977,665.1009337483326,332.7508225878168,497.21147176522896
std,288.6167496656603,238.67121338849665,235.0309121953522,232.43705021436895
min,0.0,5.0,0.0,3.0
max,999.0,999.0,994.0,998.0
