stats,Open,High,Low,Close
count,10144,10144,10144,10144
mean,503.0157728706625,667.0769913249211,333.4884660883281,499.23718454258676
std,288.6922345640399,234.26396885857386,235.85674400418168,230.6054287767877
min,0.0,11.0,0.0,2.0
max,999.0,999.0,997.0,997.0
