stats,Open,High,Low,Close
count,14163,14163,14163,14163
mean,498.75217115018006,665.2430276071453,333.96208430417283,500.2741650780202
std,288.5195277156008,235.68997069525108,237.54843486515003,230.5324820499619
min,0.0,3.0,0.0,1.0
max,999.0,999.0,999.0,999.0
