stats,Open,High,Low,Close
count,18178,18178,18178,18178
mean,501.2680162834195,667.3267686214105,334.92325888436574,503.11618439872376
std,289.0817851338239,233.51897640119395,237.81602694024915,229.2162579282681
min,0.0,2.0,0.0,1.0
max,999.0,999.0,995.0,999.0
