stats,Open,High,Low,Close
count,12659,12659,12659,12659
mean,501.8318982542065,666.6981594122758,332.4546962635279,497.5919898886168
std,287.4198428833135,236.0720556482286,236.6568148158011,231.37815032078194
min,0.0,4.0,0.0,3.0
max,999.0,999.0,989.0,994.0
