stats,Open,High,Low,Close
count,15340,15340,15340,15340
mean,500.32659713168186,666.8670143415906,331.37157757496743,497.28585397653194
std,289.9793662332168,235.58505898071311,236.08741299761428,230.1896124469719
min,0.0,11.0,0.0,9.0
max,999.0,999.0,995.0,995.0
