stats,Open,High,Low,Close
count,13322,13322,13322,13322
mean,500.56380423359855,664.4269629184807,333.2438072361507,499.77938747935747
std,288.17283100939994,236.5825501022972,235.94329733040897,230.2757564338596
min,0.0,7.0,0.0,4.0
max,999.0,999.0,991.0,998.0
