stats,Open,High,Low,Close
count,10278,10278,10278,10278
mean,502.428779918272,668.798307063631,334.67892586106245,501.72718427709674
std,289.8185168894716,235.47472704108762,235.5729323308469,230.21230857204597
min,0.0,7.0,0.0,1.0
max,999.0,999.0,987.0,998.0
