stats,Open,High,Low,Close
count,12776,12776,12776,12776
mean,494.3531621790858,663.415623043206,329.0396837820914,496.9353475266124
std,288.91304450018754,235.81573439943256,233.25791724895564,228.16485793187536
min,0.0,7.0,0.0,2.0
max,999.0,999.0,995.0,998.0
