stats,Open,High,Low,Close
count,13977,13977,13977,13977
mean,502.2783859197253,667.626743936467,334.9478428847392,502.4473062889032
std,289.0254641592727,236.42284485956134,234.56309221904095,228.03640528469654
min,0.0,10.0,0.0,2.0
max,999.0,999.0,996.0,997.0
