stats,Open,High,Low,Close
count,11575,11575,11575,11575
mean,492.10444924406045,660.9920518358531,331.83308855291574,495.27187904967604
std,287.6515365689612,236.88791731468254,234.3874135061047,229.8175558684895
min,0.0,5.0,0.0,5.0
max,999.0,999.0,992.0,997.0
