stats,Open,High,Low,Close
count,10367,10367,10367,10367
mean,498.99508054403395,665.8688145075721,334.30568148934117,501.8343783158098
std,289.7737876978616,238.22177499826427,236.01768310635677,232.39575981246335
min,0.0,3.0,0.0,2.0
max,999.0,999.0,992.0,997.0
