stats,Open,High,Low,Close
count,13893,13893,13893,13893
mean,500.4415892895703,668.3374361189088,334.87511696537825,501.47318793637083
std,288.74991892928085,235.18357021131837,235.27773657153818,229.36284530059348
min,0.0,3.0,0.0,3.0
max,999.0,999.0,986.0,998.0
