stats,Open,High,Low,Close
count,19050,19050,19050,19050
mean,498.56146981627296,667.0770603674541,330.05721784776904,497.0171128608924
std,288.05863888838667,233.88609399630337,236.04701362597683,229.28674145576448
min,0.0,5.0,0.0,1.0
max,999.0,999.0,994.0,995.0
