stats,Open,High,Low,Close
count,17347,17347,17347,17347
mean,502.1966910705021,666.8856286389578,332.20879691012857,501.13028189312274
std,288.955486134559,235.71074288520825,235.94309482376943,229.4066318111813
min,0.0,7.0,0.0,1.0
max,999.0,999.0,992.0,996.0
