stats,Open,High,Low,Close
count,15920,15920,15920,15920
mean,498.145540201005,665.5513190954774,331.4752512562814,498.5743718592965
std,288.38211865275275,235.5453836206045,234.26852666845937,230.50316543311345
min,0.0,5.0,0.0,1.0
max,999.0,999.0,998.0,998.0
