stats,Open,High,Low,Close
count,15136,15136,15136,15136
mean,497.7081131078224,664.6298229386892,331.84863900634247,498.59659090909093
std,289.6283982643683,237.22559240374284,235.14036045188612,230.54217030370936
min,0.0,8.0,0.0,1.0
max,999.0,999.0,998.0,999.0
