stats,Open,High,Low,Close
count,18500,18500,18500,18500
mean,498.0454054054054,666.4792432432432,331.8501081081081,498.4075675675676
std,289.02570630256275,236.59017776116758,235.75336413850155,231.34085528943424
min,0.0,8.0,0.0,0.0
max,999.0,999.0,997.0,997.0
