stats,Open,High,Low,Close
count,10108,10108,10108,10108
mean,499.15858725761774,665.0654926790661,327.9294618124258,494.9266917293233
std,289.9452060264777,235.88210850943238,234.13105647994905,229.50937701665742
min,0.0,5.0,0.0,4.0
max,999.0,999.0,994.0,996.0
