stats,Open,High,Low,Close
count,16942,16942,16942,16942
mean,496.59491205288634,664.8414590957384,330.2320269153583,497.19619879589186
std,288.57003248642957,235.08631520198972,235.14515294832447,227.97114258872423
min,0.0,5.0,0.0,1.0
max,999.0,999.0,990.0,996.0
