stats,Open,High,Low,Close
count,17924,17924,17924,17924
mean,502.3051774157554,665.2147400133898,333.9395782191475,501.0077549654095
std,288.37942870334115,236.36420358968624,235.48048481127915,229.9834862460413
min,0.0,12.0,0.0,5.0
max,999.0,999.0,996.0,996.0
