stats,Open,High,Low,Close
count,15008,15008,15008,15008
mean,498.32182835820896,664.2959754797441,330.5876199360341,498.2723880597015
std,288.9785684415481,236.66727354218298,234.53453102632594,229.9426133103209
min,0.0,9.0,0.0,4.0
max,999.0,999.0,988.0,996.0
