stats,Open,High,Low,Close
count,12720,12720,12720,12720
mean,497.62908805031446,667.7941037735849,331.63977987421384,501.65526729559747
std,288.1366916058508,234.67888972917433,236.0440144317728,230.0609724688502
min,0.0,9.0,0.0,0.0
max,999.0,999.0,993.0,994.0
