stats,Open,High,Low,Close
count,10168,10168,10168,10168
mean,504.0244885916601,666.5040322580645,333.72708497246265,498.5409126671912
std,287.4262117072626,236.52445045261925,234.8386217994369,230.3600794461837
min,0.0,5.0,0.0,1.0
max,999.0,999.0,996.0,997.0
