stats,Open,High,Low,Close
count,19760,19760,19760,19760
mean,495.5245951417004,664.8744433198381,333.99605263157895,498.1387145748988
std,289.43835101582397,235.92824464437624,236.01148769414755,230.52391987528182
min,0.0,6.0,0.0,1.0
max,999.0,999.0,993.0,996.0
