stats,Open,High,Low,Close
count,16701,16701,16701,16701
mean,500.99688641398717,669.6609783845279,332.9426980420334,500.9483863241722
std,288.11324244009876,234.5594275603989,235.1571354074875,229.88492194110714
min,0.0,5.0,0.0,2.0
max,999.0,999.0,993.0,998.0
