stats,Open,High,Low,Close
count,17727,17727,17727,17727
mean,502.79432504089806,665.6923337282112,337.1097196367124,502.33654876741696
std,287.8259555136224,235.67391133714014,236.21419798847515,228.76915210506752
min,0.0,9.0,0.0,2.0
max,999.0,999.0,996.0,998.0
