stats,Open,High,Low,Close
count,13894,13894,13894,13894
mean,501.81106952641426,668.1864833741183,333.5210162660141,499.4632935079891
std,288.1914992629506,234.62073482952607,237.02247213518413,230.1442727807812
min,0.0,5.0,0.0,5.0
max,999.0,999.0,992.0,999.0
