stats,Open,High,Low,Close
count,19985,19985,19985,19985
mean,499.22932199149363,667.2293720290218,332.25308981736305,499.0358268701526
std,289.2153341516868,235.8050846743934,236.01817717614952,230.4590061164844
min,0.0,7.0,0.0,1.0
max,999.0,999.0,993.0,999.0
