stats,Open,High,Low,Close
count,17183,17183,17183,17183
mean,500.1602164930454,667.1594017342723,336.8264563813071,502.4492812663679
std,288.4000155393554,234.79316024768505,237.99855776090547,231.08208904891853
min,0.0,9.0,0.0,2.0
max,999.0,999.0,997.0,998.0
