stats,Open,High,Low,Close
count,10821,10821,10821,10821
mean,503.4248221051659,667.6767396728583,335.2679974124388,504.39524997689676
std,289.876038598384,236.1325243598833,236.8945651760202,229.06816066145345
min,0.0,7.0,0.0,3.0
max,999.0,999.0,991.0,998.0
