stats,Open,High,Low,Close
count,18184,18184,18184,18184
mean,500.6211504619446,665.2468103827541,333.78574571051473,500.06951165860096
std,287.2759388733689,235.75414491845117,234.63915706863384,228.87424762338387
min,0.0,5.0,0.0,2.0
max,999.0,999.0,994.0,994.0
