stats,Open,High,Low,Close
count,19686,19686,19686,19686
mean,500.045819364015,664.038910901148,331.4057198008737,496.38189576348674
std,289.9107603290724,237.27932396570696,235.5941004426272,230.1806187365546
min,0.0,2.0,0.0,0.0
max,999.0,999.0,995.0,997.0
