stats,Open,High,Low,Close
count,18353,18353,18353,18353
mean,500.8029205034599,666.6359178335966,332.8753337329047,501.7899525963058
std,288.2799900583068,234.71528078538688,235.57983692679431,229.40346183869528
min,0.0,5.0,0.0,0.0
max,999.0,999.0,989.0,998.0
