stats,Open,High,Low,Close
count,17754,17754,17754,17754
mean,498.7736848034246,667.184240171229,329.3128309113439,498.6561338289963
std,288.96856461146075,235.9652664258235,234.0774211419004,229.70210451451783
min,0.0,7.0,0.0,5.0
max,999.0,999.0,992.0,994.0
