stats,Open,High,Low,Close
count,15812,15812,15812,15812
mean,496.2683405008854,662.2654945610929,331.8597900328864,496.69788768024284
std,287.99958147418533,235.3279467426451,233.71320649472332,229.0455006416959
min,0.0,6.0,0.0,0.0
max,999.0,999.0,993.0,993.0
