stats,Open,High,Low,Close
count,10791,10791,10791,10791
mean,499.7887128162358,664.2764340654248,336.4378648874062,500.3920859975906
std,289.7612004990726,236.15314582954025,239.86761256143504,231.73154270720897
min,0.0,10.0,0.0,3.0
max,999.0,999.0,986.0,992.0
