stats,Open,High,Low,Close
count,16619,16619,16619,16619
mean,500.26511823816116,666.3508634695229,330.5987123172273,498.98435525603225
std,288.8822231546939,235.866091078465,235.68060944800337,230.94852422303356
min,0.0,13.0,0.0,4.0
max,999.0,999.0,989.0,992.0
