stats,Open,High,Low,Close
count,18203,18203,18203,18203
mean,497.62874251497004,666.2842937977257,330.04070757567433,497.6660440586717
std,288.44000288130087,235.28841367591937,234.10717190968242,227.7626438557292
min,0.0,3.0,0.0,1.0
max,999.0,999.0,986.0,996.0
