stats,Open,High,Low,Close
count,18718,18718,18718,18718
mean,499.40704135057166,667.3224169248851,331.8797948498771,499.52361363393527
std,288.10259563677795,235.56607663380424,235.27013588685816,230.57179842033355
min,0.0,1.0,0.0,1.0
max,999.0,999.0,995.0,995.0
