stats,Open,High,Low,Close
count,19807,19807,19807,19807
mean,500.87181299540566,666.8493966779422,333.92366335134045,498.0086333114555
std,289.3689940184385,234.99092324467802,236.96827226643774,229.75196658096058
min,0.0,8.0,0.0,3.0
max,999.0,999.0,996.0,999.0
