stats,Open,High,Low,Close
count,17814,17814,17814,17814
mean,500.99842820253735,667.7961154148422,332.07763556753116,498.28724598630293
std,287.447752479747,235.0561326075205,234.5218601119657,228.88899435670484
min,0.0,7.0,0.0,4.0
max,999.0,999.0,991.0,997.0
