stats,Open,High,Low,Close
count,12851,12851,12851,12851
mean,499.9112909501206,665.7148081861334,332.8227375301533,500.19313672087776
std,290.06306155512164,236.56677470169637,237.34215696018506,231.75317821680926
min,0.0,8.0,0.0,3.0
max,999.0,999.0,986.0,992.0
