stats,Open,High,Low,Close
count,14596,14596,14596,14596
mean,500.60715264456013,669.9210742669225,334.45190463140585,503.00575500137023
std,289.58268321057204,234.53905185122545,237.20109395782507,229.54965898804244
min,0.0,0.0,0.0,0.0
max,999.0,999.0,992.0,996.0
