stats,Open,High,Low,Close
count,10970,10970,10970,10970
mean,500.19781221513216,666.8813126709207,333.4331814038286,501.87657247037373
std,287.72968568689686,235.80835795605424,234.510090494441,229.24748706846538
min,0.0,5.0,0.0,5.0
max,999.0,999.0,991.0,996.0
