stats,Open,High,Low,Close
count,17033,17033,17033,17033
mean,500.5199906064698,668.5194035108319,334.60964011037396,500.84166030646395
std,288.8307358213393,234.9255855713805,235.47620089301296,229.48092936984702
min,0.0,11.0,0.0,2.0
max,999.0,999.0,996.0,997.0
