stats,Open,High,Low,Close
count,19314,19314,19314,19314
mean,500.2825411618515,664.5722791757274,333.7661281971627,499.22087604846223
std,289.80398115812727,237.73213147041716,236.332924513461,232.17788855323596
min,0.0,3.0,0.0,3.0
max,999.0,999.0,983.0,996.0
