stats,Open,High,Low,Close
count,12065,12065,12065,12065
mean,497.3157065893079,665.4910899295483,332.53261500207213,499.77894736842103
std,289.78757032452035,236.587321337639,235.94527303600893,230.4315841513961
min,0.0,6.0,0.0,2.0
max,999.0,999.0,994.0,998.0
