stats,Open,High,Low,Close
count,12961,12961,12961,12961
mean,500.6007252526811,665.6888357379831,331.7813440320963,498.9895069824859
std,289.3267902743572,235.7861587542232,235.1103179349194,230.147677457911
min,0.0,3.0,0.0,1.0
max,999.0,999.0,988.0,993.0
