stats,Open,High,Low,Close
count,19834,19834,19834,19834
mean,499.11036603811635,663.2992336392055,330.7673187455884,497.0274276494908
std,290.03026836483446,237.3182985830448,235.335021271759,230.58628853077582
min,0.0,6.0,0.0,1.0
max,999.0,999.0,998.0,999.0
