stats,Open,High,Low,Close
count,12819,12819,12819,12819
mean,495.51977533348935,667.8250253529917,328.2086746236056,498.544816288322
std,289.36213170067964,234.4097277544111,233.22724997792514,229.46217025950696
min,0.0,11.0,0.0,2.0
max,999.0,999.0,987.0,997.0
