stats,Open,High,Low,Close
count,10080,10080,10080,10080
mean,496.3389880952381,664.7842261904761,329.9656746031746,497.3688492063492
std,288.99978057037913,236.33464716821547,235.36445618905077,229.9511581495165
min,0.0,16.0,0.0,0.0
max,999.0,999.0,991.0,997.0
