stats,Open,High,Low,Close
count,15548,15548,15548,15548
mean,500.1764214046823,669.1512091587342,328.4723437098019,497.415358888603
std,289.40680943821235,235.37290092466782,233.85785794694846,229.58531999152603
min,0.0,17.0,0.0,3.0
max,999.0,999.0,987.0,994.0
