stats,Open,High,Low,Close
count,11416,11416,11416,11416
mean,500.6314821303434,665.457866152768,334.12806587245973,500.60888227049753
std,288.1594375809296,236.14888948621655,235.57144782798588,230.42102519779965
min,0.0,3.0,0.0,3.0
max,999.0,999.0,996.0,998.0
