stats,Open,High,Low,Close
count,13991,13991,13991,13991
mean,498.69022943320704,668.913944678722,332.09041526695734,499.4943892502323
std,287.5053610407787,234.2027857339892,233.75648280654698,228.49978881585184
min,0.0,2.0,0.0,2.0
max,999.0,999.0,988.0,992.0
