stats,Open,High,Low,Close
count,11912,11912,11912,11912
mean,498.10115849563465,664.8751678979181,329.5851242444594,497.1655473472129
std,290.0319109508937,237.8873811841674,233.6653240085653,230.6723756826637
min,0.0,3.0,0.0,2.0
max,999.0,999.0,986.0,996.0
