stats,Open,High,Low,Close
count,11514,11514,11514,11514
mean,502.37311099531007,669.0114643043252,332.56001389612646,499.0541080423832
std,289.4371912905755,233.70391054666715,234.6562856585379,230.0925620282601
min,0.0,8.0,0.0,2.0
max,999.0,999.0,988.0,994.0
