stats,Open,High,Low,Close
count,17950,17950,17950,17950
mean,499.4928133704735,665.4418384401114,333.1257938718663,499.1285793871866
std,287.97504961968684,235.44873187546474,234.15137317805755,228.05037221636937
min,0.0,2.0,0.0,0.0
max,999.0,999.0,992.0,998.0
