stats,Open,High,Low,Close
count,12900,12900,12900,12900
mean,502.4286046511628,669.823023255814,333.8191472868217,499.8970542635659
std,289.5443045116387,236.09038763651185,236.5190036630808,230.44920510528644
min,0.0,2.0,0.0,2.0
max,999.0,999.0,992.0,997.0
