stats,Open,High,Low,Close
count,18743,18743,18743,18743
mean,499.85173131302355,665.6361308221736,332.9192765299045,498.16294083124365
std,289.1205571414861,235.02712948933922,235.7206480738657,229.02562841003328
min,0.0,3.0,0.0,3.0
max,999.0,999.0,993.0,997.0
