stats,Open,High,Low,Close
count,15837,15837,15837,15837
mean,499.11365788975183,667.3131906295384,332.3455199848456,499.7293679358464
std,288.57085198227946,235.87136750032,236.46662148963458,229.56487554347163
min,0.0,4.0,0.0,2.0
max,999.0,999.0,991.0,998.0
