stats,Open,High,Low,Close
count,11850,11850,11850,11850
mean,497.5352742616034,666.4143459915612,334.9607594936709,502.19071729957807
std,289.34957307243013,235.67908062785088,236.4924611312735,228.56452481031246
min,0.0,13.0,0.0,0.0
max,999.0,999.0,993.0,997.0
