stats,Open,High,Low,Close
count,19526,19526,19526,19526
mean,498.15149032059816,666.6950732356858,331.41918467684116,498.94110416880056
std,289.7128277368288,235.4010954131107,234.29278835947105,229.8134013725866
min,0.0,1.0,0.0,1.0
max,999.0,999.0,988.0,997.0
