stats,Open,High,Low,Close
count,10782,10782,10782,10782
mean,499.99703209052126,668.0043591170469,331.87302912261174,500.57113708031903
std,286.6951154488774,232.93408228315138,235.19458148143843,227.11847376613025
min,0.0,18.0,0.0,6.0
max,999.0,999.0,997.0,998.0
