stats,Open,High,Low,Close
count,11562,11562,11562,11562
mean,503.58415499048607,670.1607853312576,335.67012627573087,500.6268811624286
std,287.1227525158876,233.50446854553047,235.45539373967424,228.37415113722847
min,0.0,1.0,0.0,1.0
max,999.0,999.0,996.0,999.0
