stats,Open,High,Low,Close
count,12495,12495,12495,12495
mean,502.5263705482193,666.3265306122449,331.31164465786316,497.40464185674267
std,289.81615296266926,237.5124870560115,236.01460561924526,232.0727469894116
min,0.0,12.0,0.0,5.0
max,999.0,999.0,988.0,997.0
