stats,Open,High,Low,Close
count,18176,18176,18176,18176
mean,497.52827904929575,666.9762874119718,333.9513094190141,499.5182658450704
std,288.64706020079626,235.3314423229457,238.31683924648794,230.48393415361843
min,0.0,8.0,0.0,5.0
max,999.0,999.0,994.0,998.0
