stats,Open,High,Low,Close
count,13623,13623,13623,13623
mean,499.43529325405564,666.2836379652059,333.39227776554355,500.3813403802393
std,288.623849032675,235.2940412819421,235.64000101193858,228.83780950281735
min,0.0,7.0,0.0,6.0
max,999.0,999.0,995.0,998.0
