stats,Open,High,Low,Close
count,12250,12250,12250,12250
mean,496.3641632653061,666.8115102040816,333.09420408163265,500.40244897959184
std,289.221839825179,235.44718739768152,237.0778973365979,229.95474996111398
min,0.0,6.0,0.0,5.0
max,999.0,999.0,992.0,996.0
