stats,Open,High,Low,Close
count,12564,12564,12564,12564
mean,498.7170487106017,663.1150907354346,333.79035339063995,497.51671442215854
std,291.0149059484973,238.71101254623494,238.4763629916166,231.97472247850246
min,0.0,8.0,0.0,4.0
max,999.0,999.0,995.0,995.0
