stats,Open,High,Low,Close
count,15081,15081,15081,15081
mean,501.12499171142497,666.8488827000862,333.71566872223326,499.6020157814469
std,287.96503980617507,234.3611510290245,234.62271265501897,228.30774395142828
min,0.0,7.0,0.0,3.0
max,999.0,999.0,989.0,995.0
