stats,Open,High,Low,Close
count,12902,12902,12902,12902
mean,499.66400558053016,665.3620368935049,335.05355758797083,499.690358084018
std,285.36348969584486,233.49554645346288,235.00325933082095,229.3030623983916
min,0.0,3.0,0.0,0.0
max,999.0,999.0,990.0,990.0
