stats,Open,High,Low,Close
count,18206,18206,18206,18206
mean,497.5121937822696,664.3264308469735,331.7585411402834,497.0759090409755
std,289.72233463930235,237.3358835408603,236.79848424208438,231.1133742682422
min,0.0,5.0,0.0,5.0
max,999.0,999.0,993.0,998.0
