stats,Open,High,Low,Close
count,15677,15677,15677,15677
mean,496.8722969955987,667.7167825476813,328.65191044204886,497.5205715379218
std,289.3933517108751,235.03341400220552,234.81139916767532,228.5505288984024
min,0.0,12.0,0.0,2.0
max,999.0,999.0,992.0,996.0
