stats,Open,High,Low,Close
count,14977,14977,14977,14977
mean,497.93690325165255,666.4232489817721,331.16845830273087,498.5302797623022
std,289.6368345907701,234.85480091395488,235.70251082615906,229.86050682685683
min,0.0,5.0,0.0,2.0
max,999.0,999.0,992.0,994.0
