stats,Open,High,Low,Close
count,14227,14227,14227,14227
mean,500.2350460392212,667.5135306108104,333.23335910592533,500.0597455542279
std,288.03372075847614,234.56434489388664,236.16903800456996,229.90855785536866
min,0.0,2.0,0.0,2.0
max,999.0,999.0,998.0,998.0
