stats,Open,High,Low,Close
count,16620,16620,16620,16620
mean,500.67346570397115,665.5626353790614,330.0907942238267,499.11853188929
std,287.4498288565425,235.5993528115552,232.04891864288177,227.42366249623925
min,0.0,16.0,0.0,1.0
max,999.0,999.0,999.0,999.0
