stats,Open,High,Low,Close
count,17330,17330,17330,17330
mean,498.19567224466243,662.4636468551645,334.04587420657816,500.23092902481244
std,287.7543658661729,236.39939190077544,235.33809647159651,229.3314328670924
min,0.0,2.0,0.0,2.0
max,999.0,999.0,998.0,998.0
