stats,Open,High,Low,Close
count,15293,15293,15293,15293
mean,500.13306741646505,667.4071797554436,333.40443340090235,501.29614856470283
std,286.7336490020608,234.13566308768446,234.31834279243122,228.4675983221101
min,0.0,9.0,0.0,5.0
max,999.0,999.0,990.0,999.0
