stats,Open,High,Low,Close
count,12077,12077,12077,12077
mean,499.26223399850954,667.2183489277138,332.3692142088267,499.9258921917695
std,286.9697140855275,235.17113309847062,234.03470968147866,229.4590277193588
min,0.0,4.0,0.0,4.0
max,999.0,999.0,993.0,995.0
