stats,Open,High,Low,Close
count,10219,10219,10219,10219
mean,506.038849202466,667.2817301105783,334.87307955768665,501.17731676289264
std,288.77533842604373,236.4185609174379,235.37116950126293,229.5359029434587
min,0.0,4.0,0.0,2.0
max,999.0,999.0,997.0,997.0
