stats,Open,High,Low,Close
count,18437,18437,18437,18437
mean,499.085263329175,664.0705103867224,334.2696208710745,498.51271898898955
std,288.7527065041201,237.4216279475273,236.06274203522435,230.87396687446957
min,0.0,1.0,0.0,1.0
max,999.0,999.0,990.0,995.0
