stats,Open,High,Low,Close
count,14488,14488,14488,14488
mean,497.51808393152953,669.2842352291551,329.7296383213694,501.18360022087245
std,290.51414296825965,236.29495689831384,237.49041680386466,230.65890767992724
min,0.0,6.0,0.0,3.0
max,999.0,999.0,986.0,998.0
