stats,Open,High,Low,Close
count,12930,12930,12930,12930
mean,494.21028615622583,665.4598607888631,328.58484145398296,496.1185614849188
std,287.6902748984894,236.3412971315274,232.32994090487773,228.81575412209037
min,0.0,9.0,0.0,3.0
max,999.0,999.0,991.0,996.0
