stats,Open,High,Low,Close
count,19932,19932,19932,19932
mean,500.3294200280955,666.3544049769215,331.2889323700582,498.18342364037727
std,290.93292704873875,236.42648103243886,236.46469950843743,231.5063053236441
min,0.0,5.0,0.0,3.0
max,999.0,999.0,992.0,996.0
