stats,Open,High,Low,Close
count,13094,13094,13094,13094
mean,498.054528791813,664.6800824805255,331.6004276767985,498.2821139453185
std,288.0924209966334,234.76614104486472,235.4091746858673,229.5015985171322
min,0.0,1.0,0.0,0.0
max,999.0,999.0,991.0,996.0
