stats,Open,High,Low,Close
count,13818,13818,13818,13818
mean,499.3420176581271,665.2520625271385,332.38601823708206,498.6040671587784
std,287.54951700912494,234.08093438710887,233.31820118649412,228.01371820297888
min,0.0,6.0,0.0,2.0
max,999.0,999.0,994.0,997.0
