stats,Open,High,Low,Close
count,14762,14762,14762,14762
mean,502.45081967213116,668.3263107979949,334.9991871020187,501.9809646389378
std,288.43620813249345,232.5661709224327,236.81278062831552,228.54333699120298
min,0.0,2.0,0.0,1.0
max,999.0,999.0,998.0,999.0
