stats,Open,High,Low,Close
count,12614,12614,12614,12614
mean,496.57483748216265,663.6920881560171,330.927461550658,496.2723957507531
std,287.70698385493,235.07723268213326,234.4098163340476,229.90712123147372
min,0.0,8.0,0.0,2.0
max,999.0,999.0,992.0,998.0
