stats,Open,High,Low,Close
count,19054,19054,19054,19054
mean,495.87923795528496,665.4425842342815,334.11393933032434,499.4193870053532
std,289.5133454188087,235.7832263804926,237.25419140181106,230.1057362486518
min,0.0,4.0,0.0,1.0
max,999.0,999.0,991.0,997.0
