stats,Open,High,Low,Close
count,17879,17879,17879,17879
mean,496.9932322836848,664.3762514682029,332.0816041165613,497.06997035628393
std,287.9068754913682,234.8487472960425,236.57291106479101,230.63422013775505
min,0.0,9.0,0.0,2.0
max,999.0,999.0,989.0,997.0
