stats,Open,High,Low,Close
count,13896,13896,13896,13896
mean,497.7821675302245,665.7600748416811,333.0519573978123,497.4969055843408
std,287.22703005694007,235.56565780186642,234.30553746272605,228.8769927017413
min,0.0,2.0,0.0,1.0
max,999.0,999.0,997.0,997.0
