stats,Open,High,Low,Close
count,14135,14135,14135,14135
mean,502.2929607357623,664.146727980191,333.6786699681641,499.27166607711354
std,287.7866996734845,236.04964631045192,234.55090152920783,228.9953814643699
min,0.0,3.0,0.0,2.0
max,999.0,999.0,997.0,997.0
