stats,Open,High,Low,Close
count,10152,10152,10152,10152
mean,500.99182427107957,666.3373719464145,335.0458037825059,500.5248226950355
std,288.799640279443,237.32825032895914,237.87737414197483,232.71999817686802
min,0.0,8.0,0.0,2.0
max,999.0,999.0,996.0,996.0
