stats,Open,High,Low,Close
count,12724,12724,12724,12724
mean,498.66700723043067,664.8784973278844,334.96659855391385,499.65482552656397
std,288.8090784750492,235.95183030256183,237.1131428701551,231.03778901711942
min,0.0,1.0,0.0,1.0
max,999.0,999.0,993.0,996.0
