stats,Open,High,Low,Close
count,15046,15046,15046,15046
mean,499.1983915990961,666.2753555762329,335.3840223315167,501.2292968230759
std,287.143947258855,235.17079404765465,234.96321471906617,229.45588722566424
min,0.0,10.0,0.0,1.0
max,999.0,999.0,998.0,998.0
