stats,Open,High,Low,Close
count,19658,19658,19658,19658
mean,500.85649608301964,666.5985858174789,334.7223013531387,501.17672194526403
std,290.0263946054929,235.2886272878069,237.12892040847265,229.14472852717
min,0.0,8.0,0.0,3.0
max,999.0,999.0,990.0,996.0
