stats,Open,High,Low,Close
count,16173,16173,16173,16173
mean,496.82198726272185,667.4367155135102,334.21851233537376,500.3096518889507
std,288.49609990429377,235.25725816972968,236.30713111074283,231.55759316041406
min,0.0,4.0,0.0,4.0
max,999.0,999.0,991.0,992.0
