stats,Open,High,Low,Close
count,18934,18934,18934,18934
mean,495.8031055244534,662.8225942748495,330.19235238195836,495.45547691982676
std,288.1711179988145,236.85242294029763,234.81564677609902,230.28474103503552
min,0.0,9.0,0.0,1.0
max,999.0,999.0,992.0,995.0
