stats,Open,High,Low,Close
count,13376,13376,13376,13376
mean,501.33328349282294,667.0761812200957,336.2068630382775,501.2255532296651
std,291.8047331000697,236.92204062977075,237.6073796975319,231.23260910706375
min,0.0,3.0,0.0,2.0
max,999.0,999.0,996.0,998.0
