stats,Open,High,Low,Close
count,16755,16755,16755,16755
mean,499.8704864219636,665.2256042972247,334.9829304685169,500.4667263503432
std,288.97687708081173,236.54178125254745,236.56424788162298,230.71289937116816
min,0.0,7.0,0.0,1.0
max,999.0,999.0,987.0,997.0
