stats,Open,High,Low,Close
count,10871,10871,10871,10871
mean,498.8961457087664,664.985189954926,328.650998068255,497.01481004507406
std,290.23981356610545,235.8889812267102,233.6813294703365,230.16140263255087
min,0.0,6.0,0.0,2.0
max,999.0,999.0,990.0,998.0
