stats,Open,High,Low,Close
count,15405,15405,15405,15405
mean,496.87971437844857,663.1831872768581,332.6148653034729,496.2600454397923
std,289.1792698276885,238.3400676832374,235.86056870069862,230.8710367670432
min,0.0,16.0,0.0,1.0
max,999.0,999.0,995.0,996.0
