stats,Open,High,Low,Close
count,17904,17904,17904,17904
mean,498.29641420911526,668.429792225201,330.0778038427167,500.31048927613944
std,288.76509020984525,234.18686914606667,234.41579712072837,228.5238092061258
min,0.0,5.0,0.0,4.0
max,999.0,999.0,994.0,998.0
