stats,Open,High,Low,Close
count,19334,19334,19334,19334
mean,500.4683976414606,666.8429192096825,332.9064342608876,501.15620151029276
std,289.79036778185065,235.06357785320003,236.65573756702648,230.16548510555862
min,0.0,8.0,0.0,5.0
max,999.0,999.0,992.0,997.0
