stats,Open,High,Low,Close
count,15612,15612,15612,15612
mean,498.87451960030745,667.5259415833974,331.61273379451706,499.04400461183707
std,287.4340688504694,234.256744429663,233.04025145358042,228.00991024598477
min,0.0,10.0,0.0,1.0
max,999.0,999.0,993.0,997.0
