stats,Open,High,Low,Close
count,10318,10318,10318,10318
mean,494.9343865090134,663.4413646055438,329.34221748400853,494.69616204690834
std,287.62983103873245,234.65352135104462,234.5389420269826,228.3642000351898
min,0.0,12.0,0.0,7.0
max,999.0,999.0,993.0,993.0
