stats,Open,High,Low,Close
count,15880,15880,15880,15880
mean,496.94785894206547,665.9649244332494,331.10919395465993,496.8879722921914
std,289.14338967697614,237.44168872109137,236.32675994945737,230.75305787828316
min,0.0,6.0,0.0,1.0
max,999.0,999.0,992.0,995.0
