stats,Open,High,Low,Close
count,12734,12734,12734,12734
mean,496.77634678812626,661.5276425318046,330.23134914402385,494.754672530234
std,287.43350895718606,236.28603475425209,234.59713876583155,228.61989166534403
min,0.0,4.0,0.0,2.0
max,999.0,999.0,993.0,999.0
