stats,Open,High,Low,Close
count,18037,18037,18037,18037
mean,499.447801740866,665.9909075788656,329.7653157398681,496.9273715141099
std,287.3243432554502,235.30288900386736,233.5449296710762,228.78258237131917
min,0.0,1.0,0.0,0.0
max,999.0,999.0,990.0,995.0
