stats,Open,High,Low,Close
count,15013,15013,15013,15013
mean,500.4934390195164,666.6978618530607,332.58562579098117,499.75008326117364
std,288.5639862622877,236.55156559520466,235.1316565142884,229.83446329132866
min,0.0,9.0,0.0,8.0
max,999.0,999.0,995.0,997.0
