stats,Open,High,Low,Close
count,18336,18336,18336,18336
mean,497.73031195462477,667.6685754799302,334.7319480802792,503.2265488656195
std,285.85701813712774,234.71300416496925,236.0526630870042,229.7959480558715
min,0.0,5.0,0.0,3.0
max,999.0,999.0,988.0,997.0
