stats,Open,High,Low,Close
count,17300,17300,17300,17300
mean,497.74549132947976,663.9822543352601,333.4542774566474,498.2126589595376
std,287.00416361083836,234.20872135882192,235.94320297594874,229.64482923407465
min,0.0,7.0,0.0,4.0
max,999.0,999.0,991.0,994.0
