stats,Open,High,Low,Close
count,15224,15224,15224,15224
mean,492.88839989490276,661.1041119285339,328.7982133473463,496.7348265895954
std,289.33182513830934,237.08655996635213,235.86923803661702,230.24663973310317
min,0.0,1.0,0.0,1.0
max,999.0,999.0,987.0,995.0
