stats,Open,High,Low,Close
count,19593,19593,19593,19593
mean,498.8271831776655,666.9821875159496,332.5257489919869,501.6620731894044
std,289.7133589979977,235.21907362315127,235.60976957410824,228.71863756321218
min,0.0,2.0,0.0,2.0
max,999.0,999.0,988.0,997.0
