stats,Open,High,Low,Close
count,17822,17822,17822,17822
mean,499.9000673325104,669.67876781506,334.7458197733139,502.31062731455506
std,289.08127228974945,233.58264231522466,236.39096521006917,228.98620732972705
min,0.0,7.0,0.0,1.0
max,999.0,999.0,989.0,995.0
