stats,Open,High,Low,Close
count,12172,12172,12172,12172
mean,499.08946763062767,665.8934439697666,334.4686986526454,499.6484554715741
std,290.4634186639287,235.0084786337054,237.34759278815585,230.9970780086949
min,0.0,8.0,0.0,1.0
max,999.0,999.0,994.0,996.0
