stats,Open,High,Low,Close
count,19974,19974,19974,19974
mean,496.33498548112544,664.9782216881947,331.2245419044758,497.3834985481125
std,288.7596780808961,236.2027148482813,235.23094280236046,230.4688025376301
min,0.0,6.0,0.0,1.0
max,999.0,999.0,995.0,998.0
