stats,Open,High,Low,Close
count,11097,11097,11097,11097
mean,502.1681535550149,666.6674776966747,335.33630711002974,502.3981256195368
std,290.53992856820537,236.35488272286972,238.28405375925422,232.04298818768532
min,0.0,5.0,0.0,5.0
max,999.0,999.0,995.0,996.0
