stats,Open,High,Low,Close
count,19130,19130,19130,19130
mean,499.07229482488236,664.9519602718243,330.5251437532671,497.93125980135915
std,288.6304253776266,234.14312307497337,235.66833969403854,228.64083705682916
min,0.0,6.0,0.0,2.0
max,999.0,999.0,994.0,998.0
