stats,Open,High,Low,Close
count,10222,10222,10222,10222
mean,497.1382312658971,668.3899432596361,329.4550968499315,499.483760516533
std,288.3560751427602,234.2323212613237,236.40819909657034,231.17340592446155
min,0.0,5.0,0.0,2.0
max,999.0,999.0,988.0,997.0
