stats,Open,High,Low,Close
count,10613,10613,10613,10613
mean,500.6736078394422,665.422218034486,332.3594648073118,497.5881466126449
std,287.55979030153384,234.91738269151577,234.33529985750474,229.97410308098733
min,0.0,10.0,0.0,4.0
max,999.0,999.0,985.0,995.0
