stats,Open,High,Low,Close
count,12674,12674,12674,12674
mean,504.58079532902,671.5559412971437,333.51925201199305,503.32199779075273
std,290.48857150739195,235.2777391127874,236.692580611651,229.89559158243898
min,0.0,9.0,0.0,3.0
max,999.0,999.0,989.0,995.0
