stats,Open,High,Low,Close
count,15540,15540,15540,15540
mean,499.56106821106823,668.0258687258687,330.86280566280567,498.92458172458174
std,288.9899242767832,234.2395925760896,234.3375077529122,228.73610173109137
min,0.0,9.0,0.0,1.0
max,999.0,999.0,990.0,994.0
