stats,Open,High,Low,Close
count,18426,18426,18426,18426
mean,500.10767393899926,668.3541191794204,333.29849126234666,500.94149571258004
std,289.37995684451397,235.8000830191199,235.92307099988494,228.99382380233234
min,0.0,10.0,0.0,5.0
max,999.0,999.0,989.0,998.0
