stats,Open,High,Low,Close
count,11844,11844,11844,11844
mean,498.09245187436676,665.6034278959811,333.0833333333333,499.5675447483958
std,289.7090714696398,237.84800167140747,235.75572247861865,231.43819479721506
min,0.0,4.0,0.0,3.0
max,999.0,999.0,992.0,999.0
