stats,Open,High,Low,Close
count,14108,14108,14108,14108
mean,497.698114544939,665.4912815423872,330.42054153671677,498.10490501842924
std,289.9308496654186,235.9399990058948,235.79334178528714,229.08129206440603
min,0.0,4.0,0.0,0.0
max,999.0,999.0,989.0,996.0
