stats,Open,High,Low,Close
count,13450,13450,13450,13450
mean,501.99092936802975,666.3979182156133,332.084312267658,499.6218587360595
std,288.7076561274804,235.31329534410258,235.6649004492005,230.81482338799304
min,0.0,10.0,0.0,5.0
max,999.0,999.0,995.0,998.0
