stats,Open,High,Low,Close
count,16488,16488,16488,16488
mean,499.0466399805919,669.1317928190199,331.0050339640951,499.4099344978166
std,289.21095559876096,234.6685057968357,237.8630731046867,228.53207985174336
min,0.0,5.0,0.0,2.0
max,999.0,999.0,999.0,999.0
