stats,Open,High,Low,Close
count,18925,18925,18925,18925
mean,500.44031704095113,666.2175429326288,334.384570673712,499.9867899603699
std,286.92246614152253,234.0791093912035,235.61915887887383,230.05412005797317
min,0.0,10.0,0.0,5.0
max,999.0,999.0,992.0,997.0
