stats,Open,High,Low,Close
count,13313,13313,13313,13313
mean,496.9915120558852,663.9480958461654,329.3523623525877,496.0594907233531
std,287.4594202184028,236.1322857324911,231.9039846316927,227.8235163533754
min,0.0,13.0,0.0,4.0
max,999.0,999.0,989.0,995.0
