stats,Open,High,Low,Close
count,11427,11427,11427,11427
mean,496.8605933315831,663.7848954231207,331.78086986960705,497.90881246171347
std,288.7711069778344,236.62346060853312,236.44525015055834,230.95579548120443
min,0.0,15.0,0.0,1.0
max,999.0,999.0,982.0,999.0
