stats,Open,High,Low,Close
count,18032,18032,18032,18032
mean,504.1753549245785,668.8253105590062,335.00166370896187,503.7101264418811
std,286.94870517087514,234.32450511389135,235.12063297103234,230.25137293522613
min,0.0,7.0,0.0,4.0
max,999.0,999.0,986.0,996.0
