stats,Open,High,Low,Close
count,16705,16705,16705,16705
mean,497.22334630350196,664.7647410954804,331.3455252918288,498.85878479497154
std,288.93523106387767,236.48183138503845,235.4207297518361,229.57359715484654
min,0.0,5.0,0.0,2.0
max,999.0,999.0,995.0,995.0
