stats,Open,High,Low,Close
count,15084,15084,15084,15084
mean,501.98183505701405,665.665605940069,335.28480509148767,500.7659108989658
std,291.3795021204658,237.28392632678714,236.60204544913776,232.97362476113545
min,0.0,15.0,0.0,1.0
max,999.0,999.0,994.0,998.0
