stats,Open,High,Low,Close
count,15982,15982,15982,15982
mean,501.1713803028407,664.7624202227506,335.97215617569765,501.5733950694531
std,288.6531220017089,236.2360663896112,236.55342122741104,229.63344217539546
min,0.0,3.0,0.0,3.0
max,999.0,999.0,986.0,996.0
