stats,Open,High,Low,Close
count,14399,14399,14399,14399
mean,501.35814987151883,667.0857698451281,333.167442183485,499.582262657129
std,290.53425815539526,236.6564389830025,236.37008396234677,229.64386390766163
min,0.0,13.0,0.0,1.0
max,999.0,999.0,993.0,997.0
