stats,Open,High,Low,Close
count,17865,17865,17865,17865
mean,499.3773859501819,665.984550797649,333.24304506017353,499.72454520011195
std,287.2093394000255,235.46446983538806,235.835544827096,230.66781801681202
min,0.0,10.0,0.0,2.0
max,999.0,999.0,995.0,997.0
