stats,Open,High,Low,Close
count,18660,18660,18660,18660
mean,500.5334405144695,665.0905144694534,334.33885316184353,499.21773847802785
std,289.49556840718293,236.63415282938576,238.09136945866086,231.78143705642265
min,0.0,6.0,0.0,1.0
max,999.0,999.0,995.0,998.0
