stats,Open,High,Low,Close
count,14724,14724,14724,14724
mean,499.4386715566422,665.8347595762021,333.994430861179,500.3778864439011
std,286.12721584292626,233.07349198023854,235.05190877667147,230.23757039093806
min,0.0,10.0,0.0,2.0
max,999.0,999.0,994.0,996.0
