stats,Open,High,Low,Close
count,18815,18815,18815,18815
mean,500.83305872973693,667.9756045708211,334.82242891310125,500.4946585171406
std,288.5096811432812,235.1863124478096,236.00930159600085,229.43286797320235
min,0.0,3.0,0.0,2.0
max,999.0,999.0,994.0,995.0
