stats,Open,High,Low,Close
count,10504,10504,10504,10504
mean,496.55854912414316,663.8521515613099,326.8899466869764,493.48952779893375
std,287.63964232728546,236.62834883600314,232.7413363308963,228.96292583731585
min,0.0,3.0,0.0,3.0
max,999.0,999.0,992.0,995.0
