stats,Open,High,Low,Close
count,10253,10253,10253,10253
mean,498.8912513410709,667.044474787867,335.3224422120355,499.54618160538377
std,289.6166873130007,236.0258008554968,235.98055074164625,230.553998561578
min,0.0,3.0,0.0,1.0
max,999.0,999.0,986.0,993.0
