stats,Open,High,Low,Close
count,19717,19717,19717,19717
mean,499.217883045088,663.0660851042247,330.56793629862557,496.241263883958
std,289.0355914714843,238.04390186136985,234.19835061326083,229.66484499805892
min,0.0,9.0,0.0,0.0
max,999.0,999.0,987.0,997.0
