stats,Open,High,Low,Close
count,14848,14848,14848,14848
mean,498.05637122844826,668.3616648706897,331.1310614224138,499.7949892241379
std,288.5462602187141,235.00313706380106,234.17812684703614,229.25983908236182
min,0.0,8.0,0.0,5.0
max,999.0,999.0,990.0,994.0
