stats,Open,High,Low,Close
count,16505,16505,16505,16505
mean,497.10554377461375,667.2908209633445,332.2416843380794,502.23489851560134
std,288.05175954058495,236.2352601997001,236.0064304183502,229.29826910150362
min,0.0,7.0,0.0,5.0
max,999.0,999.0,987.0,998.0
