stats,Open,High,Low,Close
count,16918,16918,16918,16918
mean,498.34945028963233,663.7509161839461,331.27018560113487,497.5741813453127
std,288.5122570353803,236.7065891796107,235.3265923578012,229.4982391409085
min,0.0,0.0,0.0,0.0
max,999.0,999.0,993.0,996.0
