stats,Open,High,Low,Close
count,18824,18824,18824,18824
mean,502.2503187420314,668.2857522311942,336.16834891627707,502.9736506587335
std,288.8518559801675,234.7515666324269,237.5257500506274,229.98370193852043
min,0.0,1.0,0.0,1.0
max,999.0,999.0,997.0,998.0
