stats,Open,High,Low,Close
count,12487,12487,12487,12487
mean,495.61680147353246,664.8439977576679,331.3552494594378,496.54112276767836
std,289.35771519942347,236.89851714379034,235.96959892936482,230.69954947216291
min,0.0,10.0,0.0,2.0
max,999.0,999.0,997.0,998.0
