stats,Open,High,Low,Close
count,18129,18129,18129,18129
mean,500.1764024491147,665.7859231066248,334.8470406530972,501.03100005516023
std,288.83321711570767,236.47480363490902,236.62286334926367,231.28127976922067
min,0.0,8.0,0.0,1.0
max,999.0,999.0,994.0,996.0
