stats,Open,High,Low,Close
count,18350,18350,18350,18350
mean,502.5183651226158,668.539455040872,336.03340599455044,501.9207629427793
std,286.92827186575084,234.67021802660165,236.51269263034035,229.8974932865531
min,0.0,2.0,0.0,2.0
max,999.0,999.0,991.0,999.0
