stats,Open,High,Low,Close
count,13493,13493,13493,13493
mean,499.32661379974803,669.6385533239458,331.85451715704437,502.9448602979323
std,290.7173376037466,234.8902384515297,235.9383718559815,230.3225597783352
min,0.0,0.0,0.0,0.0
max,999.0,999.0,984.0,993.0
