stats,Open,High,Low,Close
count,17676,17676,17676,17676
mean,496.678716904277,664.6055668703326,332.8069699026929,497.2098891151844
std,288.6615063667046,235.57248694630292,236.10907715666988,230.57956562867727
min,0.0,2.0,0.0,2.0
max,999.0,999.0,995.0,999.0
