stats,Open,High,Low,Close
count,13214,13214,13214,13214
mean,498.4601937339186,664.6637657030423,333.69237172695625,501.1746632359619
std,289.0577560432515,236.1705121162152,233.35584255348343,228.33417934100024
min,0.0,4.0,0.0,1.0
max,999.0,999.0,994.0,999.0
