stats,Open,High,Low,Close
count,18875,18875,18875,18875
mean,501.26553642384107,666.8743841059603,333.67300662251654,499.1289536423841
std,287.62675098528143,234.51541884624646,236.97023913413784,229.7653326590344
min,0.0,1.0,0.0,1.0
max,999.0,999.0,991.0,995.0
