stats,Open,High,Low,Close
count,11545,11545,11545,11545
mean,498.4934603724556,665.7042009527934,331.9242096145517,499.8569077522737
std,288.34741208326375,235.51031990162886,235.94124668807467,232.342775700624
min,0.0,2.0,0.0,2.0
max,999.0,999.0,991.0,997.0
