stats,Open,High,Low,Close
count,16720,16720,16720,16720
mean,498.44366028708134,663.8736842105263,333.34156698564595,496.9498205741627
std,288.7593432368842,235.6488616167747,235.6428200208244,228.6825177730295
min,0.0,8.0,0.0,2.0
max,999.0,999.0,992.0,993.0
