stats,Open,High,Low,Close
count,15610,15610,15610,15610
mean,497.2801409352979,665.1499679692505,335.67866752082,501.79564381806534
std,289.1177167380569,236.1457126690082,237.16356240625058,230.0603190623257
min,0.0,2.0,0.0,2.0
max,999.0,999.0,994.0,997.0
