stats,Open,High,Low,Close
count,16648,16648,16648,16648
mean,501.5507568476694,665.0397044690053,333.26657856799613,498.9699663623258
std,289.140928733892,235.0852611282137,235.68520888322385,229.19766698691015
min,0.0,6.0,0.0,1.0
max,999.0,999.0,994.0,994.0
