stats,Open,High,Low,Close
count,10779,10779,10779,10779
mean,506.0821968642731,669.7792930698581,335.51043696075703,501.7420911030708
std,288.504169300231,234.8541936891801,237.80485402269767,230.8240373599859
min,0.0,3.0,0.0,0.0
max,999.0,999.0,985.0,998.0
