stats,Open,High,Low,Close
count,10463,10463,10463,10463
mean,502.53397687087835,668.2843352766893,334.40007645990636,503.15444901079996
std,286.77339034636077,233.89919415107545,235.62268691852148,228.2845718979322
min,0.0,1.0,0.0,0.0
max,999.0,999.0,995.0,996.0
