stats,Open,High,Low,Close
count,13930,13930,13930,13930
mean,503.84967695620963,670.289303661163,336.8447954055994,503.8625269203159
std,289.1642070404319,233.92484373265154,237.21123520811025,231.55694388136556
min,0.0,4.0,0.0,1.0
max,999.0,999.0,992.0,998.0
