stats,Open,High,Low,Close
count,19955,19955,19955,19955
mean,501.8683537960411,669.00461037334,336.6733650714107,501.8740666499624
std,287.27567889458476,234.73450372589699,236.46480189555956,230.02119762011074
min,0.0,3.0,0.0,1.0
max,999.0,999.0,995.0,997.0
