stats,Open,High,Low,Close
count,12271,12271,12271,12271
mean,498.28294352538506,666.3650884198516,330.04164289788935,498.7643223861136
std,289.19680211247976,237.01670277077366,236.96655696843277,231.6508600883081
min,0.0,7.0,0.0,1.0
max,999.0,999.0,987.0,994.0
