stats,Open,High,Low,Close
count,14501,14501,14501,14501
mean,496.4837597407075,667.207227087787,331.0526860216537,499.5256189228329
std,287.674324172248,234.69743872404592,235.00361607604955,229.17074792759823
min,0.0,2.0,0.0,1.0
max,999.0,999.0,995.0,996.0
