stats,Open,High,Low,Close
count,10850,10850,10850,10850
mean,499.32552995391706,669.0477419354838,333.68930875576035,501.7072811059908
std,288.05715945119107,235.36382374927763,236.82875368739235,230.52210081552136
min,0.0,2.0,0.0,1.0
max,999.0,999.0,992.0,999.0
