stats,Open,High,Low,Close
count,14666,14666,14666,14666
mean,495.8038319923633,662.7156688940406,330.68150825037503,497.2052366016637
std,287.4654461364772,236.53593477044544,234.55478908894113,229.39046914150157
min,0.0,4.0,0.0,2.0
max,999.0,999.0,989.0,997.0
