stats,Open,High,Low,Close
count,18458,18458,18458,18458
mean,499.2172499729115,664.2742442301441,335.5070971936288,498.547025679922
std,289.05242926863616,236.28443397008002,237.17954716602634,230.24162155327676
min,0.0,9.0,0.0,3.0
max,999.0,999.0,992.0,997.0
