stats,Open,High,Low,Close
count,12186,12186,12186,12186
mean,492.9576563269325,662.0277367470868,328.87559494501886,495.248071557525
std,288.5724887438177,236.14578734023092,236.39719595500844,231.10390472426144
min,0.0,9.0,0.0,3.0
max,999.0,999.0,994.0,995.0
