stats,Open,High,Low,Close
count,16585,16585,16585,16585
mean,499.8678323786554,669.1079288513718,333.39861320470305,499.4785046728972
std,287.5398441620549,233.74552973885648,235.23012202781285,228.87300501202463
min,0.0,2.0,0.0,2.0
max,999.0,999.0,996.0,996.0
