stats,Open,High,Low,Close
count,13036,13036,13036,13036
mean,497.5966554157717,666.5905185639767,329.96747468548637,497.1428352255293
std,290.89100338567175,236.17116763277326,235.20608111064715,231.1994657113414
min,0.0,7.0,0.0,0.0
max,999.0,999.0,996.0,997.0
