stats,Open,High,Low,Close
count,15509,15509,15509,15509
mean,497.8732993745567,664.9861370816946,331.69765942356054,497.26378231994323
std,289.7950006129725,236.17826299752207,234.9805195177125,229.07928439005607
min,0.0,7.0,0.0,1.0
max,999.0,999.0,990.0,996.0
