stats,Open,High,Low,Close
count,11807,11807,11807,11807
mean,500.0551367832642,665.8935377318539,331.85161344964854,496.5389175912594
std,288.3567143428184,236.45854427898888,235.12435859268638,229.2844421265164
min,0.0,5.0,0.0,0.0
max,999.0,999.0,986.0,995.0
