stats,Open,High,Low,Close
count,15046,15046,15046,15046
mean,498.8492622623953,663.4015685231956,331.717931676193,500.24205768975145
std,287.30860060078777,236.4741593298792,234.52289446742796,229.10851263837756
min,0.0,4.0,0.0,1.0
max,999.0,999.0,992.0,997.0
