stats,Open,High,Low,Close
count,10296,10296,10296,10296
mean,504.0740093240093,667.4740675990676,337.7558275058275,502.3583916083916
std,288.68833740549456,235.07107521084342,239.21679518712043,230.0947207736904
min,0.0,7.0,0.0,6.0
max,999.0,999.0,987.0,997.0
