stats,Open,High,Low,Close
count,18163,18163,18163,18163
mean,498.60160766393216,663.7640257666685,333.7969498430876,498.5206738974839
std,286.71504566694153,234.40384363375176,235.14334043090452,229.34276148535886
min,0.0,11.0,0.0,1.0
max,999.0,999.0,995.0,997.0
