stats,Open,High,Low,Close
count,16050,16050,16050,16050
mean,499.2880373831776,665.2431152647976,333.36685358255454,499.33968847352025
std,288.13500353245905,236.87344918341523,235.89610006774893,230.07089448289122
min,0.0,13.0,0.0,2.0
max,999.0,999.0,998.0,998.0
