stats,Open,High,Low,Close
count,16537,16537,16537,16537
mean,501.6135332889883,665.3289593033803,336.85632218661186,500.5854749954647
std,289.1191304963544,235.34117562425436,236.56326288690036,230.5466964306107
min,0.0,2.0,0.0,1.0
max,999.0,999.0,990.0,997.0
