stats,Open,High,Low,Close
count,19996,19996,19996,19996
mean,501.1475795159032,667.0874174834967,336.85412082416485,502.4868973794759
std,287.35245976618273,234.5334514406701,237.01199557202483,229.4945653326779
min,0.0,11.0,0.0,2.0
max,999.0,999.0,991.0,999.0
