stats,Open,High,Low,Close
count,16344,16344,16344,16344
mean,496.2141458639256,665.8739598629467,332.4151370533529,497.9560083210964
std,290.2786041415433,236.91850532495687,237.09641611867775,230.79062244765737
min,0.0,1.0,0.0,1.0
max,999.0,999.0,995.0,995.0
