stats,Open,High,Low,Close
count,17778,17778,17778,17778
mean,496.79367757903026,666.2602654966813,332.14084823939703,498.89014512318596
std,290.0914219487094,237.4939462700246,235.11550367511518,230.92769154098744
min,0.0,4.0,0.0,1.0
max,999.0,999.0,994.0,999.0
