stats,Open,High,Low,Close
count,18497,18497,18497,18497
mean,502.24209331242906,668.4350975833919,337.84251500243283,504.4356382116019
std,288.1107794817399,234.1025305881631,236.3992322476016,229.22063772356057
min,0.0,15.0,0.0,1.0
max,999.0,999.0,996.0,997.0
