stats,Open,High,Low,Close
count,12058,12058,12058,12058
mean,499.4087742577542,664.7436556642892,332.4995853375352,498.45986067341187
std,288.59093837674385,235.76860039076445,234.47861945671696,230.26814986095795
min,0.0,4.0,0.0,2.0
max,999.0,999.0,990.0,998.0
