stats,Open,High,Low,Close
count,12080,12080,12080,12080
mean,497.70612582781456,664.7989238410596,334.3115894039735,499.08402317880797
std,286.85321567637476,234.2720718342829,236.17527689998207,229.29495267486539
min,0.0,2.0,0.0,2.0
max,999.0,999.0,987.0,998.0
