stats,Open,High,Low,Close
count,10248,10248,10248,10248
mean,502.7078454332553,666.8558743169399,337.7423887587822,503.1416861826698
std,287.0939480964255,234.63707560527658,236.11001398633607,229.44537706195996
min,0.0,9.0,0.0,3.0
max,999.0,999.0,987.0,997.0
