stats,Open,High,Low,Close
count,13937,13937,13937,13937
mean,500.0609887350219,666.0574011623736,333.70746932625383,499.08976106766164
std,287.2104807098624,234.6524303419318,235.50501595431425,227.92862699997227
min,0.0,0.0,0.0,0.0
max,999.0,999.0,993.0,993.0
