stats,Open,High,Low,Close
count,14190,14190,14190,14190
mean,502.63453136011276,668.2513742071882,334.0842847075405,501.72367864693445
std,289.3507607704691,234.73667457094382,235.86995763683527,229.35365084476715
min,0.0,8.0,0.0,1.0
max,999.0,999.0,990.0,993.0
