stats,Open,High,Low,Close
count,19721,19721,19721,19721
mean,501.5817149231783,667.9228233862381,333.9762689518787,500.96491050149586
std,289.1223798598475,234.93316693870494,235.9245623765133,228.85461647661907
min,0.0,6.0,0.0,1.0
max,999.0,999.0,994.0,997.0
