stats,Open,High,Low,Close
count,14836,14836,14836,14836
mean,498.49110272310594,663.9523456457266,332.79596926395254,498.68293340523053
std,287.7880412946392,236.5130674951113,235.48827994152646,230.68824627896888
min,0.0,6.0,0.0,1.0
max,999.0,999.0,998.0,999.0
