stats,Open,High,Low,Close
count,19218,19218,19218,19218
mean,499.54495785201374,664.9362576750963,333.63185555208656,500.12686023519615
std,289.7576643801609,236.75698259963073,237.09327186756238,231.75310219161196
min,0.0,5.0,0.0,1.0
max,999.0,999.0,993.0,996.0
