stats,Open,High,Low,Close
count,14260,14260,14260,14260
mean,499.6814165497896,665.0470546984573,333.795301542777,499.85820476858345
std,288.7654749470268,235.066084153733,235.60514655259124,229.21341563579975
min,0.0,6.0,0.0,1.0
max,999.0,999.0,981.0,999.0
