stats,Open,High,Low,Close
count,11735,11735,11735,11735
mean,502.9496378355347,667.3334469535578,333.1486152535151,500.94103110353643
std,291.8762114176877,237.3314496547673,236.88516512622095,230.5792675760097
min,0.0,7.0,0.0,3.0
max,999.0,999.0,999.0,999.0
