stats,Open,High,Low,Close
count,12707,12707,12707,12707
mean,497.9330290391123,663.4913827024475,329.3461871409459,493.85866058078227
std,288.60696104524976,236.87555516060897,234.7586528089842,229.37539182007166
min,0.0,9.0,0.0,2.0
max,999.0,999.0,995.0,998.0
