stats,Open,High,Low,Close
count,11594,11594,11594,11594
mean,501.8098154217699,669.1565464895635,333.92418492323617,502.72149387614286
std,288.38957060839437,234.3904348480438,235.92589967042895,229.3550101217881
min,0.0,9.0,0.0,1.0
max,999.0,999.0,990.0,999.0
