stats,Open,High,Low,Close
count,12592,12592,12592,12592
mean,500.6320679796696,663.8055908513342,335.81154701397713,498.2935991105464
std,287.9215308171749,234.73484434921053,235.9234104436246,229.24228463063
min,0.0,5.0,0.0,3.0
max,999.0,999.0,992.0,995.0
