stats,Open,High,Low,Close
count,18017,18017,18017,18017
mean,498.61858244990844,666.5185657989676,333.9867902536493,501.11972026419494
std,288.5406635569749,236.66460865864354,234.58822182177002,230.30374987154457
min,0.0,5.0,0.0,1.0
max,999.0,999.0,995.0,997.0
