stats,Open,High,Low,Close
count,13624,13624,13624,13624
mean,501.17814151497356,667.6169260129184,335.17263652378153,500.8556224310041
std,288.0587815106721,235.1135512506919,237.9805347723856,230.8749916380704
min,0.0,1.0,0.0,1.0
max,999.0,999.0,996.0,996.0
