stats,Open,High,Low,Close
count,16311,16311,16311,16311
mean,495.8637116056649,664.9862056281038,329.56802158052847,495.650665195267
std,288.2694108308722,235.88496841882767,234.83213309622238,229.88181639465893
min,0.0,5.0,0.0,2.0
max,999.0,999.0,996.0,997.0
