stats,Open,High,Low,Close
count,15804,15804,15804,15804
mean,501.63123259934196,668.560491014933,333.6729309035687,500.16457858769934
std,290.7619502739559,236.31221232785617,237.22037927893288,231.17211590117623
min,0.0,8.0,0.0,3.0
max,999.0,999.0,992.0,994.0
