stats,Open,High,Low,Close
count,16593,16593,16593,16593
mean,500.54577231362623,665.611583197734,333.8214307237992,499.62393780509854
std,288.7494440006339,234.99441350046752,236.6636260264648,228.66333735912306
min,0.0,4.0,0.0,2.0
max,999.0,999.0,989.0,998.0
