stats,Open,High,Low,Close
count,13834,13834,13834,13834
mean,497.0383114066792,662.8149486771722,334.86338007806853,496.6481133439352
std,287.8494595007053,236.4439659315047,234.90068897192978,228.74368476215543
min,0.0,4.0,0.0,4.0
max,999.0,999.0,993.0,996.0
