stats,Open,High,Low,Close
count,16249,16249,16249,16249
mean,500.8542064127023,666.1201920118161,332.8811003754077,498.89211643793465
std,287.6390109432013,234.03645612012352,234.89181858481203,228.25483874529874
min,0.0,6.0,0.0,2.0
max,999.0,999.0,998.0,999.0
