stats,Open,High,Low,Close
count,16788,16788,16788,16788
mean,498.0359780795807,665.523588277341,331.021265189421,499.03925422921134
std,288.2807100944275,237.26596946636909,234.75297044764372,231.02898475970125
min,0.0,3.0,0.0,1.0
max,999.0,999.0,990.0,997.0
