stats,Open,High,Low,Close
count,13922,13922,13922,13922
mean,495.8824163194943,663.2600201120529,331.58396782071543,499.51709524493606
std,287.2344676927776,234.5792922340601,235.73107809152444,228.9171974459269
min,0.0,9.0,0.0,8.0
max,999.0,999.0,988.0,992.0
