stats,Open,High,Low,Close
count,16162,16162,16162,16162
mean,495.6237470610073,661.8402425442396,330.8237223115951,496.4071897042445
std,288.69306233472236,237.73086220142451,234.4348395677305,231.1905902004882
min,0.0,12.0,0.0,3.0
max,999.0,999.0,997.0,997.0
