stats,Open,High,Low,Close
count,16382,16382,16382,16382
mean,500.8286534000733,669.7956293492858,332.50341838603345,502.10914418263945
std,289.5479384668739,235.68140785779437,235.88912432786782,230.58254205851546
min,0.0,5.0,0.0,3.0
max,999.0,999.0,990.0,997.0
