stats,Open,High,Low,Close
count,13225,13225,13225,13225
mean,501.7782986767486,668.0351606805293,335.396370510397,503.72960302457466
std,290.1936612128973,235.04105918904853,237.56088152485668,231.43122500468664
min,0.0,4.0,0.0,3.0
max,999.0,999.0,991.0,999.0
