stats,Open,High,Low,Close
count,10984,10984,10984,10984
mean,500.2030225782957,669.5100145666424,332.15294974508373,501.50109249817916
std,290.08482548781967,234.25942535236572,236.11309554003606,230.8527635766129
min,0.0,7.0,0.0,4.0
max,999.0,999.0,994.0,998.0
