stats,Open,High,Low,Close
count,12212,12212,12212,12212
mean,495.73722567965933,661.5576482148706,330.97985587946283,496.15615787749755
std,285.66536654371106,234.03192161277772,233.59601686379796,228.79411372467058
min,0.0,8.0,0.0,4.0
max,999.0,999.0,998.0,998.0
