stats,Open,High,Low,Close
count,13336,13336,13336,13336
mean,499.2736952609478,667.9493851229754,329.30736352729457,498.8114127174565
std,288.6439966573391,236.78340654471583,234.54771114885597,230.26457528437754
min,0.0,8.0,0.0,4.0
max,999.0,999.0,993.0,996.0
