stats,Open,High,Low,Close
count,11105,11105,11105,11105
mean,500.45646105357946,665.6244934714093,336.972985141828,501.6425934263845
std,287.9020105021834,234.26365724864098,237.19771523881113,229.6306853664408
min,0.0,8.0,0.0,2.0
max,999.0,999.0,976.0,995.0
