stats,Open,High,Low,Close
count,13279,13279,13279,13279
mean,504.3385797123277,669.5829505233828,336.490323066496,501.4920551246329
std,287.4470906534108,232.78330331804355,237.04988510290886,228.84025914343923
min,0.0,5.0,0.0,5.0
max,999.0,999.0,989.0,998.0
