stats,Open,High,Low,Close
count,13956,13956,13956,13956
mean,495.8382774433935,661.6947549441101,331.96682430495844,496.9749928346231
std,289.454913167621,237.16399840501188,235.19096514375175,229.73743713881225
min,0.0,12.0,0.0,2.0
max,999.0,999.0,989.0,998.0
