stats,Open,High,Low,Close
count,11007,11007,11007,11007
mean,504.8608158444626,668.7648768965204,338.87135459253204,503.8367402562006
std,288.1062852143909,236.07148628821128,236.65205810496397,231.23824645560535
min,0.0,8.0,0.0,7.0
max,999.0,999.0,995.0,997.0
