stats,Open,High,Low,Close
count,17711,17711,17711,17711
mean,497.818305008187,664.641860990345,334.00982440291347,498.7276268985376
std,288.0251388215918,235.13311310102966,236.54959408648702,231.48856892336713
min,0.0,10.0,0.0,0.0
max,999.0,999.0,991.0,997.0
