stats,Open,High,Low,Close
count,12066,12066,12066,12066
mean,497.80250290071274,667.7785513011769,332.7555942317255,499.2759820984585
std,289.27348588576774,234.14459109508888,235.08492337336972,229.07527450767725
min,0.0,5.0,0.0,4.0
max,999.0,999.0,986.0,992.0
