stats,Open,High,Low,Close
count,16939,16939,16939,16939
mean,498.357222976563,664.213826081823,335.9150481138202,500.1082708542417
std,287.84090103746377,234.1616759637167,236.40415744140608,229.04169818161685
min,0.0,9.0,0.0,0.0
max,999.0,999.0,995.0,997.0
