stats,Open,High,Low,Close
count,17882,17882,17882,17882
mean,500.00167766469076,667.1186668157924,332.99038138910635,500.04429034783584
std,289.35425135599866,235.36117603090926,235.75382006127882,229.97781105014906
min,0.0,4.0,0.0,4.0
max,999.0,999.0,985.0,992.0
