stats,Open,High,Low,Close
count,15890,15890,15890,15890
mean,498.3794839521712,665.5383259911895,332.83763373190686,498.76431718061673
std,288.19481339819174,236.49890052384674,234.68315226227335,229.564536767979
min,0.0,4.0,0.0,4.0
max,999.0,999.0,991.0,999.0
