stats,Open,High,Low,Close
count,13677,13677,13677,13677
mean,501.3732543686481,667.6541639248373,334.76149740440155,502.38846238210135
std,289.8130237493652,235.8145817762543,235.89374674765187,229.2715975020215
min,0.0,4.0,0.0,3.0
max,999.0,999.0,990.0,999.0
