stats,Open,High,Low,Close
count,10993,10993,10993,10993
mean,498.2567088147003,664.9939961793868,331.5665423451287,497.5840080050942
std,289.21804013984456,235.45969424330394,235.36049952286157,228.52830581811736
min,0.0,6.0,0.0,5.0
max,999.0,999.0,995.0,998.0
