stats,Open,High,Low,Close
count,18243,18243,18243,18243
mean,500.2194814449378,666.19020994354,332.3209998355534,500.148988653182
std,287.75740960771236,235.39899505918962,235.60619877792956,230.52386927590302
min,0.0,0.0,0.0,0.0
max,999.0,999.0,996.0,997.0
