stats,Open,High,Low,Close
count,18528,18528,18528,18528
mean,500.5527310017271,665.9147236614854,332.98348445595855,498.9083549222798
std,288.7886643709813,237.3521107237475,236.46801197164746,230.51337197430772
min,0.0,5.0,0.0,0.0
max,999.0,999.0,999.0,999.0
