stats,Open,High,Low,Close
count,19451,19451,19451,19451
mean,498.9102873888232,664.087039226775,330.5339571230271,498.5580175826436
std,289.5062447170244,238.3198334487568,233.94862797344888,230.02337349404556
min,0.0,3.0,0.0,1.0
max,999.0,999.0,989.0,996.0
