stats,Open,High,Low,Close
count,17058,17058,17058,17058
mean,500.1682495017001,666.1878883808184,331.95620823074216,499.1562316801501
std,289.02865297368027,236.3585319391583,234.67924823207886,229.38940653935558
min,0.0,11.0,0.0,3.0
max,999.0,999.0,998.0,998.0
