stats,Open,High,Low,Close
count,15325,15325,15325,15325
mean,500.44574225122346,666.9047308319739,331.9284828711256,499.6110277324633
std,289.44323823177643,235.72673564727117,237.17218726482903,231.86268207067604
min,0.0,4.0,0.0,4.0
max,999.0,999.0,995.0,995.0
