stats,Open,High,Low,Close
count,10060,10060,10060,10060
mean,498.07972166998013,664.9834990059642,332.991550695825,499.0174950298211
std,289.0722575117692,236.80689609984918,235.94723383622565,232.30737068951365
min,0.0,4.0,0.0,4.0
max,999.0,999.0,995.0,998.0
