stats,Open,High,Low,Close
count,10961,10961,10961,10961
mean,500.5072529878661,667.5817899826658,331.74153818082294,500.6442842806313
std,288.92975298501347,235.97482833974294,235.11804008132773,230.1318596285528
min,0.0,14.0,0.0,5.0
max,999.0,999.0,987.0,998.0
