stats,Open,High,Low,Close
count,19039,19039,19039,19039
mean,497.1646094857923,666.4146751405011,329.8378591312569,498.5654708755712
std,288.8886566780307,234.2086690510627,233.01038744928834,227.13584710997392
min,0.0,3.0,0.0,3.0
max,999.0,999.0,995.0,997.0
