stats,Open,High,Low,Close
count,11086,11086,11086,11086
mean,504.56855493415117,666.2185639545372,337.29289193577483,501.883456611943
std,287.2128582197708,235.38380819437157,236.89389664175636,230.23873578452358
min,0.0,3.0,0.0,2.0
max,999.0,999.0,998.0,999.0
