stats,Open,High,Low,Close
count,13417,13417,13417,13417
mean,500.1360214653052,670.2496832376835,331.10397257211,501.9246478348364
std,289.8353819936385,234.1574018608841,236.88502339354233,230.32361647888638
min,0.0,5.0,0.0,4.0
max,999.0,999.0,990.0,996.0
