stats,Open,High,Low,Close
count,16521,16521,16521,16521
mean,504.99092064645,668.1190605895526,333.4066339809939,499.39023061558015
std,291.0222427948384,237.74068609756154,237.6697994049895,231.2863893472535
min,0.0,12.0,0.0,2.0
max,999.0,999.0,997.0,997.0
