stats,Open,High,Low,Close
count,15186,15186,15186,15186
mean,500.49203213486106,665.3340576847096,334.2626761490847,499.1606084551561
std,287.718865172388,235.72898587023928,234.0339968922029,227.90992208152252
min,0.0,4.0,0.0,3.0
max,999.0,999.0,993.0,994.0
