stats,Open,High,Low,Close
count,10080,10080,10080,10080
mean,503.4000992063492,666.8864087301587,334.84494047619046,502.472123015873
std,290.3251020621184,235.87163040132037,236.50675769910188,229.3504578581672
min,0.0,4.0,0.0,1.0
max,999.0,999.0,996.0,998.0
