stats,Open,High,Low,Close
count,12314,12314,12314,12314
mean,497.6542147149586,664.9601266850739,331.1374045801527,498.44282929998377
std,288.72591598950316,236.02432975855785,234.2564650300721,230.50258336200267
min,0.0,6.0,0.0,1.0
max,999.0,999.0,995.0,999.0
