stats,Open,High,Low,Close
count,15432,15432,15432,15432
mean,498.5230041472265,665.3566614826335,332.38258164852255,498.7562856402281
std,290.07439082974827,238.30134576547434,235.4565129815011,230.69710739832178
min,0.0,12.0,0.0,6.0
max,999.0,999.0,987.0,997.0
