stats,Open,High,Low,Close
count,17866,17866,17866,17866
mean,497.82962050822795,663.023620284339,331.63707601029887,497.4526474868465
std,289.29121983234563,236.68577045119156,234.0360308687538,228.83697877958878
min,0.0,6.0,0.0,4.0
max,999.0,999.0,994.0,996.0
