stats,Open,High,Low,Close
count,12270,12270,12270,12270
mean,495.44637326813364,661.4901385493073,331.1888345558272,496.3153219233904
std,286.69832250801704,236.54586599627035,235.06865818798127,228.7574296326808
min,0.0,4.0,0.0,3.0
max,999.0,999.0,995.0,996.0
