stats,Open,High,Low,Close
count,16684,16684,16684,16684
mean,496.7757731958763,663.9297530568209,332.88180292495804,500.36903620234955
std,289.52271274786,237.1778989105388,236.20489021137038,230.41795950685756
min,0.0,8.0,0.0,2.0
max,999.0,999.0,996.0,999.0
