stats,Open,High,Low,Close
count,17806,17806,17806,17806
mean,500.33943614511963,667.2269459732674,331.62888913849264,497.53425811524204
std,288.50632915555855,236.43706760338918,237.00662828997042,230.78725365708283
min,0.0,3.0,0.0,3.0
max,999.0,999.0,995.0,996.0
