stats,Open,High,Low,Close
count,15312,15312,15312,15312
mean,497.10220741901776,665.7331504702195,331.9752481713689,499.51952716823405
std,287.7386266703273,235.0523515550897,235.58352473696837,229.68555120069897
min,0.0,7.0,0.0,0.0
max,999.0,999.0,991.0,995.0
