stats,Open,High,Low,Close
count,16966,16966,16966,16966
mean,497.96204173051984,664.4403512908169,331.14452434280327,497.07002239773664
std,289.6414971126941,234.64621966215304,236.2473474419882,230.59803627998537
min,0.0,10.0,0.0,0.0
max,999.0,999.0,994.0,998.0
