stats,Open,High,Low,Close
count,10932,10932,10932,10932
mean,496.746066593487,663.114434687157,329.2712221002561,495.81439809732893
std,287.3890510472984,236.02717930332588,233.57547984961815,228.02853294960528
min,0.0,11.0,0.0,9.0
max,999.0,999.0,987.0,996.0
