stats,Open,High,Low,Close
count,17676.0,17676.0,17676.0,17676.0
mean,501.8521158633176,666.0556687033267,333.6688164743148,499.34725050916506
std,288.66098020927825,235.4795247479116,237.8543223411904,230.89581142314117
min,0.0,7.0,0.0,1.0
max,999.0,999.0,996.0,997.0
