stats,Open,High,Low,Close
count,11537.0,11537.0,11537.0,11537.0
mean,493.1345237063362,661.8766577099765,332.978330588541,498.2143538181505
std,286.7719535886478,237.0767949041671,236.9494788536341,230.08774386561214
min,0.0,8.0,0.0,6.0
max,999.0,999.0,995.0,995.0
