stats,Open,High,Low,Close
count,12007.0,12007.0,12007.0,12007.0
mean,499.96327142500155,667.0442242025483,333.4667277421504,501.37877904555654
std,289.22676571487716,236.84691588090573,235.56750203314826,230.262541512357
min,0.0,11.0,0.0,1.0
max,999.0,999.0,997.0,997.0
