stats,Open,High,Low,Close
count,13744.0,13744.0,13744.0,13744.0
mean,497.6607974388823,666.8109720605357,333.49854481955754,501.1169965075664
std,288.6159951450101,234.74750840452538,236.67366453875562,228.57218101042932
min,0.0,7.0,0.0,5.0
max,999.0,999.0,988.0,992.0
