stats,Open,High,Low,Close
count,17758.0,17758.0,17758.0,17758.0
mean,498.2366820587897,666.7904606374591,332.7932199572024,500.38422119608083
std,289.42591537429206,236.1714756056192,235.43230648238054,229.71166437576335
min,0.0,4.0,0.0,2.0
max,999.0,999.0,994.0,998.0
