stats,Open,High,Low,Close
count,19593.0,19593.0,19593.0,19593.0
mean,498.82718317766546,666.9821875159492,332.525748991987,501.66207318940457
std,289.7133589979976,235.21907362315125,235.6097695741083,228.71863756321235
min,0.0,2.0,0.0,2.0
max,999.0,999.0,988.0,997.0
