stats,Open,High,Low,Close
count,14795.0,14795.0,14795.0,14795.0
mean,496.26373774923985,662.8616424467724,329.22791483609313,497.32740790807713
std,288.04947748609453,235.6853983345361,233.13373663161298,228.75189832649323
min,0.0,5.0,0.0,3.0
max,999.0,999.0,992.0,997.0
