stats,Open,High,Low,Close
count,17808.0,17808.0,17808.0,17808.0
mean,501.039757412399,668.3407457322551,331.9920822102424,500.25016846361194
std,290.35450084826175,237.53800739290457,236.0236602244503,229.77239727946568
min,0.0,11.0,0.0,6.0
max,999.0,999.0,993.0,996.0
