stats,Open,High,Low,Close
count,13991.0,13991.0,13991.0,13991.0
mean,498.6902294332073,668.9139446787221,332.0904152669574,499.49438925023225
std,287.50536104077884,234.20278573398923,233.75648280654698,228.49978881585187
min,0.0,2.0,0.0,2.0
max,999.0,999.0,988.0,992.0
