stats,Open,High,Low,Close
count,12806.0,12806.0,12806.0,12806.0
mean,500.08527252850223,666.4323754490082,333.2685459940652,500.14618147743215
std,286.9117167702,234.46556091075175,235.67675953308617,230.3702000657859
min,0.0,6.0,0.0,4.0
max,999.0,999.0,994.0,996.0
