stats,Open,High,Low,Close
count,16796.0,16796.0,16796.0,16796.0
mean,499.5113122171946,665.5316742081446,331.37741128840196,499.4102762562516
std,288.2689158384636,237.2393585745864,236.20009488198605,230.12292737159623
min,0.0,6.0,0.0,4.0
max,999.0,999.0,998.0,998.0
