stats,Open,High,Low,Close
count,10354.0,10354.0,10354.0,10354.0
mean,496.8185242418391,662.6019895692486,335.3407378790807,500.2158586053697
std,286.72491563167785,235.76363323508426,235.5291503615306,228.503558028498
min,0.0,6.0,0.0,5.0
max,999.0,999.0,995.0,995.0
