stats,Open,High,Low,Close
count,15880.0,15880.0,15880.0,15880.0
mean,496.9478589420647,665.9649244332493,331.1091939546596,496.887972292191
std,289.14338967697597,237.4416887210913,236.32675994945748,230.75305787828316
min,0.0,6.0,0.0,1.0
max,999.0,999.0,992.0,995.0
