stats,Open,High,Low,Close
count,12562.0,12562.0,12562.0,12562.0
mean,495.0183091864353,663.5281802260787,328.6663747810859,494.6453590192641
std,289.4940316253508,237.9347331270957,235.48305659814642,231.69353921273583
min,0.0,7.0,0.0,1.0
max,999.0,999.0,987.0,996.0
