stats,Open,High,Low,Close
count,18426.0,18426.0,18426.0,18426.0
mean,500.1076739389988,668.3541191794203,333.2984912623465,500.9414957125796
std,289.37995684451425,235.8000830191199,235.92307099988486,228.9938238023324
min,0.0,10.0,0.0,5.0
max,999.0,999.0,989.0,998.0
