stats,Open,High,Low,Close
count,18925.0,18925.0,18925.0,18925.0
mean,500.4403170409511,666.2175429326289,334.384570673712,499.9867899603694
std,286.92246614152253,234.07910939120356,235.61915887887383,230.0541200579733
min,0.0,10.0,0.0,5.0
max,999.0,999.0,992.0,997.0
