stats,Open,High,Low,Close
count,18634.0,18634.0,18634.0,18634.0
mean,497.9046366856284,664.9335086401202,333.8199527744978,499.16974347966067
std,287.3312514911578,235.53347569503524,235.81410977095302,229.96081770479884
min,0.0,14.0,0.0,2.0
max,999.0,999.0,997.0,998.0
