stats,Open,High,Low,Close
count,12217.0,12217.0,12217.0,12217.0
mean,502.3064582139644,668.2192027502648,332.4611606777443,500.6505688794301
std,290.44520404671295,234.92359125360684,236.852415270034,230.3609069534198
min,0.0,7.0,0.0,2.0
max,999.0,999.0,984.0,995.0
