stats,Open,High,Low,Close
count,17727.0,17727.0,17727.0,17727.0
mean,502.794325040898,665.6923337282117,337.1097196367124,502.336548767417
std,287.8259555136223,235.6739113371402,236.21419798847515,228.7691521050677
min,0.0,9.0,0.0,2.0
max,999.0,999.0,996.0,998.0
