stats,Open,High,Low,Close
count,10943.0,10943.0,10943.0,10943.0
mean,503.01745408023424,669.1311340583021,335.5761674129584,503.29553138993
std,288.42366025097056,234.62522311731536,236.9529494684248,229.167432948506
min,0.0,16.0,0.0,7.0
max,999.0,999.0,986.0,993.0
