stats,Open,High,Low,Close
count,17896.0,17896.0,17896.0,17896.0
mean,498.256928922664,667.7273692445241,332.777380420206,499.35991282968337
std,287.6198173875626,234.5863863583842,235.7289542592161,229.25891087298402
min,0.0,2.0,0.0,2.0
max,999.0,999.0,993.0,995.0
