stats,Open,High,Low,Close
count,12397.0,12397.0,12397.0,12397.0
mean,495.5547309833024,664.0832459465998,331.9872549810438,496.8815035895781
std,289.515504490997,237.3407232579376,236.37637243832725,231.6217309421919
min,0.0,6.0,0.0,0.0
max,999.0,999.0,988.0,994.0
