stats,Open,High,Low,Close
count,16755.0,16755.0,16755.0,16755.0
mean,499.8704864219628,665.2256042972248,334.9829304685168,500.46672635034304
std,288.9768770808115,236.5417812525474,236.564247881623,230.7128993711682
min,0.0,7.0,0.0,1.0
max,999.0,999.0,987.0,997.0
