stats,Open,High,Low,Close
count,17586.0,17586.0,17586.0,17586.0
mean,502.88490844990366,667.4431934493351,335.5912089161836,502.3310019333562
std,287.3637449735149,235.27259040738406,235.83794311118072,229.61644821719986
min,0.0,13.0,0.0,0.0
max,999.0,999.0,990.0,994.0
