stats,Open,High,Low,Close
count,19179.0,19179.0,19179.0,19179.0
mean,501.6409614682726,667.4622764481985,333.8748109911882,498.89243443349494
std,289.5479146398479,235.27761900983108,234.83507285177367,229.40189353295267
min,0.0,5.0,0.0,2.0
max,999.0,999.0,996.0,996.0
