stats,Open,High,Low,Close
count,16555.0,16555.0,16555.0,16555.0
mean,499.4765327695558,664.5610993657507,332.3400181214137,498.0233766233766
std,288.5776670685215,236.80818891422746,236.13048170014395,229.628719447392
min,0.0,10.0,0.0,4.0
max,999.0,999.0,996.0,998.0
