stats,Open,High,Low,Close
count,19134.0,19134.0,19134.0,19134.0
mean,496.72274485209596,662.9253684540615,329.4333646911259,495.55785512699936
std,289.51322093108683,236.80553876677232,234.14941444547978,229.62137333663088
min,0.0,4.0,0.0,2.0
max,999.0,999.0,995.0,996.0
