stats,Open,High,Low,Close
count,10455.0,10455.0,10455.0,10455.0
mean,501.26724055475864,668.0794835007173,334.6139646102343,499.41912960306104
std,288.41189770979935,235.44807161642845,235.79068873945792,229.44602964906954
min,0.0,3.0,0.0,1.0
max,999.0,999.0,993.0,993.0
