stats,Open,High,Low,Close
count,14051.0,14051.0,14051.0,14051.0
mean,499.00149455554725,665.8117571703083,333.3311508077719,499.0677531848266
std,288.1114284943981,234.75066459230268,234.50150811119852,228.96940595008857
min,0.0,14.0,0.0,2.0
max,999.0,999.0,988.0,999.0
