stats,Open,High,Low,Close
count,18176.0,18176.0,18176.0,18176.0
mean,497.5282790492969,666.9762874119715,333.951309419014,499.51826584506955
std,288.64706020079575,235.33144232294572,238.3168392464879,230.48393415361832
min,0.0,8.0,0.0,5.0
max,999.0,999.0,994.0,998.0
