stats,Open,High,Low,Close
count,13839.0,13839.0,13839.0,13839.0
mean,495.4821157598094,669.4569694342075,329.9239829467449,501.1111351976298
std,288.5599341922191,234.6559969868724,234.3380793965678,229.7461368606123
min,0.0,9.0,0.0,3.0
max,999.0,999.0,998.0,998.0
