stats,Open,High,Low,Close
count,19918.0,19918.0,19918.0,19918.0
mean,499.94286574957283,666.0482980218898,334.21844562707116,501.05954413093684
std,288.03718953054545,235.1738946692658,236.12915169184504,229.29922640566886
min,0.0,7.0,0.0,1.0
max,999.0,999.0,995.0,996.0
