stats,Open,High,Low,Close
count,16814.0,16814.0,16814.0,16814.0
mean,503.01885333650574,667.5266444629473,334.9249434994647,500.951052694183
std,289.4363552434314,234.36743236667354,236.01125631553467,229.38978665865147
min,0.0,14.0,0.0,5.0
max,999.0,999.0,999.0,999.0
