stats,Open,High,Low,Close
count,18932.0,18932.0,18932.0,18932.0
mean,497.5225544052396,662.79468624551,332.5348616099724,497.281428269596
std,288.17763596254144,237.4615901811018,235.27054211138667,231.5957044303949
min,0.0,6.0,0.0,1.0
max,999.0,999.0,997.0,999.0
