stats,Open,High,Low,Close
count,16217.0,16217.0,16217.0,16217.0
mean,504.78627366343994,667.7981747548864,337.5722390084477,501.56890916939057
std,288.8978389471444,235.76775785804608,237.90529145521964,230.59802153534173
min,0.0,2.0,0.0,2.0
max,999.0,999.0,990.0,997.0
