stats,Open,High,Low,Close
count,18150.0,18150.0,18150.0,18150.0
mean,497.47768595041333,663.962314049587,328.7114600550967,495.43719008264475
std,288.60628753366996,235.74790398059068,234.01925904709918,229.32484902258787
min,0.0,4.0,0.0,3.0
max,999.0,999.0,994.0,996.0
