stats,Open,High,Low,Close
count,10779.0,10779.0,10779.0,10779.0
mean,506.08219686427316,669.7792930698573,335.51043696075686,501.7420911030707
std,288.50416930023096,234.8541936891802,237.80485402269758,230.8240373599859
min,0.0,3.0,0.0,0.0
max,999.0,999.0,985.0,998.0
