stats,Open,High,Low,Close
count,16699.0,16699.0,16699.0,16699.0
mean,501.7857955566201,667.1777950775491,335.2521109048444,499.86729744296036
std,287.72911941730933,234.68427772730195,237.43987779881283,229.85439859204342
min,0.0,5.0,0.0,1.0
max,999.0,999.0,996.0,998.0
