stats,Open,High,Low,Close
count,14488.0,14488.0,14488.0,14488.0
mean,497.5180839315298,669.2842352291549,329.7296383213698,501.1836002208721
std,290.51414296825976,236.2949568983138,237.49041680386463,230.65890767992715
min,0.0,6.0,0.0,3.0
max,999.0,999.0,986.0,998.0
