stats,Open,High,Low,Close
count,15451.0,15451.0,15451.0,15451.0
mean,499.05837809850556,665.6565270856253,330.7380104847578,497.7500485405478
std,288.7587399977887,235.43308714701868,234.03534729659077,228.7772343506176
min,0.0,7.0,0.0,5.0
max,999.0,999.0,996.0,998.0
