stats,Open,High,Low,Close
count,19334.0,19334.0,19334.0,19334.0
mean,500.4683976414612,666.8429192096825,332.9064342608874,501.1562015102922
std,289.7903677818507,235.06357785320003,236.65573756702656,230.16548510555884
min,0.0,8.0,0.0,5.0
max,999.0,999.0,992.0,997.0
