stats,Open,High,Low,Close
count,10573.0,10573.0,10573.0,10573.0
mean,500.3318830984583,667.7339449541282,336.27929632081697,502.355811973896
std,287.9489572952083,234.24005261699944,236.26052922382684,228.52694222245017
min,0.0,11.0,0.0,2.0
max,999.0,999.0,994.0,997.0
