stats,Open,High,Low,Close
count,16050.0,16050.0,16050.0,16050.0
mean,499.28803738317777,665.2431152647972,333.36685358255414,499.3396884735208
std,288.135003532459,236.8734491834152,235.89610006774888,230.0708944828912
min,0.0,13.0,0.0,2.0
max,999.0,999.0,998.0,998.0
