stats,Open,High,Low,Close
count,16592.0,16592.0,16592.0,16592.0
mean,499.0975771456128,665.2914657666346,330.4663090646095,496.66019768563143
std,287.7373561956794,235.86875959748545,232.67115062698045,230.00297411742358
min,0.0,4.0,0.0,2.0
max,999.0,999.0,992.0,998.0
