stats,Open,High,Low,Close
count,15312.0,15312.0,15312.0,15312.0
mean,497.1022074190171,665.7331504702192,331.97524817136866,499.5195271682342
std,287.7386266703268,235.0523515550896,235.58352473696843,229.685551200699
min,0.0,7.0,0.0,0.0
max,999.0,999.0,991.0,995.0
