stats,Open,High,Low,Close
count,15785.0,15785.0,15785.0,15785.0
mean,499.96046879949284,665.72543554007,334.129616724739,498.36528349699086
std,287.2259703912408,235.29409082302186,234.96811081961752,230.17322249280298
min,0.0,9.0,0.0,1.0
max,999.0,999.0,993.0,996.0
