stats,Open,High,Low,Close
count,12946.0,12946.0,12946.0,12946.0
mean,501.3250424841651,668.5285030125134,332.0033987331996,498.49806890159124
std,289.36426985028567,233.9865957645451,235.8182473805631,230.21780783878643
min,0.0,20.0,0.0,1.0
max,999.0,999.0,991.0,994.0
