stats,Open,High,Low,Close
count,10333.0,10333.0,10333.0,10333.0
mean,501.06551824252347,665.787186683441,335.7816703764638,501.48814477886407
std,289.4212021828273,237.08107969460494,236.4912633464815,229.48008275557888
min,0.0,2.0,0.0,0.0
max,999.0,999.0,988.0,998.0
