stats,Open,High,Low,Close
count,11819.0,11819.0,11819.0,11819.0
mean,498.75987816228104,665.2481597427873,331.08511718419487,496.64057872916493
std,288.20446776960495,236.67193275193472,234.59420507262482,230.35346903273924
min,0.0,8.0,0.0,1.0
max,999.0,999.0,996.0,999.0
