stats,Open,High,Low,Close
count,14453.0,14453.0,14453.0,14453.0
mean,499.854978205217,664.9733619317793,331.7717428907496,500.0444198436314
std,288.7323681788186,235.21203793940816,234.59237515003707,228.52285918202648
min,0.0,3.0,0.0,1.0
max,999.0,999.0,995.0,995.0
