stats,Open,High,Low,Close
count,18353.0,18353.0,18353.0,18353.0
mean,500.8029205034605,666.6359178335967,332.87533373290483,501.7899525963051
std,288.2799900583074,234.7152807853869,235.5798369267943,229.40346183869525
min,0.0,5.0,0.0,0.0
max,999.0,999.0,989.0,998.0
