stats,Open,High,Low,Close
count,15800.0,15800.0,15800.0,15800.0
mean,497.1577848101268,664.7701898734177,333.3312658227849,499.3440506329115
std,289.13981851424563,236.00034953905873,235.87302020478757,229.64282221604776
min,0.0,9.0,0.0,0.0
max,999.0,999.0,999.0,999.0
