stats,Open,High,Low,Close
count,11097.0,11097.0,11097.0,11097.0
mean,502.1681535550148,666.6674776966744,335.33630711002996,502.398125619537
std,290.53992856820537,236.35488272286986,238.28405375925425,232.0429881876853
min,0.0,5.0,0.0,5.0
max,999.0,999.0,995.0,996.0
