stats,Open,High,Low,Close
count,10396.0,10396.0,10396.0,10396.0
mean,499.106868026164,668.1505386687186,334.2222008464793,500.75644478645614
std,287.65980961424475,236.78012145654887,237.0529324977365,230.75753811447262
min,0.0,8.0,0.0,4.0
max,999.0,999.0,995.0,997.0
