stats,Open,High,Low,Close
count,12086.0,12086.0,12086.0,12086.0
mean,501.6095482376306,667.4077444977657,336.32334932980314,500.4171768988915
std,289.9614216073103,235.07148687510576,238.89556151855533,230.78793289630266
min,0.0,14.0,0.0,7.0
max,999.0,999.0,998.0,998.0
