stats,Open,High,Low,Close
count,12724.0,12724.0,12724.0,12724.0
mean,498.6670072304307,664.8784973278837,334.9665985539136,499.65482552656397
std,288.8090784750492,235.9518303025616,237.11314287015506,231.03778901711942
min,0.0,1.0,0.0,1.0
max,999.0,999.0,993.0,996.0
