stats,Open,High,Low,Close
count,18814.0,18814.0,18814.0,18814.0
mean,496.83235888168355,664.3998086531303,329.61023705751063,495.7526841713613
std,288.4167104480486,236.1102258069909,234.09885996764575,228.67583903390704
min,0.0,2.0,0.0,2.0
max,999.0,999.0,990.0,996.0
