stats,Open,High,Low,Close
count,12115.0,12115.0,12115.0,12115.0
mean,497.50738753611233,664.4011555922413,330.81964506809754,498.3564176640529
std,288.05256094619,237.11701224453645,233.7578849938618,229.46775510881912
min,0.0,11.0,0.0,2.0
max,999.0,999.0,992.0,997.0
