stats,Open,High,Low,Close
count,13159.0,13159.0,13159.0,13159.0
mean,497.3760164146206,666.4026901740253,332.44228284824055,499.2302606581045
std,288.04411261557294,233.97222595637768,236.48328153742904,230.4605542279185
min,0.0,3.0,0.0,0.0
max,999.0,999.0,990.0,995.0
