stats,Open,High,Low,Close
count,17227.0,17227.0,17227.0,17227.0
mean,502.49213444012327,670.9485691066351,331.5584257270562,500.1810529982004
std,289.63587076543905,234.0778863810453,235.69470498802647,229.98837045693597
min,0.0,8.0,0.0,5.0
max,999.0,999.0,998.0,999.0
