stats,Open,High,Low,Close
count,10970.0,10970.0,10970.0,10970.0
mean,500.19781221513256,666.8813126709205,333.4331814038286,501.87657247037396
std,287.72968568689663,235.80835795605424,234.510090494441,229.24748706846543
min,0.0,5.0,0.0,5.0
max,999.0,999.0,991.0,996.0
