stats,Open,High,Low,Close
count,16376.0,16376.0,16376.0,16376.0
mean,501.1718368343915,669.2815095261358,332.62848070346877,499.82743038593065
std,288.6903118389821,235.2141534196472,234.9605232623153,229.1424901962306
min,0.0,6.0,0.0,4.0
max,999.0,999.0,996.0,997.0
