stats,Open,High,Low,Close
count,11562.0,11562.0,11562.0,11562.0
mean,503.5841549904862,670.1607853312573,335.67012627573104,500.6268811624286
std,287.1227525158876,233.50446854553033,235.4553937396743,228.37415113722847
min,0.0,1.0,0.0,1.0
max,999.0,999.0,996.0,999.0
