stats,Open,High,Low,Close
count,19280.0,19280.0,19280.0,19280.0
mean,498.68729253112105,667.8232883817424,333.43127593361004,500.16846473029085
std,289.2867725098101,236.14101995027343,238.00433730282757,232.21006286471626
min,0.0,6.0,0.0,1.0
max,999.0,999.0,994.0,999.0
