stats,Open,High,Low,Close
count,17642.0,17642.0,17642.0,17642.0
mean,496.3934928012697,664.7782564335113,330.887881192609,496.74810112232245
std,288.9182616924743,236.91917087619686,234.2284019723412,230.14494593078967
min,0.0,5.0,0.0,2.0
max,999.0,999.0,991.0,999.0
