stats,Open,High,Low,Close
count,10932.0,10932.0,10932.0,10932.0
mean,496.74606659348626,663.114434687157,329.2712221002564,495.8143980973288
std,287.38905104729844,236.02717930332588,233.57547984961803,228.02853294960528
min,0.0,11.0,0.0,9.0
max,999.0,999.0,987.0,996.0
