stats,Open,High,Low,Close
count,18235.0,18235.0,18235.0,18235.0
mean,496.72766657526773,666.1157663833284,333.62182615848576,499.6812722785854
std,288.51822438058684,235.49628466005518,235.60861100090796,229.48471346635515
min,0.0,0.0,0.0,0.0
max,999.0,999.0,997.0,999.0
