stats,Open,High,Low,Close
count,13416.0,13416.0,13416.0,13416.0
mean,500.5349582587957,665.5155038759688,330.22078115682757,496.5916815742397
std,287.70255294599366,235.00052557418152,236.16416491000868,229.70902679434704
min,0.0,5.0,0.0,2.0
max,999.0,999.0,993.0,994.0
