stats,Open,High,Low,Close
count,16966.0,16966.0,16966.0,16966.0
mean,498.407285158553,665.1625604149472,331.1162324649297,497.8853589532003
std,289.8600934570521,236.42868243486942,236.30437404671437,230.09345069353446
min,0.0,6.0,0.0,4.0
max,999.0,999.0,992.0,997.0
