stats,Open,High,Low,Close
count,19218.0,19218.0,19218.0,19218.0
mean,499.54495785201425,664.9362576750964,333.631855552087,500.1268602351962
std,289.7576643801609,236.7569825996308,237.09327186756252,231.75310219161196
min,0.0,5.0,0.0,1.0
max,999.0,999.0,993.0,996.0
