stats,Open,High,Low,Close
count,17276.0,17276.0,17276.0,17276.0
mean,500.4258508914101,667.0204329705946,336.23327159064604,503.1836652002774
std,287.3457347671204,234.6821622258172,234.0830282913243,228.22895836715352
min,0.0,6.0,0.0,0.0
max,999.0,999.0,989.0,996.0
