stats,Open,High,Low,Close
count,13302.0,13302.0,13302.0,13302.0
mean,503.18801683957315,669.2075627725153,336.3894151255454,502.5476620057133
std,290.68336388842727,235.1204551775816,238.65880903081944,231.43751003179457
min,0.0,1.0,0.0,1.0
max,999.0,999.0,992.0,994.0
