stats,Open,High,Low,Close
count,10706.0,10706.0,10706.0,10706.0
mean,502.3642817111897,668.3429852419202,329.9036988604514,499.9524565664117
std,290.16840176465666,236.56087583046187,235.54008608825515,228.98018507396077
min,0.0,7.0,0.0,0.0
max,999.0,999.0,984.0,994.0
