stats,Open,High,Low,Close
count,12631.0,12631.0,12631.0,12631.0
mean,498.5256115905315,667.7725437415887,330.755442957802,497.2306230702242
std,288.3476234974298,235.5862177528749,234.76606937299027,229.83662571615088
min,0.0,8.0,0.0,2.0
max,999.0,999.0,986.0,995.0
