stats,Open,High,Low,Close
count,15065.0,15065.0,15065.0,15065.0
mean,503.0019913707272,668.3890474610024,332.8535678725518,502.31171589777614
std,288.45064147337314,235.76195340184887,235.52553706406312,230.8117535978636
min,0.0,7.0,0.0,0.0
max,999.0,999.0,994.0,997.0
