stats,Open,High,Low,Close
count,15523.0,15523.0,15523.0,15523.0
mean,499.241577014752,667.5516330606202,333.4101655607806,499.60916060039887
std,289.80695115881616,234.7080059259759,236.53774099894505,230.25749687634428
min,0.0,7.0,0.0,0.0
max,999.0,999.0,995.0,999.0
