stats,Open,High,Low,Close
count,15297.0,15297.0,15297.0,15297.0
mean,503.2591357782569,669.0588350656991,333.0889063215009,502.2665882199124
std,289.916373202607,235.71240180697836,236.1202360921667,230.77875693629687
min,0.0,8.0,0.0,4.0
max,999.0,999.0,990.0,997.0
