stats,Open,High,Low,Close
count,13677.0,13677.0,13677.0,13677.0
mean,501.373254368648,667.6541639248375,334.7614974044017,502.38846238210135
std,289.81302374936524,235.81458177625422,235.89374674765193,229.2715975020215
min,0.0,4.0,0.0,3.0
max,999.0,999.0,990.0,999.0
