stats,Open,High,Low,Close
count,17659.0,17659.0,17659.0,17659.0
mean,499.9579251373239,665.9552069766125,331.396964720539,497.7962512033526
std,289.47975974571006,235.39855104192543,234.57965738175096,228.03063597468426
min,0.0,4.0,0.0,2.0
max,999.0,999.0,990.0,995.0
