stats,Open,High,Low,Close
count,18230.0,18230.0,18230.0,18230.0
mean,498.7679100383988,666.3947339550191,333.23428414701016,501.04717498628645
std,287.37257588074374,234.4319900808219,235.50475301429847,228.70315428314842
min,0.0,8.0,0.0,2.0
max,999.0,999.0,987.0,992.0
