stats,Open,High,Low,Close
count,16788.0,16788.0,16788.0,16788.0
mean,498.0359780795807,665.5235882773408,331.0212651894207,499.0392542292112
std,288.2807100944275,237.26596946636903,234.75297044764386,231.02898475970125
min,0.0,3.0,0.0,1.0
max,999.0,999.0,990.0,997.0
