stats,Open,High,Low,Close
count,18934.0,18934.0,18934.0,18934.0
mean,495.8031055244531,662.8225942748489,330.1923523819587,495.45547691982665
std,288.1711179988145,236.85242294029777,234.81564677609938,230.28474103503552
min,0.0,9.0,0.0,1.0
max,999.0,999.0,992.0,995.0
