stats,Open,High,Low,Close
count,13922.0,13922.0,13922.0,13922.0
mean,495.8824163194941,663.260020112053,331.5839678207152,499.5170952449363
std,287.2344676927776,234.57929223406006,235.73107809152432,228.91719744592694
min,0.0,9.0,0.0,8.0
max,999.0,999.0,988.0,992.0
