stats,Open,High,Low,Close
count,18917.0,18917.0,18917.0,18917.0
mean,498.52962943384256,666.4101073108848,333.2497753343552,499.71216366231425
std,289.814348615256,236.2207664373993,236.3257449570764,230.54926986395643
min,0.0,8.0,0.0,2.0
max,999.0,999.0,984.0,997.0
