stats,Open,High,Low,Close
count,16019.0,16019.0,16019.0,16019.0
mean,497.9689743429676,665.073100692927,332.15494100755376,498.64785567139035
std,288.2769327141668,234.60383443886388,234.54043009629936,228.14323851513697
min,0.0,6.0,0.0,3.0
max,999.0,999.0,991.0,998.0
