stats,Open,High,Low,Close
count,15253.0,15253.0,15253.0,15253.0
mean,498.29423719923955,666.4724972136625,330.3972988920211,497.390021635088
std,288.10972648292125,234.5651125134138,235.3317856329315,229.06581665174986
min,0.0,14.0,0.0,7.0
max,999.0,999.0,996.0,998.0
