stats,Open,High,Low,Close
count,15612.0,15612.0,15612.0,15612.0
mean,498.8745196003075,667.5259415833974,331.6127337945169,499.04400461183695
std,287.4340688504694,234.256744429663,233.04025145358045,228.0099102459848
min,0.0,10.0,0.0,1.0
max,999.0,999.0,993.0,997.0
