stats,Open,High,Low,Close
count,18426.0,18426.0,18426.0,18426.0
mean,500.01259090415743,666.0807554542498,329.73190057527495,498.30500379897865
std,289.2100269330898,235.7135075259162,235.35349936979614,229.9783771180533
min,0.0,4.0,0.0,4.0
max,999.0,999.0,994.0,994.0
