stats,Open,High,Low,Close
count,19389.0,19389.0,19389.0,19389.0
mean,500.62200216617686,666.7924596420651,333.48223219351155,500.507916860075
std,287.87757390593566,236.29728302589982,235.22879191008957,230.52512599143543
min,0.0,7.0,0.0,2.0
max,999.0,999.0,989.0,998.0
