stats,Open,High,Low,Close
count,16754.0,16754.0,16754.0,16754.0
mean,503.05282320639844,667.9304046794803,335.18592574907456,502.96012892443616
std,288.0632926792925,234.47679409742372,235.1950070247904,228.3951266391384
min,0.0,3.0,0.0,2.0
max,999.0,999.0,994.0,995.0
