stats,Open,High,Low,Close
count,12811.0,12811.0,12811.0,12811.0
mean,502.9551166965891,666.676762157521,337.4408711263763,502.5033955194753
std,288.4947858575382,235.7236189883259,236.68988065937234,230.63586789547253
min,0.0,14.0,0.0,2.0
max,999.0,999.0,993.0,998.0
