stats,Open,High,Low,Close
count,13893.0,13893.0,13893.0,13893.0
mean,500.4415892895702,668.3374361189087,334.8751169653783,501.4731879363705
std,288.7499189292809,235.18357021131843,235.27773657153836,229.3628453005935
min,0.0,3.0,0.0,3.0
max,999.0,999.0,986.0,998.0
