stats,Open,High,Low,Close
count,19240.0,19240.0,19240.0,19240.0
mean,502.945322245322,669.166995841996,333.57375259875244,501.5373180873181
std,288.41555223277743,234.9841921976731,234.63366681720854,229.13804129199013
min,0.0,9.0,0.0,1.0
max,999.0,999.0,990.0,996.0
