stats,Open,High,Low,Close
count,17594.0,17594.0,17594.0,17594.0
mean,500.62998749573603,669.3085711037852,332.98601796066777,501.29174718654116
std,288.93789468809763,234.37492824440105,235.59991412122605,228.92693657009707
min,0.0,11.0,0.0,0.0
max,999.0,999.0,995.0,998.0
