stats,Open,High,Low,Close
count,18773.0,18773.0,18773.0,18773.0
mean,500.5271933095404,666.8123368667768,333.3732488147873,500.2952644755766
std,288.3179077446676,235.2412671144478,234.9096617922806,229.03400849701464
min,0.0,2.0,0.0,2.0
max,999.0,999.0,994.0,994.0
