stats,Open,High,Low,Close
count,12819.0,12819.0,12819.0,12819.0
mean,495.5197753334894,667.8250253529918,328.2086746236057,498.5448162883219
std,289.3621317006798,234.40972775441114,233.22724997792514,229.46217025950693
min,0.0,11.0,0.0,2.0
max,999.0,999.0,987.0,997.0
