stats,Open,High,Low,Close
count,18942.0,18942.0,18942.0,18942.0
mean,497.4450955548518,665.2625382747333,331.5498363425191,497.7731496146131
std,287.7304647720168,236.70822051353738,235.26248815403372,230.155273418776
min,0.0,5.0,0.0,3.0
max,999.0,999.0,987.0,997.0
