stats,Open,High,Low,Close
count,15699.0,15699.0,15699.0,15699.0
mean,498.5474234027647,668.5307344416849,333.17982037072437,499.85425823300864
std,288.23562448547204,233.66999911787036,235.17914540813786,228.8563512130733
min,0.0,5.0,0.0,2.0
max,999.0,999.0,991.0,999.0
