stats,Open,High,Low,Close
count,18017.0,18017.0,18017.0,18017.0
mean,498.61858244990873,666.5185657989675,333.98679025364913,501.11972026419494
std,288.5406635569749,236.66460865864383,234.58822182177005,230.30374987154457
min,0.0,5.0,0.0,1.0
max,999.0,999.0,995.0,997.0
