stats,Open,High,Low,Close
count,12745.0,12745.0,12745.0,12745.0
mean,496.4247940368775,667.1523734797961,330.97693213024706,499.603530796391
std,287.94211239115987,235.57627650841735,234.56826872884582,229.5156219494814
min,0.0,16.0,0.0,2.0
max,999.0,999.0,989.0,994.0
