stats,Open,High,Low,Close
count,12589.0,12589.0,12589.0,12589.0
mean,501.3275081420287,668.1224878862496,333.24680276431803,502.83843037572467
std,288.99678341344617,235.58047576052593,236.2600080488149,230.65630263785786
min,0.0,13.0,0.0,4.0
max,999.0,999.0,993.0,998.0
