stats,Open,High,Low,Close
count,11762.0,11762.0,11762.0,11762.0
mean,500.43929603808897,665.2414555347729,336.3195885053562,499.25072266621345
std,291.6748082872773,236.665332069668,237.7015206003969,230.84577482749364
min,0.0,2.0,0.0,0.0
max,999.0,999.0,990.0,995.0
