stats,Open,High,Low,Close
count,11245.0,11245.0,11245.0,11245.0
mean,500.55491329479764,665.1009337483325,332.7508225878168,497.21147176522885
std,288.6167496656603,238.67121338849662,235.0309121953522,232.43705021436887
min,0.0,5.0,0.0,3.0
max,999.0,999.0,994.0,998.0
