stats,Open,High,Low,Close
count,17066.0,17066.0,17066.0,17066.0
mean,501.0098441345367,664.7312199695303,333.37847181530526,498.37601078167125
std,288.89476653655566,236.20522744009395,236.3999278723855,229.6297390596022
min,0.0,6.0,0.0,2.0
max,999.0,999.0,995.0,996.0
