stats,Open,High,Low,Close
count,17330.0,17330.0,17330.0,17330.0
mean,498.1956722446622,662.4636468551641,334.045874206578,500.23092902481267
std,287.75436586617286,236.3993919007754,235.33809647159651,229.33143286709242
min,0.0,2.0,0.0,2.0
max,999.0,999.0,998.0,998.0
