stats,Open,High,Low,Close
count,11100.0,11100.0,11100.0,11100.0
mean,499.4218018018018,665.6161261261263,331.32558558558543,498.4771171171171
std,286.59146957285276,235.53869057055527,234.86739138033641,227.89496223249674
min,0.0,6.0,0.0,5.0
max,999.0,999.0,991.0,999.0
