stats,Open,High,Low,Close
count,12674.0,12674.0,12674.0,12674.0
mean,504.5807953290197,671.5559412971434,333.51925201199333,503.3219977907526
std,290.4885715073921,235.2777391127874,236.69258061165098,229.8955915824388
min,0.0,9.0,0.0,3.0
max,999.0,999.0,989.0,995.0
