stats,Open,High,Low,Close
count,14349.0,14349.0,14349.0,14349.0
mean,500.93748693288734,667.4063697818664,335.36803958464026,500.7948289079379
std,287.4252357819819,233.7300660147419,237.4887339606258,229.68717468358497
min,0.0,4.0,0.0,0.0
max,999.0,999.0,989.0,999.0
