stats,Open,High,Low,Close
count,13857.0,13857.0,13857.0,13857.0
mean,497.00967020278546,664.2429097207188,331.699285559645,498.4374684275094
std,287.62232771388284,235.32640965162335,235.5768970971877,228.84052968043446
min,0.0,10.0,0.0,1.0
max,999.0,999.0,995.0,995.0
