stats,Open,High,Low,Close
count,18147.0,18147.0,18147.0,18147.0
mean,501.60219319997776,666.5754119138151,333.81787623298675,499.50570342205316
std,289.08167777317743,235.29136426268138,235.3850042949613,229.93920771825285
min,0.0,6.0,0.0,0.0
max,999.0,999.0,992.0,997.0
