stats,Open,High,Low,Close
count,14566.0,14566.0,14566.0,14566.0
mean,505.3142249073185,670.2324591514489,335.22586846079935,502.93862419332703
std,289.06967847012385,234.31573127290764,236.46223488497003,230.06241889924547
min,0.0,5.0,0.0,2.0
max,999.0,999.0,998.0,998.0
