stats,Open,High,Low,Close
count,17699.0,17699.0,17699.0,17699.0
mean,496.4975422340243,664.2423300751457,330.90688739476747,498.6800384202492
std,288.5411099368302,235.3983024827226,235.86628338113098,230.41286197222468
min,0.0,1.0,0.0,1.0
max,999.0,999.0,994.0,998.0
