stats,Open,High,Low,Close
count,14163.0,14163.0,14163.0,14163.0
mean,498.75217115018035,665.2430276071456,333.962084304173,500.2741650780204
std,288.519527715601,235.6899706952511,237.54843486515003,230.53248204996189
min,0.0,3.0,0.0,1.0
max,999.0,999.0,999.0,999.0
