stats,Open,High,Low,Close
count,17348.0,17348.0,17348.0,17348.0
mean,498.9648950887709,663.4292137422182,332.1649757897164,498.75391976020285
std,288.19893780583703,237.20499612092556,235.26896035282437,230.4453227545946
min,0.0,4.0,0.0,3.0
max,999.0,999.0,994.0,997.0
