stats,Open,High,Low,Close
count,16939.0,16939.0,16939.0,16939.0
mean,498.35722297656275,664.2138260818225,335.91504811382003,500.1082708542417
std,287.8409010374638,234.1616759637166,236.4041574414059,229.04169818161685
min,0.0,9.0,0.0,0.0
max,999.0,999.0,995.0,997.0
