stats,Open,High,Low,Close
count,16254.0,16254.0,16254.0,16254.0
mean,499.1122185308234,668.8287806078503,333.06183093392406,499.9641934293098
std,287.7654290977399,234.4757099994254,234.91618171628951,229.7116722265952
min,0.0,10.0,0.0,1.0
max,999.0,999.0,996.0,996.0
