stats,Open,High,Low,Close
count,13214.0,13214.0,13214.0,13214.0
mean,498.4601937339184,664.6637657030421,333.6923717269561,501.1746632359617
std,289.0577560432515,236.1705121162152,233.3558425534835,228.3341793410002
min,0.0,4.0,0.0,1.0
max,999.0,999.0,994.0,999.0
