stats,Open,High,Low,Close
count,15940.0,15940.0,15940.0,15940.0
mean,500.82760351317427,666.3023839397741,332.91279799247224,499.926474278544
std,288.3231321141361,236.34576512384623,235.2364582257077,230.13770074503978
min,0.0,6.0,0.0,1.0
max,999.0,999.0,995.0,997.0
