stats,Open,High,Low,Close
count,18815.0,18815.0,18815.0,18815.0
mean,500.8330587297364,667.9756045708212,334.82242891310113,500.49465851714064
std,288.5096811432815,235.1863124478096,236.00930159600088,229.43286797320235
min,0.0,3.0,0.0,2.0
max,999.0,999.0,994.0,995.0
