stats,Open,High,Low,Close
count,12913.0,12913.0,12913.0,12913.0
mean,496.58793463950997,664.3097653527452,333.09935723689284,496.2165259815689
std,288.27184636031024,237.45778907136054,235.42940439786193,230.3134791602101
min,0.0,4.0,0.0,4.0
max,999.0,999.0,991.0,996.0
