stats,Open,High,Low,Close
count,16382.0,16382.0,16382.0,16382.0
mean,500.8286534000734,669.7956293492856,332.50341838603345,502.10914418263957
std,289.5479384668739,235.68140785779426,235.88912432786782,230.58254205851551
min,0.0,5.0,0.0,3.0
max,999.0,999.0,990.0,997.0
