stats,Open,High,Low,Close
count,11416.0,11416.0,11416.0,11416.0
mean,500.6314821303432,665.4578661527681,334.1280658724597,500.6088822704976
std,288.15943758092976,236.1488894862166,235.57144782798588,230.42102519779962
min,0.0,3.0,0.0,3.0
max,999.0,999.0,996.0,998.0
