stats,Open,High,Low,Close
count,14435.0,14435.0,14435.0,14435.0
mean,498.79812954624214,667.5804641496366,330.8045722202973,498.4888811915475
std,288.36046332118843,234.93252922073842,234.02338167111523,229.36118746161634
min,0.0,14.0,0.0,5.0
max,999.0,999.0,996.0,998.0
