stats,Open,High,Low,Close
count,14467.0,14467.0,14467.0,14467.0
mean,497.8542890716803,666.9625354254508,331.0382940485238,499.2742793944841
std,290.6308991934139,235.38532110409173,236.39351487353355,230.70647299208585
min,0.0,16.0,0.0,0.0
max,999.0,999.0,989.0,997.0
