stats,Open,High,Low,Close
count,15551.0,15551.0,15551.0,15551.0
mean,497.2695003536747,662.7977622017877,334.1194135425374,498.72574110989666
std,289.3435172354389,237.7189230249115,236.11737683412008,230.514116200239
min,0.0,9.0,0.0,1.0
max,999.0,999.0,990.0,996.0
