stats,Open,High,Low,Close
count,12113.0,12113.0,12113.0,12113.0
mean,503.55106084372164,666.4784116238753,333.7328490052007,499.9027491125239
std,287.173744390703,233.34127576282668,237.09220770000508,228.56913041283525
min,0.0,10.0,0.0,6.0
max,999.0,999.0,995.0,995.0
