stats,Open,High,Low,Close
count,14023.0,14023.0,14023.0,14023.0
mean,498.0188975254942,663.548028239321,331.4737217428509,496.3702488768443
std,289.5023639651619,237.1715376745512,236.13520698274777,230.93917007697107
min,0.0,1.0,0.0,1.0
max,999.0,999.0,991.0,996.0
