stats,Open,High,Low,Close
count,15532.0,15532.0,15532.0,15532.0
mean,497.5364408962139,665.6754442441407,328.3306077774916,499.30163533350543
std,289.93437857269805,237.1585017975377,234.13055975036374,230.17202624612278
min,0.0,3.0,0.0,3.0
max,999.0,999.0,997.0,997.0
