stats,Open,High,Low,Close
count,13727.0,13727.0,13727.0,13727.0
mean,498.86151380491015,666.1972754425582,332.6665695344941,499.6410723391856
std,289.7430005920484,237.19949658177302,235.6193148380514,229.87372737638958
min,0.0,2.0,0.0,0.0
max,999.0,999.0,992.0,995.0
