stats,Open,High,Low,Close
count,13225.0,13225.0,13225.0,13225.0
mean,501.7782986767484,668.0351606805295,335.3963705103976,503.7296030245748
std,290.1936612128973,235.04105918904867,237.56088152485677,231.43122500468664
min,0.0,4.0,0.0,3.0
max,999.0,999.0,991.0,999.0
