stats,Open,High,Low,Close
count,13128.0,13128.0,13128.0,13128.0
mean,501.313985374772,669.6845673369894,337.47364411943903,502.9415752589884
std,287.7068022559019,233.9435620360732,236.75558213876994,228.46189212556175
min,0.0,11.0,0.0,6.0
max,999.0,999.0,984.0,994.0
