stats,Open,High,Low,Close
count,17846.0,17846.0,17846.0,17846.0
mean,498.3130113190628,667.7857783256753,330.7979379132578,500.4148268519555
std,288.18786694233853,234.2370030711706,235.6601479164554,229.96438210655097
min,0.0,2.0,0.0,1.0
max,999.0,999.0,989.0,997.0
