stats,Open,High,Low,Close
count,11105.0,11105.0,11105.0,11105.0
mean,500.45646105357923,665.6244934714094,336.97298514182785,501.6425934263846
std,287.9020105021833,234.26365724864098,237.1977152388112,229.63068536644084
min,0.0,8.0,0.0,2.0
max,999.0,999.0,976.0,995.0
