stats,Open,High,Low,Close
count,15370.0,15370.0,15370.0,15370.0
mean,500.538321405335,666.4465842550426,330.6625894599868,500.1022121014962
std,290.0712526897092,236.16181376396017,236.90869024944894,230.80045053746943
min,0.0,5.0,0.0,0.0
max,999.0,999.0,995.0,998.0
