stats,Open,High,Low,Close
count,14829.0,14829.0,14829.0,14829.0
mean,495.7548722098598,660.7532537595253,331.85049565041516,493.3389304740715
std,287.70250816560593,236.19485826461988,235.81058532630047,228.19600259701468
min,0.0,5.0,0.0,2.0
max,999.0,999.0,995.0,999.0
