stats,Open,High,Low,Close
count,12034.0,12034.0,12034.0,12034.0
mean,501.95122153897273,666.9025261758352,332.69353498421145,499.9419976732592
std,288.45418907422516,236.51631440432803,236.68076721490445,231.44973377938533
min,0.0,10.0,0.0,6.0
max,999.0,999.0,998.0,998.0
