stats,Open,High,Low,Close
count,16978.0,16978.0,16978.0,16978.0
mean,502.48527506184473,668.900341618565,335.4413947461422,500.59582989751476
std,289.1184339660339,235.14852433320507,236.1242079604568,228.85391013958835
min,0.0,12.0,0.0,1.0
max,999.0,999.0,990.0,995.0
