stats,Open,High,Low,Close
count,19368.0,19368.0,19368.0,19368.0
mean,502.8201672862455,669.8478934324654,333.40510119785233,501.20456422965674
std,289.5773542202077,235.62084067290795,235.09458678955173,230.07017698614766
min,0.0,4.0,0.0,4.0
max,999.0,999.0,994.0,999.0
