stats,Open,High,Low,Close
count,13336.0,13336.0,13336.0,13336.0
mean,499.27369526094776,667.9493851229757,329.3073635272945,498.81141271745656
std,288.6439966573391,236.78340654471594,234.54771114885597,230.26457528437754
min,0.0,8.0,0.0,4.0
max,999.0,999.0,993.0,996.0
