stats,Open,High,Low,Close
count,13409.0,13409.0,13409.0,13409.0
mean,498.05354612573626,665.9781490043998,332.5452308151243,499.5906480721904
std,289.5047899182023,236.0008344038722,235.1382402036711,229.34816188630248
min,0.0,12.0,0.0,7.0
max,999.0,999.0,988.0,999.0
