stats,Open,High,Low,Close
count,11217.0,11217.0,11217.0,11217.0
mean,501.56824462868883,665.7347775697605,336.3606133547296,501.059374164215
std,286.11963576591796,231.57908476435094,235.2226481768193,228.10471011850288
min,0.0,11.0,0.0,4.0
max,999.0,999.0,994.0,998.0
