stats,Open,High,Low,Close
count,19878.0,19878.0,19878.0,19878.0
mean,496.25616259181027,663.9173458094377,332.61585672602905,497.11027266324595
std,287.7498030727209,235.5893028676307,234.67283818356896,229.09132842644064
min,0.0,11.0,0.0,2.0
max,999.0,999.0,994.0,997.0
