stats,Open,High,Low,Close
count,12559.0,12559.0,12559.0,12559.0
mean,500.90994505931985,664.619714945458,330.44422326618337,497.1321761286723
std,289.67095236224156,236.51333348585945,235.17519174797403,230.93811855830774
min,0.0,9.0,0.0,5.0
max,999.0,999.0,995.0,997.0
