stats,Open,High,Low,Close
count,12707.0,12707.0,12707.0,12707.0
mean,497.93302903911274,663.4913827024477,329.34618714094586,493.85866058078193
std,288.60696104524976,236.875555160609,234.7586528089842,229.37539182007168
min,0.0,9.0,0.0,2.0
max,999.0,999.0,995.0,998.0
