stats,Open,High,Low,Close
count,10248.0,10248.0,10248.0,10248.0
mean,502.70784543325544,666.85587431694,337.74238875878217,503.14168618266996
std,287.09394809642555,234.63707560527658,236.11001398633607,229.44537706196013
min,0.0,9.0,0.0,3.0
max,999.0,999.0,987.0,997.0
