stats,Open,High,Low,Close
count,18588.0,18588.0,18588.0,18588.0
mean,501.3910049494297,666.64837529589,333.4677211103938,499.9233376371855
std,288.7669606641442,235.83269488427197,235.8295185606272,230.0607896905485
min,0.0,1.0,0.0,1.0
max,999.0,999.0,990.0,997.0
