stats,Open,High,Low,Close
count,15218.0,15218.0,15218.0,15218.0
mean,501.91050072282826,667.6900381127614,332.3407149428306,499.76928637140156
std,286.40073147730067,234.79886861192057,233.79097651550464,228.36657267150778
min,0.0,3.0,0.0,3.0
max,999.0,999.0,986.0,999.0
