stats,Open,High,Low,Close
count,15334.0,15334.0,15334.0,15334.0
mean,496.7958132255121,665.3381374722838,331.5788443980697,497.1927742272076
std,288.91039788546755,234.9056775531751,235.3312328594355,229.33986177961813
min,0.0,4.0,0.0,0.0
max,999.0,999.0,989.0,995.0
