stats,Open,High,Low,Close
count,12066.0,12066.0,12066.0,12066.0
mean,497.8025029007128,667.778551301177,332.75559423172547,499.2759820984585
std,289.27348588576774,234.14459109508897,235.08492337336972,229.07527450767725
min,0.0,5.0,0.0,4.0
max,999.0,999.0,986.0,992.0
