stats,Open,High,Low,Close
count,11575.0,11575.0,11575.0,11575.0
mean,492.1044492440606,660.9920518358532,331.8330885529161,495.2718790496758
std,287.6515365689611,236.8879173146825,234.38741350610476,229.8175558684895
min,0.0,5.0,0.0,5.0
max,999.0,999.0,992.0,997.0
