stats,Open,High,Low,Close
count,19934.0,19934.0,19934.0,19934.0
mean,500.77876994080486,666.8480987257952,333.2460118390688,501.41246112170177
std,289.2301449987035,234.12029825333153,236.0629382370466,230.48175589526576
min,0.0,14.0,0.0,3.0
max,999.0,999.0,996.0,997.0
