stats,Open,High,Low,Close
count,11883.0,11883.0,11883.0,11883.0
mean,496.82209879660013,665.9633089287215,330.22847765715727,499.1079693680051
std,289.37204588379205,235.7505464433749,237.34333889683393,229.95009164009258
min,0.0,4.0,0.0,2.0
max,999.0,999.0,982.0,989.0
