stats,Open,High,Low,Close
count,11248.0,11248.0,11248.0,11248.0
mean,497.688033428165,665.981418918919,330.4478129445236,496.92371977240396
std,287.4714427247716,235.5386346156383,234.00806950872123,227.27786894082737
min,0.0,11.0,0.0,3.0
max,999.0,999.0,993.0,994.0
