stats,Open,High,Low,Close
count,14814.0,14814.0,14814.0,14814.0
mean,496.60787093290133,665.5540704738751,331.6068583772111,497.83414337788645
std,289.5276523370118,235.71421638032527,236.18498745333414,228.76194063636441
min,0.0,3.0,0.0,3.0
max,999.0,999.0,990.0,997.0
