stats,Open,High,Low,Close
count,14650.0,14650.0,14650.0,14650.0
mean,498.1979522184299,662.3470989761091,330.6813651877137,495.724573378839
std,288.70869155014566,236.98028656912487,235.24906367807287,229.57480630308157
min,0.0,10.0,0.0,2.0
max,999.0,999.0,996.0,996.0
