stats,Open,High,Low,Close
count,18370.0,18370.0,18370.0,18370.0
mean,497.0041916167672,664.651660315732,333.409526401742,498.27201959716893
std,288.52506963521427,236.1554744905827,236.25356614583546,230.17052732456605
min,0.0,5.0,0.0,0.0
max,999.0,999.0,988.0,997.0
