stats,Open,High,Low,Close
count,18107.0,18107.0,18107.0,18107.0
mean,497.9758656873031,665.5676810073451,331.51007897498204,498.40730104379514
std,288.5609482934264,235.40882059475706,234.7260600318357,230.02587792538392
min,0.0,6.0,0.0,3.0
max,999.0,999.0,982.0,997.0
