stats,Open,High,Low,Close
count,17446.0,17446.0,17446.0,17446.0
mean,497.56769460048105,665.545110627078,331.04608506247945,497.3052275593263
std,288.7678251446823,235.83280921176436,234.6374412985592,228.85122080673293
min,0.0,9.0,0.0,4.0
max,999.0,999.0,992.0,997.0
