stats,Open,High,Low,Close
count,15706.0,15706.0,15706.0,15706.0
mean,497.6694893671209,666.5140073857127,331.4274799439708,498.43384693747606
std,288.6329849832328,236.56364781239816,235.91863353523914,230.7579750058028
min,0.0,3.0,0.0,3.0
max,999.0,999.0,993.0,998.0
