stats,Open,High,Low,Close
count,18897.0,18897.0,18897.0,18897.0
mean,495.16473514314436,662.7669471344658,330.22426840239206,498.05910991162676
std,288.4806142275656,235.57874799959959,233.69148413252015,229.7240167838123
min,0.0,0.0,0.0,0.0
max,999.0,999.0,991.0,998.0
