stats,Open,High,Low,Close
count,19526.0,19526.0,19526.0,19526.0
mean,498.15149032059804,666.695073235686,331.4191846768414,498.94110416880085
std,289.7128277368287,235.4010954131106,234.2927883594711,229.81340137258667
min,0.0,1.0,0.0,1.0
max,999.0,999.0,988.0,997.0
