stats,Open,High,Low,Close
count,18150.0,18150.0,18150.0,18150.0
mean,498.1290358126723,664.0207713498623,330.87944903581297,498.51300275482095
std,287.26047330765755,236.10149065364988,233.61857117386077,229.1486867439415
min,0.0,9.0,0.0,1.0
max,999.0,999.0,988.0,998.0
