stats,Open,High,Low,Close
count,15175.0,15175.0,15175.0,15175.0
mean,497.3157825370669,663.8020428336077,332.89067545304806,499.0508731466226
std,288.6422185900435,237.72698217289044,236.32764182855973,231.10354463091502
min,0.0,8.0,0.0,5.0
max,999.0,999.0,994.0,996.0
