stats,Open,High,Low,Close
count,18660.0,18660.0,18660.0,18660.0
mean,500.53344051447004,665.0905144694531,334.33885316184325,499.2177384780281
std,289.49556840718316,236.63415282938604,238.0913694586609,231.78143705642265
min,0.0,6.0,0.0,1.0
max,999.0,999.0,995.0,998.0
