stats,Open,High,Low,Close
count,10692.0,10692.0,10692.0,10692.0
mean,496.7567340067341,666.3869248035912,332.25149644594114,499.65974560418994
std,289.4130446554191,235.31409289946382,238.0668501795965,230.64765684954835
min,0.0,7.0,0.0,4.0
max,999.0,999.0,995.0,998.0
