stats,Open,High,Low,Close
count,11427.0,11427.0,11427.0,11427.0
mean,496.8605933315829,663.7848954231207,331.7808698696074,497.908812461714
std,288.7711069778347,236.62346060853312,236.4452501505582,230.9557954812046
min,0.0,15.0,0.0,1.0
max,999.0,999.0,982.0,999.0
