stats,Open,High,Low,Close
count,19717.0,19717.0,19717.0,19717.0
mean,499.21788304508823,663.0660851042253,330.56793629862557,496.24126388395814
std,289.0355914714843,238.0439018613697,234.19835061326083,229.66484499805898
min,0.0,9.0,0.0,0.0
max,999.0,999.0,987.0,997.0
