stats,Open,High,Low,Close
count,19116.0,19116.0,19116.0,19116.0
mean,494.8838146055658,664.1367964009206,331.773540489642,499.60138104205896
std,287.16267977146805,233.98095606047787,236.38152930182775,229.19519767179142
min,0.0,0.0,0.0,0.0
max,999.0,999.0,995.0,997.0
