stats,Open,High,Low,Close
count,13620.0,13620.0,13620.0,13620.0
mean,496.4968428781201,662.9037444933919,332.35506607929506,498.40367107195306
std,287.9083978097055,234.72481631510047,235.24526446222274,228.10835010119808
min,0.0,9.0,0.0,2.0
max,999.0,999.0,989.0,991.0
