stats,Open,High,Low,Close
count,19369.0,19369.0,19369.0,19369.0
mean,502.4094171098144,669.1447674118435,332.23398213640326,500.7011719758378
std,289.1963989623238,234.32699931951433,235.66694727265192,229.4973601817919
min,0.0,7.0,0.0,2.0
max,999.0,999.0,993.0,999.0
