stats,Open,High,Low,Close
count,15046.0,15046.0,15046.0,15046.0
mean,498.849262262395,663.4015685231957,331.7179316761931,500.24205768975156
std,287.3086006007879,236.47415932987914,234.52289446742796,229.10851263837756
min,0.0,4.0,0.0,1.0
max,999.0,999.0,992.0,997.0
