stats,Open,High,Low,Close
count,12343.0,12343.0,12343.0,12343.0
mean,494.465608036944,663.2979016446568,329.262091873937,495.4636636150042
std,289.08727157637867,237.20541413002945,233.51542802004073,230.82397470037196
min,0.0,8.0,0.0,2.0
max,999.0,999.0,990.0,996.0
