stats,Open,High,Low,Close
count,15665.0,15665.0,15665.0,15665.0
mean,495.8695180338334,664.6408554101496,333.29645706990107,498.81576763485486
std,288.5724741915104,236.11123823101212,236.77476351961752,231.2888653127467
min,0.0,7.0,0.0,3.0
max,999.0,999.0,995.0,996.0
