stats,Open,High,Low,Close
count,19817.0,19817.0,19817.0,19817.0
mean,496.7647979007921,666.2099207750919,332.8139476207299,499.95352475147604
std,289.0081711433733,236.3675028923727,236.60845806005977,230.32174273708424
min,0.0,1.0,0.0,0.0
max,999.0,999.0,994.0,998.0
