stats,Open,High,Low,Close
count,18743.0,18743.0,18743.0,18743.0
mean,499.8517313130232,665.6361308221734,332.91927652990427,498.16294083124353
std,289.12055714148613,235.02712948933922,235.72064807386565,229.02562841003328
min,0.0,3.0,0.0,3.0
max,999.0,999.0,993.0,997.0
