stats,Open,High,Low,Close
count,13094.0,13094.0,13094.0,13094.0
mean,498.0545287918127,664.6800824805258,331.60042767679886,498.2821139453185
std,288.09242099663345,234.7661410448647,235.40917468586733,229.5015985171322
min,0.0,1.0,0.0,0.0
max,999.0,999.0,991.0,996.0
