stats,Open,High,Low,Close
count,11433.0,11433.0,11433.0,11433.0
mean,504.0860666491734,670.1573515262833,332.985830490685,502.0171433569497
std,288.3328232175072,234.6314285666378,235.4302579899914,229.21993379193094
min,0.0,19.0,0.0,10.0
max,999.0,999.0,993.0,996.0
