stats,Open,High,Low,Close
count,12905.0,12905.0,12905.0,12905.0
mean,497.1203409531189,666.5636574970943,331.2579620302213,500.81611778380477
std,288.8313587378214,235.31334486026216,235.36551362389667,230.338028685525
min,0.0,6.0,0.0,1.0
max,999.0,999.0,992.0,997.0
