stats,Open,High,Low,Close
count,13042.0,13042.0,13042.0,13042.0
mean,497.43060880233134,663.8659714767675,331.6342585493024,497.96564944027
std,288.2242899079108,237.5155180750151,234.62578221637156,231.22355034955
min,0.0,4.0,0.0,2.0
max,999.0,999.0,990.0,996.0
