stats,Open,High,Low,Close
count,15114.0,15114.0,15114.0,15114.0
mean,498.05736403334674,666.8240703983059,333.6922720656344,499.6804287415641
std,288.48063982135096,234.9671433904087,236.97392002442976,230.4553914591254
min,0.0,13.0,0.0,0.0
max,999.0,999.0,989.0,998.0
