stats,Open,High,Low,Close
count,19196.0,19196.0,19196.0,19196.0
mean,503.2818295478225,666.7552094186291,335.10429256095,501.6527401541996
std,288.53585764380136,234.92829216696566,238.14889968629313,229.99813754706156
min,0.0,4.0,0.0,2.0
max,999.0,999.0,989.0,997.0
