stats,Open,High,Low,Close
count,19653.0,19653.0,19653.0,19653.0
mean,495.2480537322543,664.0273240726609,331.1648603266672,496.5003816211263
std,287.3906623778963,236.17877102549926,235.4720987598084,229.2184296741799
min,0.0,7.0,0.0,4.0
max,999.0,999.0,997.0,997.0
