stats,Open,High,Low,Close
count,15677.0,15677.0,15677.0,15677.0
mean,503.90993174714606,668.9795879313646,336.81086942654815,503.9540728455699
std,289.78495040366636,235.18088507145805,238.40497320104785,231.61034918309335
min,0.0,6.0,0.0,5.0
max,999.0,999.0,990.0,998.0
