stats,Open,High,Low,Close
count,15378.0,15378.0,15378.0,15378.0
mean,497.5744570165167,668.8192872935364,331.24378982962685,498.57283131746675
std,289.40602940629276,235.7328264261475,236.00817917625486,229.7751208473831
min,0.0,1.0,0.0,1.0
max,999.0,999.0,998.0,998.0
