stats,Open,High,Low,Close
count,17711.0,17711.0,17711.0,17711.0
mean,497.8183050081877,664.6418609903449,334.0098244029132,498.72762689853806
std,288.0251388215916,235.13311310102966,236.54959408648708,231.48856892336724
min,0.0,10.0,0.0,0.0
max,999.0,999.0,991.0,997.0
