stats,Open,High,Low,Close
count,14721.0,14721.0,14721.0,14721.0
mean,499.59826098770543,664.7647578289517,332.55315535629336,498.86101487670663
std,289.9490125852287,236.67627868836863,235.9167782659535,230.80485823309118
min,0.0,6.0,0.0,3.0
max,999.0,999.0,995.0,998.0
