stats,Open,High,Low,Close
count,17599.0,17599.0,17599.0,17599.0
mean,498.49326666287874,663.8632308653897,331.6766861753508,498.1593840559125
std,288.1301912336822,236.93293045805456,234.922818056226,229.5102129094427
min,0.0,2.0,0.0,0.0
max,999.0,999.0,993.0,993.0
