stats,Open,High,Low,Close
count,11514.0,11514.0,11514.0,11514.0
mean,502.37311099531024,669.0114643043258,332.56001389612595,499.0541080423835
std,289.43719129057547,233.70391054666706,234.6562856585381,230.09256202826012
min,0.0,8.0,0.0,2.0
max,999.0,999.0,988.0,994.0
