stats,Open,High,Low,Close
count,18385.0,18385.0,18385.0,18385.0
mean,498.2258906717432,665.5590970900189,331.6617895023115,500.4974163720425
std,287.4641038698743,233.66452771492615,234.05725746476685,227.52101110513684
min,0.0,1.0,0.0,0.0
max,999.0,999.0,994.0,997.0
