stats,Open,High,Low,Close
count,12564.0,12564.0,12564.0,12564.0
mean,497.2342406876793,667.8124005093918,331.4002706144542,499.3257720471186
std,288.2399542799471,232.96948429344985,235.01106957100768,228.72549807077326
min,0.0,5.0,0.0,4.0
max,999.0,999.0,992.0,994.0
