stats,Open,High,Low,Close
count,17985.0,17985.0,17985.0,17985.0
mean,503.55752015568515,669.4648874061721,334.6714484292467,500.9408951904364
std,289.1032766271812,234.1691987401197,235.36160488226648,228.8221232015836
min,0.0,4.0,0.0,3.0
max,999.0,999.0,992.0,996.0
