stats,Open,High,Low,Close
count,13397.0,13397.0,13397.0,13397.0
mean,498.98745987907733,666.4765992386357,332.90057475554244,501.00231395088434
std,288.70595333795717,235.88369832104047,235.97420217933845,230.76485198171363
min,0.0,1.0,0.0,1.0
max,999.0,999.0,988.0,997.0
