stats,Open,High,Low,Close
count,15242.0,15242.0,15242.0,15242.0
mean,500.1423697677471,664.8446398110486,331.29175961159933,496.95217163101967
std,288.48704559794317,236.32257911726236,235.40065305592668,229.24695448264046
min,0.0,6.0,0.0,3.0
max,999.0,999.0,997.0,997.0
