stats,Open,High,Low,Close
count,10613.0,10613.0,10613.0,10613.0
mean,500.673607839442,665.4222180344861,332.3594648073115,497.58814661264495
std,287.5597903015338,234.91738269151577,234.3352998575047,229.97410308098736
min,0.0,10.0,0.0,4.0
max,999.0,999.0,985.0,995.0
