stats,Open,High,Low,Close
count,13596.0,13596.0,13596.0,13596.0
mean,498.52780229479293,664.3536334215946,334.84105619299737,498.25191232715446
std,290.2704675881798,237.78068553175984,235.82388650182958,230.8891622342641
min,0.0,5.0,0.0,5.0
max,999.0,999.0,993.0,993.0
