stats,Open,High,Low,Close
count,16644.0,16644.0,16644.0,16644.0
mean,501.89816149963923,666.0793679403992,333.94376351838474,499.5834534967557
std,288.2797380627029,234.52629275996185,236.7087693362075,229.86177542998922
min,0.0,11.0,0.0,3.0
max,999.0,999.0,991.0,996.0
