stats,Open,High,Low,Close
count,11062.0,11062.0,11062.0,11062.0
mean,502.5225998915207,665.4144820104871,332.1859519074308,497.18992948833835
std,288.08644725050135,236.15170725630432,233.71378075963506,228.85504017804402
min,0.0,10.0,0.0,2.0
max,999.0,999.0,992.0,997.0
