stats,Open,High,Low,Close
count,16505.0,16505.0,16505.0,16505.0
mean,497.1055437746136,667.2908209633446,332.24168433807927,502.23489851560095
std,288.05175954058507,236.23526019970004,236.00643041835022,229.2982691015033
min,0.0,7.0,0.0,5.0
max,999.0,999.0,987.0,998.0
