stats,Open,High,Low,Close
count,19268.0,19268.0,19268.0,19268.0
mean,499.3619472700849,664.8245796138674,331.01468756487463,498.3719119784097
std,288.0939566801585,235.66684832082743,234.75548180008641,230.10890127318692
min,0.0,5.0,0.0,1.0
max,999.0,999.0,984.0,999.0
