stats,Open,High,Low,Close
count,16966.0,16966.0,16966.0,16966.0
mean,497.96204173052007,664.4403512908168,331.1445243428035,497.0700223977368
std,289.641497112694,234.64621966215304,236.24734744198815,230.59803627998537
min,0.0,10.0,0.0,0.0
max,999.0,999.0,994.0,998.0
