stats,Open,High,Low,Close
count,17347.0,17347.0,17347.0,17347.0
mean,497.16458177206476,663.562460367787,329.10140081858543,495.95982014181095
std,288.72485044871706,236.1907082820671,234.24788600836183,229.7908170756221
min,0.0,3.0,0.0,1.0
max,999.0,999.0,994.0,996.0
