stats,Open,High,Low,Close
count,16162.0,16162.0,16162.0,16162.0
mean,500.0795693602277,664.5545724539043,335.6458977849277,500.1220764756838
std,287.60431571050566,236.76900987004797,235.27686282888388,230.62686627430034
min,0.0,12.0,0.0,3.0
max,999.0,999.0,995.0,999.0
