stats,Open,High,Low,Close
count,10857.0,10857.0,10857.0,10857.0
mean,500.1297780233951,664.9739338675512,332.7483651100673,498.9506309293544
std,289.9623533715498,236.8044727037291,235.97612043465472,230.13412343575794
min,0.0,10.0,0.0,6.0
max,999.0,999.0,974.0,992.0
