stats,Open,High,Low,Close
count,17862.0,17862.0,17862.0,17862.0
mean,498.602172209159,666.3764416078826,330.5540253051172,499.0225618631733
std,289.2093642706304,234.95817853079555,234.6245017354338,230.2820319237937
min,0.0,6.0,0.0,4.0
max,999.0,999.0,995.0,998.0
