stats,Open,High,Low,Close
count,16642.0,16642.0,16642.0,16642.0
mean,497.291972118736,662.9906261266682,332.38474942915536,496.44718182910776
std,290.0856192658749,237.14479547198636,236.27426970360392,231.90179008007425
min,0.0,2.0,0.0,1.0
max,999.0,999.0,988.0,995.0
