stats,Open,High,Low,Close
count,10850.0,10850.0,10850.0,10850.0
mean,496.19198156682,661.855115207373,329.28645161290336,497.2446082949309
std,287.7085710805371,236.60917904385664,234.4501940960927,228.94782492098116
min,0.0,11.0,0.0,3.0
max,999.0,999.0,993.0,993.0
