stats,Open,High,Low,Close
count,11517.0,11517.0,11517.0,11517.0
mean,498.1648866892416,667.7241469132593,331.67673873404533,501.19067465485756
std,288.7419965886017,237.18250576261954,235.93047731616414,231.88258362276792
min,0.0,9.0,0.0,1.0
max,999.0,999.0,997.0,997.0
