stats,Open,High,Low,Close
count,12133.0,12133.0,12133.0,12133.0
mean,501.9067831533834,665.6157586746891,334.7389763455037,500.6870518420834
std,287.54742689590074,236.4144580321016,236.62782735631023,230.3019937024363
min,0.0,10.0,0.0,0.0
max,999.0,999.0,994.0,996.0
