stats,Open,High,Low,Close
count,16151.0,16151.0,16151.0,16151.0
mean,497.5721627143838,665.8673766330264,333.330072441335,500.9963469754195
std,286.8722266187914,235.54882516230126,234.5453346745014,228.3840550062151
min,0.0,6.0,0.0,4.0
max,999.0,999.0,995.0,996.0
