stats,Open,High,Low,Close
count,12851.0,12851.0,12851.0,12851.0
mean,499.9112909501209,665.714808186133,332.8227375301531,500.19313672087765
std,290.0630615551216,236.5667747016962,237.3421569601852,231.75317821680923
min,0.0,8.0,0.0,3.0
max,999.0,999.0,986.0,992.0
