stats,Open,High,Low,Close
count,18801.0,18801.0,18801.0,18801.0
mean,500.99388330407953,666.4225307164512,333.90133503537027,501.77352268496446
std,289.1691026188532,235.47006511376438,238.11698067989826,230.78154652384052
min,0.0,5.0,0.0,3.0
max,999.0,999.0,997.0,997.0
