stats,Open,High,Low,Close
count,14351.0,14351.0,14351.0,14351.0
mean,501.4302139223744,667.2537802243742,333.3064594801751,499.3186537523524
std,287.72229108050715,236.3475014565806,234.52045640680203,228.94513193184224
min,0.0,9.0,0.0,3.0
max,999.0,999.0,991.0,997.0
