stats,Open,High,Low,Close
count,19721.0,19721.0,19721.0,19721.0
mean,501.58171492317814,667.9228233862382,333.97626895187835,500.96491050149643
std,289.12237985984734,234.93316693870497,235.92456237651342,228.8546164766191
min,0.0,6.0,0.0,1.0
max,999.0,999.0,994.0,997.0
