stats,Open,High,Low,Close
count,17326.0,17326.0,17326.0,17326.0
mean,498.4820500981193,663.5094655431147,331.8019161953137,498.91723421447523
std,285.45613369925604,234.74725199714493,233.18451607754582,228.99319123999766
min,0.0,2.0,0.0,2.0
max,999.0,999.0,991.0,997.0
