stats,Open,High,Low,Close
count,11510.0,11510.0,11510.0,11510.0
mean,498.01172893136413,665.2771503040834,331.85369244135535,500.4927888792355
std,288.80645375587557,235.55559888854498,235.50901010613978,229.65622457095412
min,0.0,7.0,0.0,6.0
max,999.0,999.0,993.0,999.0
