stats,Open,High,Low,Close
count,18175.0,18175.0,18175.0,18175.0
mean,499.4099587345252,662.974800550206,331.9565887207701,497.10338376891303
std,286.0878604823084,235.64684203679744,233.6191973935487,229.4365907063235
min,0.0,2.0,0.0,2.0
max,999.0,999.0,985.0,996.0
