stats,Open,High,Low,Close
count,19672.0,19672.0,19672.0,19672.0
mean,498.2955469703132,665.9255286701908,333.324318828792,498.3639182594552
std,288.3849246403052,235.4785025299645,234.84967105751997,229.56001149369584
min,0.0,9.0,0.0,3.0
max,999.0,999.0,995.0,996.0
