stats,Open,High,Low,Close
count,12119.0,12119.0,12119.0,12119.0
mean,501.94479742552977,666.8277910718706,334.569848997442,500.3940919217759
std,286.16512591988567,234.8888258060112,233.45806224693268,228.83406007862916
min,0.0,8.0,0.0,1.0
max,999.0,999.0,994.0,995.0
