stats,Open,High,Low,Close
count,15712.0,15712.0,15712.0,15712.0
mean,497.7729760692463,664.1573956211812,332.23408859470453,497.91267820773936
std,289.8916683484799,237.49621797478812,235.39756949229195,230.50085304824225
min,0.0,4.0,0.0,4.0
max,999.0,999.0,987.0,996.0
