stats,Open,High,Low,Close
count,10153.0,10153.0,10153.0,10153.0
mean,499.21215404314,667.4379001280408,333.82822810991826,501.80478676253307
std,290.51563473390166,237.25724583029762,236.86008404102398,230.3041426832212
min,0.0,1.0,0.0,1.0
max,999.0,999.0,996.0,996.0
