stats,Open,High,Low,Close
count,13840.0,13840.0,13840.0,13840.0
mean,500.85592485549085,666.2949421965321,333.37622832369897,498.6731213872832
std,287.52969764199634,236.36852046235998,236.0444584001818,230.50306018775186
min,0.0,3.0,0.0,3.0
max,999.0,999.0,994.0,998.0
