stats,Open,High,Low,Close
count,10258.0,10258.0,10258.0,10258.0
mean,502.19945408461666,671.251218561123,333.0651199064146,504.1302398128293
std,290.95428509326194,235.5999689825803,236.33714070625095,230.27489877219438
min,0.0,3.0,0.0,3.0
max,999.0,999.0,982.0,996.0
