stats,Open,High,Low,Close
count,17219.0,17219.0,17219.0,17219.0
mean,499.55537487659046,666.5881293919502,333.73668621871195,498.8329171264299
std,289.8161514991316,236.89688814901046,236.4543522791943,230.18358366181374
min,0.0,4.0,0.0,2.0
max,999.0,999.0,993.0,998.0
