stats,Open,High,Low,Close
count,18464.0,18464.0,18464.0,18464.0
mean,501.0661286828419,667.8911395147315,336.57176126516487,502.5849220103984
std,288.64627892202145,234.25964986694444,238.34038162625234,229.65478531067288
min,0.0,8.0,0.0,3.0
max,999.0,999.0,995.0,999.0
