stats,Open,High,Low,Close
count,11850.0,11850.0,11850.0,11850.0
mean,497.5352742616033,666.414345991561,334.9607594936707,502.1907172995782
std,289.3495730724302,235.6790806278508,236.49246113127356,228.56452481031243
min,0.0,13.0,0.0,0.0
max,999.0,999.0,993.0,997.0
