stats,Open,High,Low,Close
count,13328.0,13328.0,13328.0,13328.0
mean,501.12447478991595,664.6210984393755,334.4522809123649,500.13655462184863
std,288.6943133841562,236.57984804854476,235.98619298246348,231.5535449011056
min,0.0,7.0,0.0,3.0
max,999.0,999.0,991.0,995.0
