stats,Open,High,Low,Close
count,13752.0,13752.0,13752.0,13752.0
mean,503.0596276905184,669.6759016870274,334.40248691099464,500.0617364746948
std,288.23234960931075,235.1088274639973,235.49757306265863,230.44434011343301
min,0.0,11.0,0.0,4.0
max,999.0,999.0,996.0,998.0
