stats,Open,High,Low,Close
count,12568.0,12568.0,12568.0,12568.0
mean,497.34858370464684,665.8130171865056,331.0173456397199,498.88637810311906
std,289.674350056252,236.22289649951114,236.44233373025295,231.33410219331063
min,0.0,6.0,0.0,1.0
max,999.0,999.0,987.0,997.0
