stats,Open,High,Low,Close
count,19340.0,19340.0,19340.0,19340.0
mean,497.92559462254303,665.3138572905893,332.72373319544994,498.80734229575984
std,289.02119283181315,235.45945778129405,237.35182508790868,231.01448669644617
min,0.0,9.0,0.0,2.0
max,999.0,999.0,994.0,996.0
