stats,Open,High,Low,Close
count,15247.0,15247.0,15247.0,15247.0
mean,497.55506001180566,665.5635862792682,333.4096543582343,499.31986620318753
std,289.9975457028063,237.7075971682077,237.2449815011201,232.02306411946927
min,0.0,14.0,0.0,2.0
max,999.0,999.0,994.0,997.0
