stats,Open,High,Low,Close
count,17709.0,17709.0,17709.0,17709.0
mean,496.3671014738267,664.1797955841664,332.47608560618875,497.9195324411316
std,289.68688751539696,236.97967499678097,236.01840558554815,231.53606700424197
min,0.0,4.0,0.0,2.0
max,999.0,999.0,992.0,996.0
