stats,Open,High,Low,Close
count,10872.0,10872.0,10872.0,10872.0
mean,505.0435982339956,667.8096946284032,335.5458057395144,500.82956217807185
std,287.9764682467325,235.44131215026653,238.16199948595602,231.50150466785806
min,0.0,5.0,0.0,2.0
max,999.0,999.0,990.0,998.0
