stats,Open,High,Low,Close
count,10168.0,10168.0,10168.0,10168.0
mean,494.4977380015737,661.9304681353268,330.8152045633359,494.88198269079453
std,287.82668747189814,236.00828893546333,234.69772539258517,230.37276859260555
min,0.0,16.0,0.0,4.0
max,999.0,999.0,988.0,993.0
