stats,Open,High,Low,Close
count,19866.0,19866.0,19866.0,19866.0
mean,501.24755864290745,665.4668277458973,333.09564079331506,499.3703815564282
std,289.1359993178217,235.31951455629036,237.18656754108702,230.6892414874552
min,0.0,7.0,0.0,5.0
max,999.0,999.0,993.0,999.0
