stats,Open,High,Low,Close
count,13272.0,13272.0,13272.0,13272.0
mean,495.2971669680532,664.4916365280288,329.6946202531645,497.6862567811934
std,288.4429397879009,236.2586092403445,233.61886652056887,228.14413136073756
min,0.0,16.0,0.0,4.0
max,999.0,999.0,995.0,995.0
