stats,Open,High,Low,Close
count,14773.0,14773.0,14773.0,14773.0
mean,500.99153861774823,667.0195627157652,335.0750016922765,499.2954037771608
std,287.7190106304114,234.5360462906248,235.21994174026014,229.50407849452503
min,0.0,6.0,0.0,3.0
max,999.0,999.0,993.0,995.0
