stats,Open,High,Low,Close
count,13956.0,13956.0,13956.0,13956.0
mean,495.83827744339334,661.69475494411,331.9668243049583,496.97499283462315
std,289.4549131676209,237.16399840501188,235.19096514375178,229.73743713881223
min,0.0,12.0,0.0,2.0
max,999.0,999.0,989.0,998.0
