stats,Open,High,Low,Close
count,18292.0,18292.0,18292.0,18292.0
mean,497.6415919527669,665.7468838836651,334.54963918652953,499.6301661928712
std,287.84065097187533,235.5771043386623,236.4718350223181,230.172173159912
min,0.0,8.0,0.0,1.0
max,999.0,999.0,993.0,998.0
