stats,Open,High,Low,Close
count,17144.0,17144.0,17144.0,17144.0
mean,500.6482734484369,667.0414722351841,334.4888007466169,500.79870508632786
std,288.87192598440305,234.39785170801304,237.21370889636813,229.85956902888404
min,0.0,5.0,0.0,3.0
max,999.0,999.0,987.0,998.0
