stats,Open,High,Low,Close
count,17448.0,17448.0,17448.0,17448.0
mean,501.5556510774872,668.5048716185236,335.7502865657957,502.65818431911964
std,288.1298400387277,234.1694101232451,237.1907504773927,229.81451890046844
min,0.0,9.0,0.0,1.0
max,999.0,999.0,988.0,995.0
