stats,Open,High,Low,Close
count,10961.0,10961.0,10961.0,10961.0
mean,500.5072529878662,667.5817899826658,331.74153818082254,500.6442842806309
std,288.92975298501335,235.97482833974294,235.1180400813277,230.1318596285529
min,0.0,14.0,0.0,5.0
max,999.0,999.0,987.0,998.0
