stats,Open,High,Low,Close
count,14211.0,14211.0,14211.0,14211.0
mean,498.5538667229619,665.4074308634159,329.358384350151,496.8063471958344
std,289.63144523448295,235.51259664637942,235.28572411826622,229.79465010126765
min,0.0,10.0,0.0,4.0
max,999.0,999.0,989.0,999.0
