stats,Open,High,Low,Close
count,12670.0,12670.0,12670.0,12670.0
mean,500.0731649565906,665.9105761641672,335.9198105761641,500.3617995264404
std,288.6298304637849,233.01421199526519,236.29317117910867,229.03535926521528
min,0.0,14.0,0.0,7.0
max,999.0,999.0,989.0,998.0
