stats,Open,High,Low,Close
count,11735.0,11735.0,11735.0,11735.0
mean,502.9496378355349,667.3334469535577,333.1486152535157,500.9410311035362
std,291.87621141768756,237.33144965476743,236.88516512622084,230.57926757600964
min,0.0,7.0,0.0,3.0
max,999.0,999.0,999.0,999.0
