stats,Open,High,Low,Close
count,15804.0,15804.0,15804.0,15804.0
mean,501.6312325993418,668.5604910149328,333.6729309035685,500.16457858769945
std,290.76195027395596,236.31221232785614,237.22037927893285,231.17211590117617
min,0.0,8.0,0.0,3.0
max,999.0,999.0,992.0,994.0
