stats,Open,High,Low,Close
count,11369.0,11369.0,11369.0,11369.0
mean,497.7816870437156,664.608584747999,333.44463013457664,498.39906764007384
std,290.16367929156377,238.66881883613263,236.69553510072285,230.99810404028673
min,0.0,4.0,0.0,4.0
max,999.0,999.0,997.0,998.0
