stats,Open,High,Low,Close
count,12869.0,12869.0,12869.0,12869.0
mean,498.4733856554511,669.5832621027274,333.76812495143383,503.2118268707749
std,288.2159955075559,235.0728612162736,234.6573468140422,228.69962955703207
min,0.0,11.0,0.0,1.0
max,999.0,999.0,985.0,993.0
