stats,Open,High,Low,Close
count,12851.0,12851.0,12851.0,12851.0
mean,501.6502995875808,665.565403470547,336.5621352423932,499.25772313438665
std,287.94037272472195,235.84462401199707,235.53046464744853,230.73518980611084
min,0.0,8.0,0.0,3.0
max,999.0,999.0,983.0,996.0
