stats,Open,High,Low,Close
count,16740.0,16740.0,16740.0,16740.0
mean,502.52514934289115,666.8637395459974,335.8919952210277,500.5164874551973
std,290.1059776170188,236.95089953079352,238.62652935209275,232.51569723849047
min,0.0,9.0,0.0,5.0
max,999.0,999.0,998.0,998.0
