stats,Open,High,Low,Close
count,19337.0,19337.0,19337.0,19337.0
mean,500.44557066763196,668.0328903139064,334.9721259761079,499.67585457930403
std,287.87448771044626,235.0403405416351,236.74622255066657,230.0940996565482
min,0.0,7.0,0.0,4.0
max,999.0,999.0,995.0,996.0
