stats,Open,High,Low,Close
count,17648.0,17648.0,17648.0,17648.0
mean,501.06935630099656,667.8062669990932,332.94350634632815,500.3117067089755
std,288.89693344554723,235.5871169224274,234.58906615270178,228.2542315863163
min,0.0,6.0,0.0,6.0
max,999.0,999.0,994.0,999.0
