stats,Open,High,Low,Close
count,18930.0,18930.0,18930.0,18930.0
mean,498.684574749075,668.8467511885893,330.2102482831483,499.7574220813523
std,289.5339836851389,234.7075815037094,234.73788903761437,229.15351401513027
min,0.0,4.0,0.0,3.0
max,999.0,999.0,987.0,997.0
