stats,Open,High,Low,Close
count,11091.0,11091.0,11091.0,11091.0
mean,500.93030384996854,668.4293571364169,332.8317554774138,500.7251825804707
std,289.7020865116499,236.7203799186486,238.90008853994425,231.86263585948942
min,0.0,8.0,0.0,5.0
max,999.0,999.0,990.0,996.0
