stats,Open,High,Low,Close
count,17204.0,17204.0,17204.0,17204.0
mean,501.12840037200647,668.276854219949,330.42141362473814,498.6216577540106
std,289.4244016960785,234.66327283068892,234.72368355950167,229.23286312831775
min,0.0,13.0,0.0,3.0
max,999.0,999.0,990.0,998.0
