stats,Open,High,Low,Close
count,13724.0,13724.0,13724.0,13724.0
mean,494.83751092975814,664.4671378606822,332.89325269600835,499.26348003497463
std,288.13279556635706,234.97660732172113,235.60803158373244,229.53760414006692
min,0.0,8.0,0.0,2.0
max,999.0,999.0,995.0,996.0
