stats,Open,High,Low,Close
count,11783.0,11783.0,11783.0,11783.0
mean,498.17669523890316,666.7891878129509,332.24679623185955,499.4491216158874
std,289.06286869367915,236.93610224234033,236.13976328613975,231.7280465575959
min,0.0,3.0,0.0,1.0
max,999.0,999.0,993.0,993.0
