stats,Open,High,Low,Close
count,12607.0,12607.0,12607.0,12607.0
mean,494.5122550963751,664.3387007218213,331.88006662964995,499.28928373126024
std,288.53636403329324,235.60163697652715,235.60846734747855,231.08644989540207
min,0.0,11.0,0.0,7.0
max,999.0,999.0,982.0,996.0
