stats,Open,High,Low,Close
count,11337.0,11337.0,11337.0,11337.0
mean,494.55508511952013,664.6492899356092,329.7139454882249,495.511422774985
std,288.898345826015,237.02627560274942,234.96316572789095,229.05559513865117
min,0.0,6.0,0.0,2.0
max,999.0,999.0,992.0,996.0
