stats,Open,High,Low,Close
count,14781.0,14781.0,14781.0,14781.0
mean,493.94161423449026,662.7751167038764,328.02469386374383,496.43467965631567
std,289.6063382673454,234.77005916968878,235.28359733812647,229.51622744201688
min,0.0,3.0,0.0,0.0
max,999.0,999.0,990.0,994.0
