stats,Open,High,Low,Close
count,17780.0,17780.0,17780.0,17780.0
mean,501.9800337457817,667.3128796400449,333.6995500562429,500.36636670416203
std,289.8066293938627,236.20660081422977,235.39025007287674,230.15879715962717
min,0.0,10.0,0.0,0.0
max,999.0,999.0,991.0,995.0
