stats,Open,High,Low,Close
count,16764.0,16764.0,16764.0,16764.0
mean,502.27624671915993,668.4462538773564,335.40014316392273,501.19852063946547
std,288.54407189103586,232.85738627781495,236.84289302580615,230.4375658883629
min,0.0,8.0,0.0,1.0
max,999.0,999.0,987.0,996.0
