stats,Open,High,Low,Close
count,15759.0,15759.0,15759.0,15759.0
mean,501.23700742432897,666.3032552826957,331.46240243670286,499.6440764007868
std,289.5332920583268,235.45501066531878,236.77478296268558,230.45448931991902
min,0.0,1.0,0.0,0.0
max,999.0,999.0,995.0,996.0
