stats,Open,High,Low,Close
count,18430.0,18430.0,18430.0,18430.0
mean,501.33445469343445,667.2686923494306,332.9064568638088,499.75024416711875
std,288.3677381063214,233.1579620609656,235.54911568278735,229.37047303562417
min,0.0,10.0,0.0,2.0
max,999.0,999.0,996.0,996.0
