stats,Open,High,Low,Close
count,13482.0,13482.0,13482.0,13482.0
mean,507.6182317163627,670.2421747515207,337.7342382435842,504.60977599762674
std,290.3070120869767,235.05964664812385,237.274366293339,230.07491483553605
min,0.0,13.0,0.0,4.0
max,999.0,999.0,989.0,996.0
