stats,Open,High,Low,Close
count,16621.0,16621.0,16621.0,16621.0
mean,501.4129715420251,669.427591600987,331.3102099753323,500.78298537994084
std,289.3690856179908,234.78383868770553,234.6990164289519,229.43504991972046
min,0.0,5.0,0.0,0.0
max,999.0,999.0,997.0,997.0
