stats,Open,High,Low,Close
count,11165.0,11165.0,11165.0,11165.0
mean,495.2082400358261,666.877384684281,330.0746081504705,498.1059561128523
std,288.3273789136233,235.82177666471827,236.38687835166337,230.2913090730258
min,0.0,0.0,0.0,0.0
max,999.0,999.0,987.0,992.0
