stats,Open,High,Low,Close
count,11190.0,11190.0,11190.0,11190.0
mean,502.71966041108135,666.8361930294907,336.3352100089367,499.9324396782841
std,288.4461925002459,235.12466306287214,236.6606843710394,229.00352142986003
min,0.0,6.0,0.0,2.0
max,999.0,999.0,994.0,998.0
