stats,Open,High,Low,Close
count,12487.0,12487.0,12487.0,12487.0
mean,495.61680147353246,664.8439977576681,331.35524945943786,496.5411227676784
std,289.35771519942347,236.89851714379034,235.96959892936474,230.69954947216291
min,0.0,10.0,0.0,2.0
max,999.0,999.0,997.0,998.0
