stats,Open,High,Low,Close
count,19453.0,19453.0,19453.0,19453.0
mean,501.1899964015836,667.0434894360765,333.1211638307713,501.7619390325396
std,289.54275945073334,235.8179011896374,235.58432276943677,229.8330374305971
min,0.0,8.0,0.0,1.0
max,999.0,999.0,993.0,998.0
