stats,Open,High,Low,Close
count,18119.0,18119.0,18119.0,18119.0
mean,501.3191677244877,668.831226888901,333.89767647221163,501.88945306032275
std,287.7368831463692,233.49484298033607,235.76640395603968,230.07780466890466
min,0.0,10.0,0.0,2.0
max,999.0,999.0,995.0,997.0
