stats,Open,High,Low,Close
count,17380.0,17380.0,17380.0,17380.0
mean,501.06173762945923,668.1195051783662,332.410069044879,497.7734177215191
std,287.76597683372734,233.33675157020542,234.8789978836133,227.80835327257003
min,0.0,5.0,0.0,2.0
max,999.0,999.0,993.0,997.0
