stats,Open,High,Low,Close
count,16878.0,16878.0,16878.0,16878.0
mean,498.54514752932823,665.7846308804359,333.05942647233064,498.99786704585847
std,289.09289586748565,237.3714683101623,235.5367249870737,229.638093189878
min,0.0,8.0,0.0,2.0
max,999.0,999.0,995.0,995.0
