stats,Open,High,Low,Close
count,19881.0,19881.0,19881.0,19881.0
mean,496.86841708163576,664.0063880086515,329.18243549117216,495.9589557869319
std,289.7917181848475,238.14308447133345,235.52340993004069,231.86185096516917
min,0.0,7.0,0.0,1.0
max,999.0,999.0,986.0,996.0
