stats,Open,High,Low,Close
count,15610.0,15610.0,15610.0,15610.0
mean,497.28014093529794,665.1499679692508,335.6786675208198,501.79564381806557
std,289.1177167380569,236.14571266900825,237.16356240625063,230.06031906232556
min,0.0,2.0,0.0,2.0
max,999.0,999.0,994.0,997.0
