stats,Open,High,Low,Close
count,13036.0,13036.0,13036.0,13036.0
mean,497.596655415772,666.5905185639767,329.9674746854863,497.14283522552904
std,290.89100338567175,236.17116763277326,235.20608111064718,231.19946571134147
min,0.0,7.0,0.0,0.0
max,999.0,999.0,996.0,997.0
