stats,Open,High,Low,Close
count,15293.0,15293.0,15293.0,15293.0
mean,500.1330674164654,667.4071797554441,333.40443340090246,501.2961485647028
std,286.7336490020608,234.13566308768443,234.31834279243122,228.46759832211004
min,0.0,9.0,0.0,5.0
max,999.0,999.0,990.0,999.0
