stats,Open,High,Low,Close
count,10984.0,10984.0,10984.0,10984.0
mean,500.203022578296,669.5100145666423,332.1529497450844,501.5010924981791
std,290.0848254878197,234.25942535236564,236.11309554003603,230.85276357661292
min,0.0,7.0,0.0,4.0
max,999.0,999.0,994.0,998.0
