stats,Open,High,Low,Close
count,18227.0,18227.0,18227.0,18227.0
mean,496.35661381467037,663.4628847314426,331.6077248038624,497.61304657925064
std,287.93405795036256,235.48502163709787,234.8310464785927,229.96566805362352
min,0.0,2.0,0.0,2.0
max,999.0,999.0,992.0,997.0
