stats,Open,High,Low,Close
count,18856.0,18856.0,18856.0,18856.0
mean,498.64743317776805,665.1793593551129,330.04783623249904,497.9692935935509
std,289.3580491751035,234.5154236399854,235.15704675862867,228.49740242026374
min,0.0,3.0,0.0,3.0
max,999.0,999.0,990.0,999.0
