stats,Open,High,Low,Close
count,10871.0,10871.0,10871.0,10871.0
mean,498.8961457087664,664.9851899549258,328.65099806825424,497.0148100450737
std,290.23981356610545,235.88898122671011,233.68132947033666,230.16140263255076
min,0.0,6.0,0.0,2.0
max,999.0,999.0,990.0,998.0
