stats,Open,High,Low,Close
count,13272.0,13272.0,13272.0,13272.0
mean,501.2937010247139,668.637130801687,335.28330319469586,503.16063893911996
std,290.1315694092683,236.10243808691513,237.13870897769118,231.11388800867454
min,0.0,6.0,0.0,3.0
max,999.0,999.0,987.0,997.0
