stats,Open,High,Low,Close
count,16738.0,16738.0,16738.0,16738.0
mean,502.6868801529454,667.9950412235632,334.2652646672242,501.9130720516192
std,288.71489192198436,235.14710729958864,234.74587229141758,229.8231940318829
min,0.0,6.0,0.0,2.0
max,999.0,999.0,990.0,998.0
