stats,Open,High,Low,Close
count,11900.0,11900.0,11900.0,11900.0
mean,504.29126050420206,668.1157142857144,335.4388235294117,501.8218487394961
std,288.74381676712073,235.73616059414218,235.89805773566675,229.43026669230986
min,0.0,4.0,0.0,2.0
max,999.0,999.0,989.0,996.0
