stats,Open,High,Low,Close
count,12501.0,12501.0,12501.0,12501.0
mean,498.58195344372416,664.8127349812014,332.0147188224939,499.5228381729461
std,288.28268283595446,236.0603927155243,235.22498630744772,227.76970030795584
min,0.0,5.0,0.0,0.0
max,999.0,999.0,994.0,996.0
