stats,Open,High,Low,Close
count,17332.0,17332.0,17332.0,17332.0
mean,496.4570736210475,666.028848372952,331.04558042926345,498.7904454188781
std,287.9854112346646,235.7121956964365,235.73094496461235,229.31779356832791
min,0.0,4.0,0.0,3.0
max,999.0,999.0,993.0,995.0
