stats,Open,High,Low,Close
count,18905.0,18905.0,18905.0,18905.0
mean,500.23570483998947,665.7729701137267,330.1563078550642,496.0425284316316
std,289.9238973520084,237.55998235665567,235.09190438579228,230.71955304337615
min,0.0,3.0,0.0,2.0
max,999.0,999.0,996.0,997.0
