stats,Open,High,Low,Close
count,19780.0,19780.0,19780.0,19780.0
mean,501.8659251769465,669.2128918099091,331.7141557128411,500.9791203235592
std,290.3761855918705,236.0406605075519,235.2017071740905,230.42090099683637
min,0.0,6.0,0.0,4.0
max,999.0,999.0,991.0,998.0
