stats,Open,High,Low,Close
count,15741.0,15741.0,15741.0,15741.0
mean,501.64500349405967,669.0178514706814,334.3436884568964,500.5946890286517
std,287.27427957915154,232.51974625930575,235.9122552200055,228.7276199974166
min,0.0,10.0,0.0,3.0
max,999.0,999.0,994.0,997.0
