stats,Open,High,Low,Close
count,11956.0,11956.0,11956.0,11956.0
mean,499.9182000669115,670.0714285714287,332.4301605888258,502.929324188692
std,288.85744611132685,234.62251465514177,234.63435780805364,229.13294632484548
min,0.0,2.0,0.0,2.0
max,999.0,999.0,994.0,998.0
