stats,Open,High,Low,Close
count,16034.0,16034.0,16034.0,16034.0
mean,496.6310964201078,665.9720593738303,332.62117999251643,499.438069103156
std,289.06783976773033,235.01252788016387,236.73593019517307,231.5762705383338
min,0.0,7.0,0.0,5.0
max,999.0,999.0,993.0,996.0
