stats,Open,High,Low,Close
count,11069.0,11069.0,11069.0,11069.0
mean,502.766103532388,667.9075797271663,333.3997651097661,500.2113108681905
std,289.2778397038623,237.09217442517874,234.38428247646735,228.65555004404527
min,0.0,6.0,0.0,6.0
max,999.0,999.0,990.0,999.0
