stats,Open,High,Low,Close
count,18215.0,18215.0,18215.0,18215.0
mean,496.93466922865764,663.5576173483395,333.3519626681306,497.5518528685151
std,288.1636354349868,236.42979890924266,237.47184451850543,230.4284784277458
min,0.0,2.0,0.0,1.0
max,999.0,999.0,990.0,996.0
