stats,Open,High,Low,Close
count,19950.0,19950.0,19950.0,19950.0
mean,501.2546867167924,666.6507268170426,333.77614035087703,500.7445112781952
std,289.1097864858206,235.82124149654652,236.37851119243467,231.021740323676
min,0.0,3.0,0.0,1.0
max,999.0,999.0,993.0,998.0
