stats,Open,High,Low,Close
count,14116.0,14116.0,14116.0,14116.0
mean,501.3327429866817,665.2069991499006,336.0021252479456,499.1166761122129
std,287.38756147895816,236.67399406145228,237.42507111730623,230.97399412193664
min,0.0,5.0,0.0,2.0
max,999.0,999.0,991.0,996.0
