stats,Open,High,Low,Close
count,16173.0,16173.0,16173.0,16173.0
mean,496.8219872627219,667.4367155135099,334.21851233537393,500.30965188895084
std,288.49609990429377,235.25725816972968,236.30713111074277,231.55759316041406
min,0.0,4.0,0.0,4.0
max,999.0,999.0,991.0,992.0
