stats,Open,High,Low,Close
count,18811.0,18811.0,18811.0,18811.0
mean,501.24788687470095,667.4319281271593,334.9990962734569,501.75131571952556
std,289.109273071339,236.52686883347562,235.72054803699314,230.0676698934322
min,0.0,5.0,0.0,0.0
max,999.0,999.0,996.0,999.0
