stats,Open,High,Low,Close
count,14782.0,14782.0,14782.0,14782.0
mean,503.1547151941548,668.2320389663101,333.44303883101105,498.42957651197423
std,289.4121745014101,234.1158454378193,236.71410417591068,230.05236476596434
min,0.0,7.0,0.0,1.0
max,999.0,999.0,990.0,997.0
