stats,Open,High,Low,Close
count,12469.0,12469.0,12469.0,12469.0
mean,493.0251022535892,661.49322319352,327.0891009704068,494.56235463950617
std,290.77308468561887,235.57908205989764,234.25655581776473,228.02411463151515
min,0.0,8.0,0.0,3.0
max,999.0,999.0,989.0,993.0
