stats,Open,High,Low,Close
count,18184.0,18184.0,18184.0,18184.0
mean,500.62115046194583,665.2468103827528,333.78574571051405,500.0695116586018
std,287.27593887336883,235.75414491845137,234.63915706863375,228.8742476233839
min,0.0,5.0,0.0,2.0
max,999.0,999.0,994.0,994.0
