stats,Open,High,Low,Close
count,10260.0,10260.0,10260.0,10260.0
mean,503.13703703703715,671.8952241715401,331.45604288499015,501.5531189083821
std,289.48266680432994,233.30725139097544,237.0753739521039,228.8695269398103
min,0.0,13.0,0.0,1.0
max,999.0,999.0,996.0,996.0
