stats,Open,High,Low,Close
count,13818.0,13818.0,13818.0,13818.0
mean,499.34201765812696,665.252062527138,332.386018237082,498.60406715877747
std,287.549517009125,234.0809343871088,233.31820118649404,228.01371820297882
min,0.0,6.0,0.0,2.0
max,999.0,999.0,994.0,997.0
