stats,Open,High,Low,Close
count,14442.0,14442.0,14442.0,14442.0
mean,501.4176706827308,663.7451184046531,336.9844204403824,498.7086276139042
std,286.96790698965305,234.28291582305258,236.18931853447378,228.8152306968143
min,0.0,3.0,0.0,1.0
max,999.0,999.0,992.0,997.0
