stats,Open,High,Low,Close
count,16178.0,16178.0,16178.0,16178.0
mean,497.9224873284711,664.669365805415,331.3561626900726,498.0956854988258
std,288.46415345899777,236.32363797966028,235.56088059301953,228.36286949851564
min,0.0,9.0,0.0,2.0
max,999.0,999.0,995.0,996.0
