stats,Open,High,Low,Close
count,12651.0,12651.0,12651.0,12651.0
mean,499.81590388111607,665.0495612995021,332.20172318393793,497.4483440044266
std,289.2819990246448,236.08574176436838,236.08753036170128,229.05298919057753
min,0.0,2.0,0.0,1.0
max,999.0,999.0,989.0,995.0
