stats,Open,High,Low,Close
count,10642.0,10642.0,10642.0,10642.0
mean,495.5711332456307,667.2541815448225,331.79092275887996,500.91956399173097
std,289.2033542024713,234.5947070490047,235.9270640098204,228.0075169663
min,0.0,9.0,0.0,7.0
max,999.0,999.0,998.0,999.0
