stats,Open,High,Low,Close
count,19243.0,19243.0,19243.0,19243.0
mean,503.8897261341791,667.1699838902457,333.7295639972975,498.74744062776045
std,288.40299765281986,236.56628887359568,236.51692701348927,230.66679222306666
min,0.0,9.0,0.0,1.0
max,999.0,999.0,996.0,996.0
