stats,Open,High,Low,Close
count,11764.0,11764.0,11764.0,11764.0
mean,503.039697381843,669.4942196531797,335.70596735804156,504.26785107106423
std,287.3849444640875,233.75457087617187,236.40477334740484,229.53136948856772
min,0.0,8.0,0.0,2.0
max,999.0,999.0,993.0,997.0
