stats,Open,High,Low,Close
count,12508.0,12508.0,12508.0,12508.0
mean,495.1915574032619,664.0801087304118,329.29293252318513,495.70762711864376
std,287.91557892748193,236.69924039054132,234.8937290346687,230.01409077162245
min,0.0,2.0,0.0,2.0
max,999.0,999.0,994.0,996.0
