stats,Open,High,Low,Close
count,18934.0,18934.0,18934.0,18934.0
mean,497.1053131931975,664.5607901130246,331.20888349001785,497.79513045315326
std,289.35105487731795,237.52306662629317,235.88400444686746,231.12569936906118
min,0.0,10.0,0.0,1.0
max,999.0,999.0,992.0,995.0
