stats,Open,High,Low,Close
count,14699.0,14699.0,14699.0,14699.0
mean,501.38655690863317,668.0659228518948,334.4315939859856,501.1528675420096
std,288.8134951307352,236.08186035741662,237.4944718606294,231.23743150343438
min,0.0,14.0,0.0,2.0
max,999.0,999.0,991.0,994.0
