stats,Open,High,Low,Close
count,18721.0,18721.0,18721.0,18721.0
mean,501.53394583622674,669.1207734629553,330.9493082634476,500.9644783932479
std,288.4130320670366,233.81885702891404,235.5169596772075,229.81747976436014
min,0.0,2.0,0.0,2.0
max,999.0,999.0,997.0,999.0
