stats,Open,High,Low,Close
count,13396.0,13396.0,13396.0,13396.0
mean,496.2380561361596,661.3538369662588,330.2310391161535,495.59219169901394
std,288.20509523544223,237.79292323811083,234.3916201019471,229.15277347304487
min,0.0,5.0,0.0,2.0
max,999.0,999.0,984.0,997.0
