stats,Open,High,Low,Close
count,15340.0,15340.0,15340.0,15340.0
mean,500.3265971316819,666.8670143415906,331.3715775749672,497.28585397653205
std,289.9793662332168,235.58505898071311,236.08741299761422,230.18961244697195
min,0.0,11.0,0.0,9.0
max,999.0,999.0,995.0,995.0
