stats,Open,High,Low,Close
count,16551.0,16551.0,16551.0,16551.0
mean,498.3827563289225,668.7714337502268,334.0023563530899,500.23865627454546
std,288.13783084011646,233.40863513745612,234.88369673399146,229.55097944379958
min,0.0,11.0,0.0,0.0
max,999.0,999.0,982.0,995.0
