stats,Open,High,Low,Close
count,19036.0,19036.0,19036.0,19036.0
mean,501.6609056524481,667.2212649716333,334.2757407018277,499.9243013238072
std,286.1296904289994,235.01415949517178,235.1005867184038,228.89434154470794
min,0.0,10.0,0.0,7.0
max,999.0,999.0,998.0,999.0
