stats,Open,High,Low,Close
count,10716.0,10716.0,10716.0,10716.0
mean,505.1207540126914,669.7451474430759,331.4688316536023,500.6328854050019
std,289.5194731178681,235.43217178757664,236.57358513642214,229.97033787329391
min,0.0,6.0,0.0,3.0
max,999.0,999.0,984.0,996.0
