stats,Open,High,Low,Close
count,11683.0,11683.0,11683.0,11683.0
mean,501.22177522896504,666.6140546092615,335.13044594710243,499.40041085337646
std,286.19996834055684,233.82295697246533,233.23598695759821,226.3456564163922
min,0.0,15.0,0.0,4.0
max,999.0,999.0,985.0,998.0
