stats,Open,High,Low,Close
count,14283.0,14283.0,14283.0,14283.0
mean,499.26724077574676,665.6075054260311,331.28418399495933,497.9815164881326
std,289.1875981907661,235.04182450936094,236.66862972366707,229.80245425604127
min,0.0,5.0,0.0,4.0
max,999.0,999.0,995.0,998.0
