stats,Open,High,Low,Close
count,17218.0,17218.0,17218.0,17218.0
mean,498.33842490417,665.888721105819,330.7063538157739,497.5651643628757
std,289.2501579748704,235.01708143066693,235.2377384583243,229.81611263895843
min,0.0,3.0,0.0,3.0
max,999.0,999.0,996.0,997.0
