stats,Open,High,Low,Close
count,18711.0,18711.0,18711.0,18711.0
mean,501.03500614611704,668.8400940623163,333.41066752177846,501.30185452407653
std,288.5886795756348,235.2894669853744,234.8003821927471,229.566478604009
min,0.0,2.0,0.0,0.0
max,999.0,999.0,991.0,993.0
