stats,Open,High,Low,Close
count,10791.0,10791.0,10791.0,10791.0
mean,499.7887128162355,664.2764340654248,336.43786488740614,500.39208599759036
std,289.7612004990725,236.15314582954025,239.86761256143507,231.73154270720894
min,0.0,10.0,0.0,3.0
max,999.0,999.0,986.0,992.0
