stats,Open,High,Low,Close
count,13322.0,13322.0,13322.0,13322.0
mean,500.5638042335987,664.4269629184807,333.2438072361504,499.77938747935775
std,288.17283100939983,236.5825501022972,235.94329733040917,230.27575643385939
min,0.0,7.0,0.0,4.0
max,999.0,999.0,991.0,998.0
