stats,Open,High,Low,Close
count,16381.0,16381.0,16381.0,16381.0
mean,501.0912032232462,666.6956840241743,334.4556498382272,500.23276967218146
std,288.4992979490908,234.41498428782225,235.82244089183132,229.5118716619592
min,0.0,7.0,0.0,3.0
max,999.0,999.0,990.0,994.0
