stats,Open,High,Low,Close
count,15268.0,15268.0,15268.0,15268.0
mean,503.7526853549908,668.3917998428087,334.83887870055037,500.6539166884988
std,287.9508975570941,234.19788035769238,234.82253334844123,228.6323581157272
min,0.0,1.0,0.0,0.0
max,999.0,999.0,991.0,996.0
