stats,Open,High,Low,Close
count,16729.0,16729.0,16729.0,16729.0
mean,499.08004064797706,663.8878594058222,331.99378325064237,497.81708410544593
std,287.77171488723894,235.65351397343912,234.18260666836127,228.8352787151369
min,0.0,3.0,0.0,3.0
max,999.0,999.0,989.0,997.0
