stats,Open,High,Low,Close
count,18718.0,18718.0,18718.0,18718.0
mean,499.40704135057126,667.3224169248848,331.87979484987704,499.5236136339352
std,288.102595636778,235.56607663380422,235.27013588685816,230.57179842033355
min,0.0,1.0,0.0,1.0
max,999.0,999.0,995.0,995.0
