stats,Open,High,Low,Close
count,13958.0,13958.0,13958.0,13958.0
mean,496.0542341309642,663.4925490757984,329.7162917323395,494.2152170798109
std,289.2249599329508,239.6010513434954,233.97565634193728,231.4158884478053
min,0.0,10.0,0.0,1.0
max,999.0,999.0,989.0,998.0
