stats,Open,High,Low,Close
count,12250.0,12250.0,12250.0,12250.0
mean,496.3641632653062,666.8115102040816,333.0942040816325,500.4024489795917
std,289.2218398251791,235.44718739768152,237.077897336598,229.95474996111403
min,0.0,6.0,0.0,5.0
max,999.0,999.0,992.0,996.0
