stats,Open,High,Low,Close
count,10721.0,10721.0,10721.0,10721.0
mean,499.5171159406773,668.0945807294096,331.79554146068466,500.08058949724835
std,289.50578048085777,234.52645208012893,235.89864060771353,229.65860661921508
min,0.0,10.0,0.0,6.0
max,999.0,999.0,997.0,998.0
