stats,Open,High,Low,Close
count,19125.0,19125.0,19125.0,19125.0
mean,500.6959477124183,664.1354771241832,332.53563398692773,498.4344575163398
std,289.56477295350896,237.72362780293955,235.6636460210222,231.86602971512517
min,0.0,6.0,0.0,2.0
max,999.0,999.0,992.0,999.0
