stats,Open,High,Low,Close
count,11795.0,11795.0,11795.0,11795.0
mean,498.68155998304337,666.7465027554047,330.2568037303943,498.2749470114457
std,287.58734661807085,235.58957430105468,235.45263167363416,229.93421863585547
min,0.0,8.0,0.0,1.0
max,999.0,999.0,995.0,997.0
