stats,Open,High,Low,Close
count,15669.0,15669.0,15669.0,15669.0
mean,496.6674963303342,663.585997830111,331.3015508328552,497.50328674452805
std,289.10412952064496,235.8221111856771,236.69589056732013,230.72619883366428
min,0.0,8.0,0.0,3.0
max,999.0,999.0,990.0,998.0
