stats,Open,High,Low,Close
count,18292.0,18292.0,18292.0,18292.0
mean,502.73261535097305,669.39842554122,336.34577957577056,503.3585720533569
std,287.1027508921238,232.55825409798592,234.47626466062965,227.92291703770897
min,0.0,8.0,0.0,2.0
max,999.0,999.0,989.0,996.0
