stats,Open,High,Low,Close
count,13495.0,13495.0,13495.0,13495.0
mean,502.15339014449825,666.2417932567614,333.6609114486843,499.8726935902188
std,289.6144084705995,236.3112244787136,235.55076661474322,228.92563873952056
min,0.0,9.0,0.0,2.0
max,999.0,999.0,987.0,992.0
