stats,Open,High,Low,Close
count,18243.0,18243.0,18243.0,18243.0
mean,500.21948144493683,666.1902099435405,332.32099983555327,500.1489886531823
std,287.75740960771236,235.3989950591896,235.60619877792956,230.52386927590308
min,0.0,0.0,0.0,0.0
max,999.0,999.0,996.0,997.0
