stats,Open,High,Low,Close
count,14977.0,14977.0,14977.0,14977.0
mean,497.9369032516526,666.4232489817722,331.16845830273087,498.53027976230214
std,289.63683459077,234.85480091395468,235.70251082615906,229.86050682685683
min,0.0,5.0,0.0,2.0
max,999.0,999.0,992.0,994.0
