stats,Open,High,Low,Close
count,19890.0,19890.0,19890.0,19890.0
mean,501.73906485671154,668.0522373051781,335.062845651081,501.45525389643007
std,287.0104142966895,233.82003437109177,236.60092659078873,228.74939699278937
min,0.0,11.0,0.0,6.0
max,999.0,999.0,994.0,998.0
