stats,Open,High,Low,Close
count,10656.0,10656.0,10656.0,10656.0
mean,499.5032845345347,663.9881756756752,332.6696696696693,496.52721471471483
std,291.19103240304463,237.59964483502173,238.15903602800122,232.19021112941056
min,0.0,3.0,0.0,3.0
max,999.0,999.0,991.0,993.0
