stats,Open,High,Low,Close
count,18804.0,18804.0,18804.0,18804.0
mean,498.4346947457994,664.4866517762181,331.85753031269917,498.15996596468796
std,288.7970018557448,235.5640449562665,235.45378096786538,230.13762058140338
min,0.0,9.0,0.0,0.0
max,999.0,999.0,991.0,998.0
