stats,Open,High,Low,Close
count,18250.0,18250.0,18250.0,18250.0
mean,500.85802739726,668.6077260273972,335.03457534246576,501.5496438356163
std,288.82929968563764,234.90333660899154,236.22739364938664,230.10150091768259
min,0.0,7.0,0.0,1.0
max,999.0,999.0,994.0,997.0
