stats,Open,High,Low,Close
count,10194.0,10194.0,10194.0,10194.0
mean,498.94359427113966,668.2481852069843,333.80773003727677,502.5294290759272
std,287.98169991952886,232.14375472535025,236.33257447910324,228.47685028163298
min,0.0,3.0,0.0,0.0
max,999.0,999.0,993.0,993.0
