stats,Open,High,Low,Close
count,13937.0,13937.0,13937.0,13937.0
mean,500.06098873502185,666.0574011623734,333.7074693262537,499.08976106766136
std,287.2104807098624,234.65243034193176,235.50501595431433,227.92862699997232
min,0.0,0.0,0.0,0.0
max,999.0,999.0,993.0,993.0
