stats,Open,High,Low,Close
count,15269.0,15269.0,15269.0,15269.0
mean,500.7263082061695,664.957037134062,333.7113104983957,498.57561071451966
std,289.15020228943087,235.85821832112921,235.38152512345727,229.60441085309137
min,0.0,4.0,0.0,4.0
max,999.0,999.0,995.0,996.0
