stats,Open,High,Low,Close
count,10561.0,10561.0,10561.0,10561.0
mean,499.2336899914784,666.0566234258121,333.7552315121676,497.95218255846925
std,289.6149738414958,236.91733313637792,235.69593564362972,228.34272380025214
min,0.0,6.0,0.0,6.0
max,999.0,999.0,997.0,998.0
