stats,Open,High,Low,Close
count,13032.0,13032.0,13032.0,13032.0
mean,495.8965623081647,662.5490331491715,328.90906998158357,496.60151933701684
std,288.1510702003644,237.32315424042534,233.89291213701622,229.05549088089316
min,0.0,9.0,0.0,2.0
max,999.0,999.0,996.0,996.0
