stats,Open,High,Low,Close
count,15548.0,15548.0,15548.0,15548.0
mean,500.1764214046826,669.1512091587342,328.4723437098017,497.41535888860295
std,289.4068094382123,235.37290092466782,233.8578579469484,229.58531999152603
min,0.0,17.0,0.0,3.0
max,999.0,999.0,987.0,994.0
