stats,Open,High,Low,Close
count,12428.0,12428.0,12428.0,12428.0
mean,499.1417766334081,664.2720469906657,332.57145156099136,498.9979884132607
std,289.01362961509125,238.00771640315318,236.23539827537996,231.44861522827193
min,0.0,4.0,0.0,4.0
max,999.0,999.0,991.0,998.0
