stats,Open,High,Low,Close
count,19664.0,19664.0,19664.0,19664.0
mean,500.40464808787635,666.4733523189585,334.33579129373453,501.33218063466234
std,288.2945677242982,235.57004132413826,236.0075652547024,229.65621972927605
min,0.0,8.0,0.0,4.0
max,999.0,999.0,992.0,997.0
