stats,Open,High,Low,Close
count,19469.0,19469.0,19469.0,19469.0
mean,499.51903025322304,664.7857619805849,333.52221480302006,499.4300683137293
std,287.51837598604567,235.5122423662021,237.04453473257658,229.75586287509248
min,0.0,5.0,0.0,2.0
max,999.0,999.0,997.0,998.0
