stats,Open,High,Low,Close
count,13449.0,13449.0,13449.0,13449.0
mean,495.34701464792886,664.0673656033907,333.64577291991975,499.38441519815575
std,290.0352956893109,239.1163167814511,236.12128396711864,231.14679419150133
min,0.0,9.0,0.0,8.0
max,999.0,999.0,987.0,998.0
