stats,Open,High,Low,Close
count,17272.0,17272.0,17272.0,17272.0
mean,501.6963293191292,666.8506252894857,333.5100741083831,500.03884900416864
std,288.5419922359606,234.8186629029467,235.91478598333327,229.72153140055738
min,0.0,6.0,0.0,5.0
max,999.0,999.0,996.0,997.0
