stats,Open,High,Low,Close
count,16870.0,16870.0,16870.0,16870.0
mean,497.4148192056913,663.650148192057,334.5454653230586,497.5284528749261
std,289.79595225134693,236.76391517900817,237.74432264820663,231.30483121146477
min,0.0,11.0,0.0,1.0
max,999.0,999.0,992.0,995.0
