stats,Open,High,Low,Close
count,19686.0,19686.0,19686.0,19686.0
mean,500.0458193640149,664.0389109011478,331.40571980087344,496.3818957634868
std,289.91076032907245,237.2793239657069,235.59410044262705,230.18061873655458
min,0.0,2.0,0.0,0.0
max,999.0,999.0,995.0,997.0
