stats,Open,High,Low,Close
count,16737.0,16737.0,16737.0,16737.0
mean,501.29951604230143,670.2129413873457,335.2361235585829,503.32634283324415
std,289.6289443441261,234.47415296877867,237.7901258076677,228.20887441775074
min,0.0,10.0,0.0,4.0
max,999.0,999.0,996.0,998.0
