stats,Open,High,Low,Close
count,13977.0,13977.0,13977.0,13977.0
mean,502.27838591972494,667.6267439364668,334.9478428847389,502.4473062889032
std,289.02546415927264,236.42284485956122,234.56309221904112,228.03640528469654
min,0.0,10.0,0.0,2.0
max,999.0,999.0,996.0,997.0
