stats,Open,High,Low,Close
count,17589.0,17589.0,17589.0,17589.0
mean,500.69958496787734,667.1865370401958,332.33287850361023,502.16396611518553
std,289.33748330904183,235.8651749822054,236.58045788726625,230.84984111472838
min,0.0,7.0,0.0,4.0
max,999.0,999.0,998.0,998.0
