stats,Open,High,Low,Close
count,18980.0,18980.0,18980.0,18980.0
mean,497.2015279241304,666.1582191780818,332.19035827186485,500.1978925184401
std,288.9711554589313,234.41051529664358,236.2616230368909,229.57064375477464
min,0.0,7.0,0.0,2.0
max,999.0,999.0,996.0,996.0
