stats,Open,High,Low,Close
count,13635.0,13635.0,13635.0,13635.0
mean,502.08954895489535,669.525485881922,333.4627796112944,500.6009534286764
std,288.8886744934865,235.14655804877685,236.07563839936785,231.15989235383276
min,0.0,9.0,0.0,2.0
max,999.0,999.0,991.0,997.0
