stats,Open,High,Low,Close
count,18875.0,18875.0,18875.0,18875.0
mean,501.26553642384073,666.8743841059603,333.6730066225164,499.12895364238403
std,287.6267509852817,234.51541884624646,236.9702391341378,229.7653326590344
min,0.0,1.0,0.0,1.0
max,999.0,999.0,991.0,995.0
