stats,Open,High,Low,Close
count,13091.0,13091.0,13091.0,13091.0
mean,499.8995493086854,665.502024291498,334.1789779237643,499.77564739133754
std,288.3286445193562,235.60761243140382,235.77985576836605,228.936162598177
min,0.0,15.0,0.0,4.0
max,999.0,999.0,994.0,996.0
