stats,Open,High,Low,Close
count,16101.0,16101.0,16101.0,16101.0
mean,501.04204707782117,663.4624557480905,333.47860381342826,497.9178311906092
std,287.70680518100653,235.19161879193084,236.71440872247993,228.52974150200404
min,0.0,9.0,0.0,4.0
max,999.0,999.0,993.0,998.0
