stats,Open,High,Low,Close
count,10463.0,10463.0,10463.0,10463.0
mean,502.5339768708783,668.2843352766894,334.40007645990653,503.1544490107998
std,286.77339034636077,233.8991941510755,235.62268691852142,228.28457189793215
min,0.0,1.0,0.0,0.0
max,999.0,999.0,995.0,996.0
