stats,Open,High,Low,Close
count,12171.0,12171.0,12171.0,12171.0
mean,496.9814312710537,666.0817517048722,333.16802234820517,500.24122915126094
std,288.7302041652847,234.6931887019605,236.24604380253615,229.54891812765155
min,0.0,6.0,0.0,1.0
max,999.0,999.0,994.0,994.0
