stats,Open,High,Low,Close
count,10081.0,10081.0,10081.0,10081.0
mean,502.58605297093555,665.7024104751515,335.4889395893267,500.1376847534965
std,288.23402356622523,235.63448187974717,235.90316798288583,229.73214624257236
min,0.0,1.0,0.0,1.0
max,999.0,999.0,994.0,996.0
