stats,Open,High,Low,Close
count,15540.0,15540.0,15540.0,15540.0
mean,499.56106821106846,668.0258687258689,330.86280566280567,498.9245817245817
std,288.98992427678314,234.23959257608968,234.3375077529122,228.73610173109137
min,0.0,9.0,0.0,1.0
max,999.0,999.0,990.0,994.0
