stats,Open,High,Low,Close
count,19658.0,19658.0,19658.0,19658.0
mean,500.85649608302,666.5985858174788,334.7223013531384,501.1767219452646
std,290.02639460549307,235.2886272878069,237.1289204084728,229.14472852716997
min,0.0,8.0,0.0,3.0
max,999.0,999.0,990.0,996.0
