stats,Open,High,Low,Close
count,17576.0,17576.0,17576.0,17576.0
mean,502.5391442876651,667.5459148839325,335.7027765134274,501.10650887573945
std,287.8507621739749,235.160694665586,235.50701859350136,229.00216384342772
min,0.0,11.0,0.0,0.0
max,999.0,999.0,991.0,993.0
