stats,Open,High,Low,Close
count,10218.0,10218.0,10218.0,10218.0
mean,497.07917400665485,664.4939322763752,329.1460168330397,496.34664317870414
std,287.61874337972523,236.25486404173955,235.0321776105772,230.90057361078811
min,0.0,13.0,0.0,7.0
max,999.0,999.0,993.0,996.0
