stats,Open,High,Low,Close
count,19569.0,19569.0,19569.0,19569.0
mean,500.64694159129243,668.5386069804279,332.65225611937234,501.60922888241623
std,288.9861727835264,235.67988811699362,234.55483537845032,230.01323893308412
min,0.0,6.0,0.0,3.0
max,999.0,999.0,991.0,996.0
