stats,Open,High,Low,Close
count,18988.0,18988.0,18988.0,18988.0
mean,500.9060985885824,668.1540446597852,334.36786391405116,502.6928059827259
std,288.3717042739619,235.13212667957404,235.83945439059062,228.6449704730818
min,0.0,12.0,0.0,2.0
max,999.0,999.0,991.0,997.0
