stats,Open,High,Low,Close
count,12976.0,12976.0,12976.0,12976.0
mean,501.2900739827368,666.4650893958077,336.12299630086335,500.56411837237965
std,289.0387145514571,235.70868996882672,236.08441155530494,230.06729293763982
min,0.0,5.0,0.0,1.0
max,999.0,999.0,992.0,995.0
