stats,Open,High,Low,Close
count,10434.0,10434.0,10434.0,10434.0
mean,499.70366110791633,666.6354226566992,332.57964347326055,499.68880582710386
std,288.77268091062496,236.72360890521907,234.88841695384025,230.0779614727592
min,0.0,18.0,0.0,3.0
max,999.0,999.0,990.0,997.0
