stats,Open,High,Low,Close
count,16091.0,16091.0,16091.0,16091.0
mean,499.24249580510826,666.2799701696598,332.6106519172208,497.25523584612506
std,288.35101138438773,234.7286954248148,235.14582330633237,228.39707863292233
min,0.0,13.0,0.0,4.0
max,999.0,999.0,997.0,998.0
