stats,Open,High,Low,Close
count,18497.0,18497.0,18497.0,18497.0
mean,502.2420933124289,668.4350975833922,337.84251500243244,504.4356382116017
std,288.11077948173994,234.10253058816312,236.39923224760184,229.22063772356057
min,0.0,15.0,0.0,1.0
max,999.0,999.0,996.0,997.0
