stats,Open,High,Low,Close
count,18875.0,18875.0,18875.0,18875.0
mean,501.16105960264895,666.6193377483444,333.73001324503343,499.83782781456983
std,285.9145465359999,234.8099942224795,234.90747291244298,230.30177513224598
min,0.0,7.0,0.0,5.0
max,999.0,999.0,990.0,996.0
