stats,Open,High,Low,Close
count,16249.0,16249.0,16249.0,16249.0
mean,500.85420641270156,666.1201920118164,332.88110037540775,498.8921164379343
std,287.6390109432012,234.0364561201232,234.891818584812,228.25483874529866
min,0.0,6.0,0.0,2.0
max,999.0,999.0,998.0,999.0
