stats,Open,High,Low,Close
count,11738.0,11738.0,11738.0,11738.0
mean,500.1993525302436,663.9399386607599,330.0196796728572,498.1575225762481
std,290.1500681887852,238.09533450974362,237.370367478198,232.1709258733479
min,0.0,6.0,0.0,3.0
max,999.0,999.0,999.0,999.0
