stats,Open,High,Low,Close
count,13896.0,13896.0,13896.0,13896.0
mean,497.78216753022434,665.7600748416812,333.0519573978121,497.4969055843409
std,287.22703005693995,235.56565780186648,234.30553746272602,228.8769927017413
min,0.0,2.0,0.0,1.0
max,999.0,999.0,997.0,997.0
