stats,Open,High,Low,Close
count,16619.0,16619.0,16619.0,16619.0
mean,500.2651182381616,666.3508634695229,330.59871231722735,498.9843552560326
std,288.882223154694,235.866091078465,235.68060944800337,230.94852422303342
min,0.0,13.0,0.0,4.0
max,999.0,999.0,989.0,992.0
