stats,Open,High,Low,Close
count,12602.0,12602.0,12602.0,12602.0
mean,496.4715918108239,664.4338200285667,328.9006506903662,497.82637676559307
std,285.7764580573992,233.96157351155338,231.46716839502497,227.7714331013303
min,0.0,7.0,0.0,3.0
max,999.0,999.0,994.0,998.0
