stats,Open,High,Low,Close
count,18905.0,18905.0,18905.0,18905.0
mean,500.1329277968792,666.1994181433489,330.0482412060302,499.1594287225604
std,289.8602709394445,235.4437172229741,234.82186840607298,230.55523074646808
min,0.0,2.0,0.0,0.0
max,999.0,999.0,984.0,998.0
