stats,Open,High,Low,Close
count,14671.0,14671.0,14671.0,14671.0
mean,501.7497103128618,665.8665394315316,334.506713925431,500.8573376047985
std,288.14768459023776,233.913454518516,235.77196865991482,228.50805943070347
min,0.0,8.0,0.0,5.0
max,999.0,999.0,990.0,995.0
