stats,Open,High,Low,Close
count,13869.0,13869.0,13869.0,13869.0
mean,501.8362535150335,665.4376667387701,331.14658591102443,498.55187828971106
std,289.0239059733538,234.62563651666878,235.54365478730247,229.76991066960431
min,0.0,7.0,0.0,6.0
max,999.0,999.0,987.0,999.0
