stats,Open,High,Low,Close
count,17435.0,17435.0,17435.0,17435.0
mean,498.30725552050455,665.1103527387439,332.6423860051622,499.9803269285922
std,288.7040122909104,237.34564871160782,235.47171021021484,230.07185562398928
min,0.0,6.0,0.0,3.0
max,999.0,999.0,997.0,998.0
