stats,Open,High,Low,Close
count,19813.0,19813.0,19813.0,19813.0
mean,499.64169989400875,666.0278100237218,331.48831575228394,498.3030838338465
std,289.8502096345887,236.9863597553857,235.1383761813778,229.9646553945805
min,0.0,7.0,0.0,4.0
max,999.0,999.0,995.0,997.0
