stats,Open,High,Low,Close
count,11002.0,11002.0,11002.0,11002.0
mean,503.2409561897835,670.0338120341758,335.1898745682603,503.98491183421214
std,288.917890927422,233.7953489615783,237.0934052741092,229.01014662874377
min,0.0,12.0,0.0,5.0
max,999.0,999.0,981.0,997.0
