stats,Open,High,Low,Close
count,18351.0,18351.0,18351.0,18351.0
mean,499.0427769603831,667.6149528636045,331.70759086698246,500.14952863604145
std,288.69035686741154,236.77344616667338,235.67586604972647,230.9106556278324
min,0.0,2.0,0.0,2.0
max,999.0,999.0,997.0,997.0
