stats,Open,High,Low,Close
count,11689.0,11689.0,11689.0,11689.0
mean,501.84523911369666,671.1254170587731,336.04696723415185,503.5472666609633
std,290.8583339313374,234.6576314159448,238.29101049414956,229.6008041631064
min,0.0,2.0,0.0,1.0
max,999.0,999.0,990.0,998.0
