stats,Open,High,Low,Close
count,19974.0,19974.0,19974.0,19974.0
mean,496.3349854811256,664.9782216881948,331.22454190447553,497.383498548113
std,288.7596780808963,236.2027148482813,235.2309428023606,230.4688025376301
min,0.0,6.0,0.0,1.0
max,999.0,999.0,995.0,998.0
