stats,Open,High,Low,Close
count,15410.0,15410.0,15410.0,15410.0
mean,499.5040882543805,668.6970798183,331.9413367942891,500.25451005840415
std,288.7696649814319,235.37363048070162,235.93202516606172,230.50787811912002
min,0.0,0.0,0.0,0.0
max,999.0,999.0,989.0,999.0
