stats,Open,High,Low,Close
count,15920.0,15920.0,15920.0,15920.0
mean,498.14554020100576,665.5513190954771,331.47525125628147,498.5743718592963
std,288.38211865275247,235.54538362060464,234.26852666845937,230.5031654331135
min,0.0,5.0,0.0,1.0
max,999.0,999.0,998.0,998.0
