stats,Open,High,Low,Close
count,15812.0,15812.0,15812.0,15812.0
mean,496.2683405008852,662.2654945610931,331.8597900328866,496.69788768024307
std,287.9995814741855,235.32794674264488,233.7132064947236,229.0455006416959
min,0.0,6.0,0.0,0.0
max,999.0,999.0,993.0,993.0
