stats,Open,High,Low,Close
count,11624.0,11624.0,11624.0,11624.0
mean,498.72419132828617,666.1728320715763,330.4875258086714,498.5211631108054
std,291.5223609094372,235.8696076314465,236.23899724850543,230.6087214605119
min,0.0,8.0,0.0,5.0
max,999.0,999.0,998.0,998.0
