stats,Open,High,Low,Close
count,10294.0,10294.0,10294.0,10294.0
mean,498.15455605206915,670.2236254128618,333.0072857975519,499.63920730522614
std,289.8159721062269,235.5371542169992,237.16927495230405,231.9648474894391
min,0.0,7.0,0.0,2.0
max,999.0,999.0,994.0,998.0
