stats,Open,High,Low,Close
count,14427.0,14427.0,14427.0,14427.0
mean,496.86469813544034,667.5351077840158,330.40257849864867,498.08449435087
std,290.19437735023826,236.17980168147486,235.6055343655099,230.64713119107518
min,0.0,7.0,0.0,5.0
max,999.0,999.0,988.0,995.0
