stats,Open,High,Low,Close
count,18934.0,18934.0,18934.0,18934.0
mean,499.6129185592052,665.383595648041,332.6980564064641,499.7469103200592
std,288.79978406132307,235.76778730277638,236.2145763625055,230.61383338067623
min,0.0,4.0,0.0,2.0
max,999.0,999.0,992.0,998.0
