stats,Open,High,Low,Close
count,10634.0,10634.0,10634.0,10634.0
mean,498.500470189957,667.8991912732743,333.98504795937583,500.59732932104566
std,290.6922885631476,236.09196624861437,236.73293501078604,230.4894007216496
min,0.0,3.0,0.0,0.0
max,999.0,999.0,999.0,999.0
