stats,Open,High,Low,Close
count,16795.0,16795.0,16795.0,16795.0
mean,497.54992557308776,663.6797261089608,332.9456981244418,496.8048228639477
std,287.9208227894418,235.8357501036671,235.5535377031954,229.46790538721388
min,0.0,5.0,0.0,3.0
max,999.0,999.0,987.0,991.0
