stats,Open,High,Low,Close
count,13746.0,13746.0,13746.0,13746.0
mean,500.24327076967813,669.3789466026483,334.553470100393,501.10883166011917
std,287.96598139170857,235.52518948728664,235.00210895077421,230.08482077254334
min,0.0,5.0,0.0,1.0
max,999.0,999.0,993.0,993.0
