stats,Open,High,Low,Close
count,10871.0,10871.0,10871.0,10871.0
mean,497.11286910127905,664.8315702327288,331.12068806917455,496.30475577223774
std,287.842613342921,237.27106306790535,234.21879266778234,230.45905617396903
min,0.0,6.0,0.0,1.0
max,999.0,999.0,993.0,997.0
