stats,Open,High,Low,Close
count,12463.0,12463.0,12463.0,12463.0
mean,497.63660434887214,664.3280911498031,333.0716520901867,498.10174115381506
std,287.92401528835654,235.6346735115186,235.22504223717576,229.07398084686173
min,0.0,5.0,0.0,4.0
max,999.0,999.0,988.0,997.0
