stats,Open,High,Low,Close
count,13639.0,13639.0,13639.0,13639.0
mean,501.93716548134023,665.8238140626147,335.8983796466015,500.66962387271775
std,287.4848245643659,235.74748459739993,235.58680580090427,229.20826085889215
min,0.0,5.0,0.0,2.0
max,999.0,999.0,991.0,997.0
