stats,Open,High,Low,Close
count,10080.0,10080.0,10080.0,10080.0
mean,496.33898809523805,664.7842261904761,329.96567460317476,497.36884920634935
std,288.9997805703791,236.33464716821547,235.36445618905083,229.95115814951643
min,0.0,16.0,0.0,0.0
max,999.0,999.0,991.0,997.0
