stats,Open,High,Low,Close
count,12270.0,12270.0,12270.0,12270.0
mean,495.4463732681335,661.4901385493074,331.18883455582727,496.3153219233906
std,286.69832250801704,236.54586599627046,235.06865818798127,228.75742963268075
min,0.0,4.0,0.0,3.0
max,999.0,999.0,995.0,996.0
