stats,Open,High,Low,Close
count,10720.0,10720.0,10720.0,10720.0
mean,500.89682835820986,665.9250932835821,336.091697761194,499.624160447761
std,289.64588077970456,234.71268099651402,237.86696817360263,230.65417191820154
min,0.0,2.0,0.0,0.0
max,999.0,999.0,995.0,995.0
