stats,Open,High,Low,Close
count,15890.0,15890.0,15890.0,15890.0
mean,499.1302076777848,668.6191315292638,331.41548143486466,500.1272498426681
std,288.03580932407533,233.9416742824544,234.77840092020227,228.55526550529447
min,0.0,6.0,0.0,6.0
max,999.0,999.0,989.0,995.0
