stats,Open,High,Low,Close
count,15624.0,15624.0,15624.0,15624.0
mean,496.45526113671264,665.7415514592931,331.1330005120329,498.21050947260596
std,286.3324118268318,234.72574808754646,233.6649055311256,228.49928636836805
min,0.0,8.0,0.0,4.0
max,999.0,999.0,998.0,998.0
