stats,Open,High,Low,Close
count,15754.0,15754.0,15754.0,15754.0
mean,503.3220134568998,665.9749270026659,334.8182049003428,497.80462104862255
std,289.21311840344606,235.4805056994623,235.89562705438308,230.08126658920784
min,0.0,3.0,0.0,0.0
max,999.0,999.0,995.0,997.0
