stats,Open,High,Low,Close
count,18397.0,18397.0,18397.0,18397.0
mean,499.8653041256724,664.5949339566234,335.18035549274356,500.3351089851608
std,288.5220662718693,236.17668463891135,235.8095701622571,230.5517827752158
min,0.0,4.0,0.0,3.0
max,999.0,999.0,991.0,999.0
