stats,Open,High,Low,Close
count,19972.0,19972.0,19972.0,19972.0
mean,500.60529741638277,666.6254756659321,333.8432305227315,500.92834968956515
std,288.08005840747137,236.16211384708438,236.48939192880465,229.65712899651857
min,0.0,7.0,0.0,2.0
max,999.0,999.0,992.0,996.0
