stats,Open,High,Low,Close
count,19197.0,19197.0,19197.0,19197.0
mean,499.69500442777525,665.0749075376358,330.7325623795388,498.28217950721483
std,287.61287203783576,236.0882165264726,233.68151282481418,229.43552869407785
min,0.0,7.0,0.0,2.0
max,999.0,999.0,996.0,998.0
