stats,Open,High,Low,Close
count,13910.0,13910.0,13910.0,13910.0
mean,500.58468727534154,668.4156721782888,331.10230050323497,498.9176132278932
std,287.5777451469478,234.57690209888082,233.20939148443247,228.2761928997156
min,0.0,11.0,0.0,2.0
max,999.0,999.0,990.0,999.0
