stats,Open,High,Low,Close
count,11169.0,11169.0,11169.0,11169.0
mean,492.54722893723664,664.847524397887,329.4875996060524,497.5371116483126
std,287.6970218981973,234.40501122737822,234.5278155168871,229.13431181265406
min,0.0,12.0,0.0,4.0
max,999.0,999.0,993.0,998.0
