stats,Open,High,Low,Close
count,10647.0,10647.0,10647.0,10647.0
mean,497.6366112519957,663.6543627312858,331.02423217807797,496.9103033718417
std,288.8639373885039,237.27701201280496,235.7095594305039,228.77276202127769
min,0.0,9.0,0.0,1.0
max,999.0,999.0,992.0,996.0
