stats,Open,High,Low,Close
count,13181.0,13181.0,13181.0,13181.0
mean,499.23177300660046,665.9688187542675,331.03846445641443,500.299446172521
std,288.9598962116089,235.717325467137,233.43116038510092,229.12715474474678
min,0.0,4.0,0.0,1.0
max,999.0,999.0,990.0,995.0
