stats,Open,High,Low,Close
count,18708.0,18708.0,18708.0,18708.0
mean,502.10824246311756,666.938047893949,336.41474235621115,501.6155655334616
std,288.7714040813195,234.98548185450048,235.97199796795448,228.67232259113447
min,0.0,11.0,0.0,1.0
max,999.0,999.0,995.0,998.0
