stats,Open,High,Low,Close
count,12699.0,12699.0,12699.0,12699.0
mean,501.6954878336879,668.0085046066621,333.31514292464004,499.755728797543
std,291.3649842719756,237.5359291044006,236.96228229794022,233.18490427192378
min,0.0,5.0,0.0,3.0
max,999.0,999.0,997.0,997.0
