stats,Open,High,Low,Close
count,18458.0,18458.0,18458.0,18458.0
mean,499.2172499729107,664.2742442301447,335.50709719362845,498.5470256799213
std,289.052429268636,236.28443397007968,237.17954716602634,230.24162155327605
min,0.0,9.0,0.0,3.0
max,999.0,999.0,992.0,997.0
