stats,Open,High,Low,Close
count,12013.0,12013.0,12013.0,12013.0
mean,502.77824023974034,666.7855656372262,333.0599350703407,501.0763339715312
std,288.75629759931326,235.44272839992365,236.73238796944383,230.0958618587072
min,0.0,12.0,0.0,3.0
max,999.0,999.0,991.0,995.0
