stats,Open,High,Low,Close
count,11749.0,11749.0,11749.0,11749.0
mean,502.09311430760044,667.084773172185,332.3134734871051,500.53800323431784
std,287.85485955241245,234.1878710240783,234.3203601799341,228.09136609516793
min,0.0,19.0,0.0,4.0
max,999.0,999.0,986.0,995.0
