stats,Open,High,Low,Close
count,19221.0,19221.0,19221.0,19221.0
mean,502.5682846886217,667.7095884709438,335.30586337859677,501.81686696841984
std,288.32938186515094,234.98733166230713,235.49313556998342,229.39769090307112
min,0.0,3.0,0.0,1.0
max,999.0,999.0,993.0,997.0
