stats,Open,High,Low,Close
count,14540.0,14540.0,14540.0,14540.0
mean,496.27799174690506,664.9442916093532,330.37077028885847,497.0704951856945
std,289.36907614616223,236.0120501090975,235.00438393842362,229.98361092312925
min,0.0,3.0,0.0,3.0
max,999.0,999.0,992.0,994.0
