stats,Open,High,Low,Close
count,16242.0,16242.0,16242.0,16242.0
mean,502.527644378771,668.185260435907,335.165743135082,501.7968846201207
std,287.8569288423054,233.76922189903567,236.85455407681525,229.18303101067949
min,0.0,3.0,0.0,0.0
max,999.0,999.0,994.0,997.0
