stats,Open,High,Low,Close
count,10395.0,10395.0,10395.0,10395.0
mean,496.9020683020685,665.569696969697,330.18220298220285,498.39788359788366
std,288.5097171151768,235.89997494122457,237.23230458155288,230.82719008607367
min,0.0,8.0,0.0,2.0
max,999.0,999.0,991.0,995.0
