stats,Open,High,Low,Close
count,18738.0,18738.0,18738.0,18738.0
mean,498.23791226384895,663.5357562173126,331.01008645533136,497.80408794962113
std,287.96683578197116,237.6082128951146,234.1108368369915,229.7487244215264
min,0.0,7.0,0.0,1.0
max,999.0,999.0,995.0,998.0
