stats,Open,High,Low,Close
count,11725.0,11725.0,11725.0,11725.0
mean,501.62985074626863,668.407590618337,332.36955223880585,500.9790191897656
std,289.5001963042593,233.01809597956844,233.98924449917726,227.83168442455695
min,0.0,8.0,0.0,3.0
max,999.0,999.0,996.0,996.0
