stats,Open,High,Low,Close
count,19777.0,19777.0,19777.0,19777.0
mean,497.83116751782444,664.4981038580174,332.3570308944739,499.16665823936927
std,289.4756283782402,237.34985440669195,235.7355973223083,230.18970985467521
min,0.0,7.0,0.0,2.0
max,999.0,999.0,995.0,998.0
