stats,Open,High,Low,Close
count,12066.0,12066.0,12066.0,12066.0
mean,495.50323222277495,662.8259572352059,333.54997513674806,499.9232554284769
std,289.15111855874767,237.72347368041235,236.07663459736472,231.1636315001753
min,0.0,3.0,0.0,2.0
max,999.0,999.0,991.0,996.0
