stats,Open,High,Low,Close
count,15186.0,15186.0,15186.0,15186.0
mean,500.49203213486084,665.3340576847095,334.26267614908465,499.1606084551559
std,287.718865172388,235.72898587023943,234.0339968922029,227.90992208152252
min,0.0,4.0,0.0,3.0
max,999.0,999.0,993.0,994.0
