stats,Open,High,Low,Close
count,12998.0,12998.0,12998.0,12998.0
mean,498.68533620557025,664.3452838898289,334.4336821049386,498.88529004462265
std,288.0623005120735,235.8323748070815,234.94517102345674,229.38549700754268
min,0.0,1.0,0.0,0.0
max,999.0,999.0,988.0,990.0
