stats,Open,High,Low,Close
count,13960.0,13960.0,13960.0,13960.0
mean,502.11489971346737,668.7664040114612,332.51991404011426,501.2413323782232
std,290.1099746393792,234.46442273985042,235.5714834397566,230.49714784304982
min,0.0,3.0,0.0,1.0
max,999.0,999.0,994.0,996.0
