stats,Open,High,Low,Close
count,18235.0,18235.0,18235.0,18235.0
mean,503.3483411022761,665.4350973402795,335.2946531395666,499.54411845352377
std,288.9233505575226,236.3021289971168,236.62017903674624,231.46332560701396
min,0.0,7.0,0.0,4.0
max,999.0,999.0,997.0,999.0
