stats,Open,High,Low,Close
count,11017.0,11017.0,11017.0,11017.0
mean,497.50104384133607,662.2509757647271,333.49323772351846,498.6796768630297
std,285.27954767097015,236.1568162322274,234.6900139843245,230.156919446187
min,0.0,17.0,0.0,2.0
max,999.0,999.0,992.0,998.0
