stats,Open,High,Low,Close
count,15407.0,15407.0,15407.0,15407.0
mean,499.2572856493801,663.4952943467258,331.84189004997734,496.9828649315249
std,289.97943653896186,238.64011713231113,235.98816698741223,231.98127605836711
min,0.0,12.0,0.0,3.0
max,999.0,999.0,983.0,993.0
