stats,Open,High,Low,Close
count,15648.0,15648.0,15648.0,15648.0
mean,502.990222392638,669.0938139059305,336.2479550102247,502.7330649284253
std,288.69942311292226,235.65307844430274,236.83443693155016,229.38360723271623
min,0.0,8.0,0.0,2.0
max,999.0,999.0,995.0,997.0
