stats,Open,High,Low,Close
count,12564.0,12564.0,12564.0,12564.0
mean,498.7170487106019,663.1150907354344,333.79035339064006,497.5167144221587
std,291.01490594849713,238.71101254623503,238.4763629916166,231.97472247850246
min,0.0,8.0,0.0,4.0
max,999.0,999.0,995.0,995.0
