stats,Open,High,Low,Close
count,11308.0,11308.0,11308.0,11308.0
mean,496.94738238415266,661.9117438981255,333.2722851078882,497.46117792713153
std,285.7620078875051,236.71909987856236,234.2117947953829,227.89230875945276
min,0.0,4.0,0.0,3.0
max,999.0,999.0,995.0,997.0
