stats,Open,High,Low,Close
count,16537.0,16537.0,16537.0,16537.0
mean,501.61353328898804,665.3289593033801,336.85632218661203,500.58547499546455
std,289.1191304963544,235.3411756242543,236.56326288690036,230.54669643061078
min,0.0,2.0,0.0,1.0
max,999.0,999.0,990.0,997.0
