stats,Open,High,Low,Close
count,15325.0,15325.0,15325.0,15325.0
mean,500.4457422512233,666.9047308319736,331.9284828711257,499.6110277324639
std,289.44323823177643,235.72673564727123,237.172187264829,231.86268207067596
min,0.0,4.0,0.0,4.0
max,999.0,999.0,995.0,995.0
