stats,Open,High,Low,Close
count,16819.0,16819.0,16819.0,16819.0
mean,498.4318925025269,667.176645460491,333.12402639871544,500.8944051370473
std,288.0161112481347,233.03225349331544,236.20325535031571,228.21029143921803
min,0.0,2.0,0.0,1.0
max,999.0,999.0,985.0,992.0
