stats,Open,High,Low,Close
count,10606.0,10606.0,10606.0,10606.0
mean,496.7421270978691,663.6294550254574,333.718649820856,500.8104846313408
std,286.78049827887514,235.36878278419104,234.76198113017531,229.4927479569634
min,0.0,7.0,0.0,3.0
max,999.0,999.0,988.0,995.0
