stats,Open,High,Low,Close
count,18206.0,18206.0,18206.0,18206.0
mean,497.5121937822696,664.3264308469736,331.75854114028346,497.07590904097594
std,289.72233463930235,237.33588354086024,236.7984842420844,231.1133742682425
min,0.0,5.0,0.0,5.0
max,999.0,999.0,993.0,998.0
