stats,Open,High,Low,Close
count,11507.0,11507.0,11507.0,11507.0
mean,495.53045972017003,664.6126705483617,331.07934300860353,498.4185278526116
std,288.16017381027774,235.42620327905385,235.2862066515717,229.85495777539433
min,0.0,1.0,0.0,1.0
max,999.0,999.0,985.0,995.0
