stats,Open,High,Low,Close
count,18998.0,18998.0,18998.0,18998.0
mean,498.24702600273696,668.0122644488893,332.4118854616272,499.5057374460471
std,287.6725106351157,234.81728771852636,234.41899967888057,229.37180976194927
min,0.0,0.0,0.0,0.0
max,999.0,999.0,992.0,999.0
