stats,Open,High,Low,Close
count,16779.0,16779.0,16779.0,16779.0
mean,496.0626974193931,666.3920972644379,330.4406698849756,499.45169557184556
std,287.8932438421251,234.37522619906872,234.5159945078154,228.07071338496254
min,0.0,3.0,0.0,3.0
max,999.0,999.0,993.0,995.0
