stats,Open,High,Low,Close
count,14664.0,14664.0,14664.0,14664.0
mean,495.21794871794845,666.7069694489905,332.10754228041463,499.68671576650274
std,288.03483655491175,234.76573110117525,235.51000194880018,229.4743080962704
min,0.0,7.0,0.0,3.0
max,999.0,999.0,987.0,993.0
