stats,Open,High,Low,Close
count,19279.0,19279.0,19279.0,19279.0
mean,495.10285803205534,663.9514497639924,330.88324083199296,498.65693241350783
std,289.97049291919217,236.85720627277882,235.47888664894958,230.73396143207023
min,0.0,5.0,0.0,2.0
max,999.0,999.0,990.0,998.0
