stats,Open,High,Low,Close
count,10843.0,10843.0,10843.0,10843.0
mean,500.91257032186644,668.2159918841653,332.41335423775735,499.83316425343503
std,288.3431998118896,233.4509373984208,235.07875129162042,228.53792874071993
min,0.0,9.0,0.0,6.0
max,999.0,999.0,991.0,997.0
