stats,Open,High,Low,Close
count,10298.0,10298.0,10298.0,10298.0
mean,500.45921538162787,665.9402796659547,333.6551757622841,500.00436978054006
std,287.2967887494087,235.58574680464747,234.80477004492167,228.54959300211294
min,0.0,17.0,0.0,5.0
max,999.0,999.0,992.0,997.0
