stats,Open,High,Low,Close
count,15046.0,15046.0,15046.0,15046.0
mean,499.1983915990958,666.275355576233,335.38402233151686,501.22929682307597
std,287.143947258855,235.1707940476547,234.96321471906617,229.45588722566424
min,0.0,10.0,0.0,1.0
max,999.0,999.0,998.0,998.0
