stats,Open,High,Low,Close
count,19492.0,19492.0,19492.0,19492.0
mean,503.19053970859795,667.3454750666942,334.6401087625687,500.6230248306995
std,288.2295734678741,236.84391624745047,236.05918986483758,230.65482800881273
min,0.0,4.0,0.0,2.0
max,999.0,999.0,998.0,998.0
