stats,Open,High,Low,Close
count,14762.0,14762.0,14762.0,14762.0
mean,502.22578241430693,668.5736350088065,335.4782549790002,500.48936458474503
std,288.31003615996207,234.81018463284914,237.07797385660126,229.58271481292732
min,0.0,10.0,0.0,2.0
max,999.0,999.0,997.0,997.0
