stats,Open,High,Low,Close
count,11511.0,11511.0,11511.0,11511.0
mean,506.6935105551217,670.5412214403614,336.88254712883366,502.11858222569776
std,289.9409740560949,234.675716546502,238.6331292827703,228.33823569746357
min,0.0,1.0,0.0,1.0
max,999.0,999.0,995.0,999.0
