stats,Open,High,Low,Close
count,17728.0,17728.0,17728.0,17728.0
mean,495.74469765342934,667.867046480145,331.18614620938627,497.28316787003627
std,289.9519534374116,234.91334261207498,236.19997060477584,228.80443217729263
min,0.0,6.0,0.0,6.0
max,999.0,999.0,999.0,999.0
