stats,Open,High,Low,Close
count,18081.0,18081.0,18081.0,18081.0
mean,496.5036778939222,665.064321663625,330.33604336043385,498.1096178308719
std,289.0862025805169,236.30532154101178,235.00978211147583,230.41369042545787
min,0.0,6.0,0.0,1.0
max,999.0,999.0,997.0,997.0
