stats,Open,High,Low,Close
count,10850.0,10850.0,10850.0,10850.0
mean,499.32552995391706,669.0477419354842,333.68930875576024,501.7072811059902
std,288.05715945119107,235.36382374927777,236.82875368739235,230.52210081552127
min,0.0,2.0,0.0,1.0
max,999.0,999.0,992.0,999.0
