stats,Open,High,Low,Close
count,15943.0,15943.0,15943.0,15943.0
mean,498.8890422128839,662.3437245185974,332.924794580694,495.38468293294864
std,288.3464365382165,237.37925102843386,235.4448338353286,230.61105327713048
min,0.0,12.0,0.0,5.0
max,999.0,999.0,995.0,998.0
