stats,Open,High,Low,Close
count,11513.0,11513.0,11513.0,11513.0
mean,499.51350647094563,665.269695127247,332.58082167984054,501.06609919221773
std,287.98968813424375,236.37009369838168,235.1725674270753,229.9544563744585
min,0.0,9.0,0.0,2.0
max,999.0,999.0,991.0,997.0
