stats,Open,High,Low,Close
count,11218.0,11218.0,11218.0,11218.0
mean,500.5845961847032,664.2885541094669,334.83187733998915,500.2268675343196
std,289.4441926266446,237.39861918445894,237.55496071051894,230.82008051252816
min,0.0,6.0,0.0,4.0
max,999.0,999.0,993.0,994.0
