stats,Open,High,Low,Close
count,13844.0,13844.0,13844.0,13844.0
mean,500.0610372724646,664.2258017913904,331.25346720600965,496.4050852354814
std,288.7143383773638,236.7616292192383,233.59626871631764,229.51076654164842
min,0.0,2.0,0.0,1.0
max,999.0,999.0,993.0,995.0
