stats,Open,High,Low,Close
count,19279.0,19279.0,19279.0,19279.0
mean,495.22807199543513,660.9842834171895,328.9049743243939,494.9751024430727
std,288.71407410649175,237.99336024039022,233.21230064372781,228.90530046966762
min,0.0,3.0,0.0,3.0
max,999.0,999.0,984.0,998.0
