stats,Open,High,Low,Close
count,11241.0,11241.0,11241.0,11241.0
mean,497.75856240548023,667.9882572724845,335.4076149808737,502.27613201672443
std,289.41971651510653,235.6050559491167,235.7716694146921,229.72048791944619
min,0.0,7.0,0.0,4.0
max,999.0,999.0,997.0,997.0
