stats,Open,High,Low,Close
count,13193.0,13193.0,13193.0,13193.0
mean,499.2582430076554,667.8905480178886,334.2419464867729,501.55423330554044
std,289.75741657171386,235.25605960378877,237.90939176952986,230.36785376384765
min,0.0,0.0,0.0,0.0
max,999.0,999.0,989.0,997.0
