stats,Open,High,Low,Close
count,10152.0,10152.0,10152.0,10152.0
mean,500.99182427107974,666.3373719464146,335.04580378250597,500.5248226950356
std,288.7996402794428,237.32825032895914,237.8773741419748,232.71999817686805
min,0.0,8.0,0.0,2.0
max,999.0,999.0,996.0,996.0
