stats,Open,High,Low,Close
count,10219.0,10219.0,10219.0,10219.0
mean,506.0388492024659,667.281730110578,334.8730795576867,501.1773167628927
std,288.77533842604373,236.41856091743782,235.3711695012629,229.5359029434587
min,0.0,4.0,0.0,2.0
max,999.0,999.0,997.0,997.0
