stats,Open,High,Low,Close
count,14724.0,14724.0,14724.0,14724.0
mean,499.4386715566422,665.834759576202,333.99443086117896,500.3778864439012
std,286.12721584292626,233.07349198023857,235.05190877667147,230.23757039093803
min,0.0,10.0,0.0,2.0
max,999.0,999.0,994.0,996.0
