stats,Open,High,Low,Close
count,17814.0,17814.0,17814.0,17814.0
mean,500.99842820253747,667.796115414842,332.07763556753093,498.28724598630293
std,287.44775247974707,235.0561326075205,234.52186011196565,228.88899435670484
min,0.0,7.0,0.0,4.0
max,999.0,999.0,991.0,997.0
