stats,Open,High,Low,Close
count,14561.0,14561.0,14561.0,14561.0
mean,501.18061946294875,667.616578531694,334.51425039489044,501.21708673854863
std,287.9789769030122,234.8989413810689,235.20047698617063,229.55046531341597
min,0.0,3.0,0.0,3.0
max,999.0,999.0,988.0,995.0
