stats,Open,High,Low,Close
count,11955.0,11955.0,11955.0,11955.0
mean,499.8716018402346,666.8127979924716,335.19113341698034,503.50899205353403
std,287.86894155942025,234.98024490630664,235.89784809283225,228.88353894607917
min,0.0,12.0,0.0,6.0
max,999.0,999.0,995.0,998.0
