stats,Open,High,Low,Close
count,13316.0,13316.0,13316.0,13316.0
mean,495.3704565935717,664.2934064283569,329.1305947732051,496.5705166716733
std,288.72575107601125,234.7725551666728,234.2020794879429,229.34527569835694
min,0.0,8.0,0.0,2.0
max,999.0,999.0,994.0,999.0
