stats,Open,High,Low,Close
count,15837.0,15837.0,15837.0,15837.0
mean,499.1136578897518,667.3131906295384,332.3455199848456,499.7293679358461
std,288.5708519822795,235.87136750032,236.46662148963458,229.5648755434716
min,0.0,4.0,0.0,2.0
max,999.0,999.0,991.0,998.0
