stats,Open,High,Low,Close
count,15224.0,15224.0,15224.0,15224.0
mean,492.88839989490293,661.104111928534,328.7982133473464,496.73482658959506
std,289.33182513830945,237.08655996635216,235.869238036617,230.24663973310308
min,0.0,1.0,0.0,1.0
max,999.0,999.0,987.0,995.0
