stats,Open,High,Low,Close
count,16086.0,16086.0,16086.0,16086.0
mean,496.38623647892587,666.5367400223794,332.2752704214848,500.69060052219305
std,289.6528707503151,235.89228135849754,235.7680731982315,229.16269739792847
min,0.0,4.0,0.0,3.0
max,999.0,999.0,996.0,996.0
