stats,Open,High,Low,Close
count,13439.0,13439.0,13439.0,13439.0
mean,501.77699233573895,667.9961306644841,333.6621028350321,502.09487313044116
std,290.84651210503415,235.3645375380386,236.76728768939518,231.05694397397446
min,0.0,11.0,0.0,3.0
max,999.0,999.0,995.0,997.0
