stats,Open,High,Low,Close
count,15882.0,15882.0,15882.0,15882.0
mean,503.69399319984865,670.3836418587075,335.61056541997215,503.3598413298072
std,288.71579573181236,235.15138584104824,236.32742886320116,230.52629061233944
min,0.0,1.0,0.0,1.0
max,999.0,999.0,995.0,998.0
