stats,Open,High,Low,Close
count,10782.0,10782.0,10782.0,10782.0
mean,499.9970320905212,668.0043591170469,331.8730291226121,500.57113708031903
std,286.69511544887735,232.93408228315138,235.19458148143832,227.11847376613025
min,0.0,18.0,0.0,6.0
max,999.0,999.0,997.0,998.0
