stats,Open,High,Low,Close
count,10296.0,10296.0,10296.0,10296.0
mean,504.07400932400935,667.4740675990677,337.7558275058271,502.35839160839157
std,288.68833740549456,235.0710752108434,239.21679518712028,230.09472077369037
min,0.0,7.0,0.0,6.0
max,999.0,999.0,987.0,997.0
