stats,Open,High,Low,Close
count,11341.0,11341.0,11341.0,11341.0
mean,501.50877347676567,669.1545719072398,334.1043117890838,502.30861476060267
std,288.3751650813882,234.0370416489578,235.37616701765978,227.50858073403342
min,0.0,7.0,0.0,3.0
max,999.0,999.0,995.0,995.0
