stats,Open,High,Low,Close
count,13159.0,13159.0,13159.0,13159.0
mean,500.9396610684699,665.4837753628694,332.7309825974615,499.02994148491535
std,289.50255543098535,236.97383685323572,234.92001007208526,230.45301517379784
min,0.0,5.0,0.0,3.0
max,999.0,999.0,987.0,998.0
