stats,Open,High,Low,Close
count,19299.0,19299.0,19299.0,19299.0
mean,500.69635732421364,666.639152287683,333.7514378983369,499.2291310430593
std,287.7287772209391,235.53893798632933,234.6466410420708,228.9975406037709
min,0.0,3.0,0.0,2.0
max,999.0,999.0,997.0,997.0
