stats,Open,High,Low,Close
count,10464.0,10464.0,10464.0,10464.0
mean,500.0003822629971,667.882645259939,331.9345374617738,500.5872515290519
std,288.93232357040176,234.971167740121,234.47940554266495,230.9825557541755
min,0.0,14.0,0.0,5.0
max,999.0,999.0,989.0,995.0
