stats,Open,High,Low,Close
count,19891.0,19891.0,19891.0,19891.0
mean,497.95510532401545,666.8776833743905,332.3763511135686,499.7674827811575
std,287.7817135889142,233.77974742665444,233.3671241030858,228.1710552367598
min,0.0,7.0,0.0,3.0
max,999.0,999.0,988.0,996.0
