stats,Open,High,Low,Close
count,14858.0,14858.0,14858.0,14858.0
mean,499.2940503432493,668.9529546372323,334.453560371517,501.5895140664962
std,287.5789340087214,235.1955944154758,234.39581773383813,228.93621109200188
min,0.0,10.0,0.0,5.0
max,999.0,999.0,989.0,993.0
