stats,Open,High,Low,Close
count,13981.0,13981.0,13981.0,13981.0
mean,500.96931549960675,667.3257277734069,334.36900078678235,500.56076103283027
std,288.8542867725238,236.4827590426912,237.0528766588917,231.14538149045987
min,0.0,17.0,0.0,3.0
max,999.0,999.0,988.0,998.0
