stats,Open,High,Low,Close
count,11007.0,11007.0,11007.0,11007.0
mean,504.8608158444628,668.7648768965204,338.8713545925322,503.83674025620076
std,288.106285214391,236.07148628821128,236.65205810496397,231.23824645560538
min,0.0,8.0,0.0,7.0
max,999.0,999.0,995.0,997.0
