stats,Open,High,Low,Close
count,10564.0,10564.0,10564.0,10564.0
mean,495.7752745172287,661.9358197652407,327.54827716773985,496.07118515713796
std,289.23641559949334,238.1404120754541,233.39280433442042,230.48901302312416
min,0.0,5.0,0.0,2.0
max,999.0,999.0,985.0,998.0
