stats,Open,High,Low,Close
count,13043.0,13043.0,13043.0,13043.0
mean,499.6825883615731,663.8264969715553,332.36203327455354,497.6788315571568
std,289.32918914259346,236.7906242902673,235.11059342866002,230.73575131839962
min,0.0,3.0,0.0,3.0
max,999.0,999.0,993.0,993.0
