stats,Open,High,Low,Close
count,18612.0,18612.0,18612.0,18612.0
mean,500.05716741886994,666.9868901783794,332.40721040189135,499.10090264345627
std,289.1314726883698,237.24520442754473,234.7092113269147,231.09365966906614
min,0.0,6.0,0.0,3.0
max,999.0,999.0,995.0,997.0
