stats,Open,High,Low,Close
count,11414.0,11414.0,11414.0,11414.0
mean,497.79945680742946,662.9050289118628,332.8407219204483,496.4823024356058
std,287.87671412804804,237.99316578365196,235.52486718500077,232.06982401387276
min,0.0,16.0,0.0,6.0
max,999.0,999.0,989.0,999.0
