stats,Open,High,Low,Close
count,17752.0,17752.0,17752.0,17752.0
mean,499.9435556557011,665.7885308697611,332.9459215863004,499.5196034249662
std,288.9634311459123,236.3298239968376,235.56927239332921,229.70278896155986
min,0.0,8.0,0.0,2.0
max,999.0,999.0,993.0,999.0
