stats,Open,High,Low,Close
count,14183.0,14183.0,14183.0,14183.0
mean,496.9720792498059,666.0058520764298,330.8075865472751,499.31298032856205
std,288.0909143098192,236.32412335325148,234.9482967609544,230.53527164167537
min,0.0,6.0,0.0,6.0
max,999.0,999.0,992.0,992.0
