stats,Open,High,Low,Close
count,14013.0,14013.0,14013.0,14013.0
mean,501.26482551916064,662.1669877970459,331.9117961892527,498.3882109469778
std,289.8845678492897,237.86801486457753,237.29073972633057,231.07153213683216
min,0.0,6.0,0.0,5.0
max,999.0,999.0,996.0,998.0
