stats,Open,High,Low,Close
count,17897.0,17897.0,17897.0,17897.0
mean,501.74917583952606,665.010728054981,332.3688327652682,498.7017377214059
std,289.4309610923534,236.39938776900897,236.59341005542865,230.85950312969646
min,0.0,3.0,0.0,3.0
max,999.0,999.0,997.0,997.0
