stats,Open,High,Low,Close
count,10059.0,10059.0,10059.0,10059.0
mean,499.68475991649274,668.1068694701263,330.8032607615071,499.8423302515161
std,290.35266496292604,235.43625987354858,235.04243759367924,229.34897226133225
min,0.0,5.0,0.0,0.0
max,999.0,999.0,984.0,995.0
