stats,Open,High,Low,Close
count,11912.0,11912.0,11912.0,11912.0
mean,498.1011584956341,664.8751678979182,329.58512424445985,497.16554734721296
std,290.0319109508935,237.8873811841672,233.66532400856525,230.6723756826637
min,0.0,3.0,0.0,2.0
max,999.0,999.0,986.0,996.0
