stats,Open,High,Low,Close
count,19284.0,19284.0,19284.0,19284.0
mean,502.3879900435597,665.5354698195396,335.31466500726026,500.459603816636
std,287.59178112487837,234.43516554982753,236.08485363111393,229.77638913147968
min,0.0,4.0,0.0,2.0
max,999.0,999.0,998.0,998.0
