stats,Open,High,Low,Close
count,19701.0,19701.0,19701.0,19701.0
mean,500.40058880259795,665.1875031724286,332.6857519922844,498.57799096492613
std,289.3044693176486,236.07232021939973,235.31564992801702,230.10681975621407
min,0.0,0.0,0.0,0.0
max,999.0,999.0,996.0,997.0
