stats,Open,High,Low,Close
count,16196.0,16196.0,16196.0,16196.0
mean,498.2613608298347,664.8508891084223,329.48413188441606,499.56600395159285
std,290.0089614034814,235.38976511058,235.9895232291154,230.12013835398912
min,0.0,5.0,0.0,5.0
max,999.0,999.0,994.0,999.0
