stats,Open,High,Low,Close
count,14377.0,14377.0,14377.0,14377.0
mean,499.1558739653615,671.2165959518672,334.1953119565973,505.13347708144926
std,289.0120507457111,233.88292936135272,236.24312086630553,229.0918448489287
min,0.0,1.0,0.0,0.0
max,999.0,999.0,994.0,997.0
