stats,Open,High,Low,Close
count,17503.0,17503.0,17503.0,17503.0
mean,502.71279209278407,668.7523853053767,335.7261612295032,503.68519682340224
std,289.027901268118,234.23548374771696,236.18505695184007,230.44893255351667
min,0.0,2.0,0.0,1.0
max,999.0,999.0,996.0,998.0
