stats,Open,High,Low,Close
count,19974.0,19974.0,19974.0,19974.0
mean,500.4825272854706,666.3276759787718,332.85426053870015,500.76749774707133
std,288.685378838001,235.1814370529423,235.74149105734324,229.54925348097078
min,0.0,7.0,0.0,1.0
max,999.0,999.0,998.0,998.0
