stats,Open,High,Low,Close
count,12962.0,12962.0,12962.0,12962.0
mean,500.63215553155374,667.6221262150902,331.95764542508834,498.2500385742942
std,288.5819762003501,236.69797120242674,234.06196135865477,229.70739961845035
min,0.0,5.0,0.0,4.0
max,999.0,999.0,990.0,994.0
