stats,Open,High,Low,Close
count,17855.0,17855.0,17855.0,17855.0
mean,495.8730887706526,667.1535144217307,332.9180061607393,500.1894147297673
std,290.00670279788756,235.99121699449285,236.5651207252113,230.5103155334816
min,0.0,7.0,0.0,3.0
max,999.0,999.0,997.0,997.0
