stats,Open,High,Low,Close
count,10222.0,10222.0,10222.0,10222.0
mean,497.13823126589716,668.3899432596362,329.45509684993146,499.4837605165332
std,288.3560751427601,234.2323212613237,236.40819909657037,231.1734059244616
min,0.0,5.0,0.0,2.0
max,999.0,999.0,988.0,997.0
