stats,Open,High,Low,Close
count,17250.0,17250.0,17250.0,17250.0
mean,499.30075362318837,664.5719999999999,331.21924637681167,498.5006376811594
std,289.18718504674075,236.64123719080774,234.21571078250864,229.6287650342873
min,0.0,13.0,0.0,2.0
max,999.0,999.0,989.0,993.0
