stats,Open,High,Low,Close
count,11545.0,11545.0,11545.0,11545.0
mean,498.4934603724558,665.7042009527935,331.9242096145516,499.85690775227386
std,288.34741208326375,235.51031990162898,235.94124668807459,232.34277570062412
min,0.0,2.0,0.0,2.0
max,999.0,999.0,991.0,997.0
