stats,Open,High,Low,Close
count,12314.0,12314.0,12314.0,12314.0
mean,497.6542147149582,664.960126685074,331.13740458015246,498.4428292999838
std,288.72591598950316,236.02432975855785,234.25646503007206,230.50258336200267
min,0.0,6.0,0.0,1.0
max,999.0,999.0,995.0,999.0
