stats,Open,High,Low,Close
count,13439.0,13439.0,13439.0,13439.0
mean,500.27390430835607,666.6781754594838,334.77275094873175,500.1858769253664
std,287.5973146881824,234.257040130042,234.9738928383902,227.93008730109722
min,0.0,3.0,0.0,2.0
max,999.0,999.0,997.0,997.0
