stats,Open,High,Low,Close
count,15005.0,15005.0,15005.0,15005.0
mean,497.39060313228964,665.797334221926,331.5605464845048,499.2239920026657
std,289.2122082335016,236.96990410198586,235.86424859347449,230.1746479941642
min,0.0,2.0,0.0,2.0
max,999.0,999.0,986.0,997.0
