stats,Open,High,Low,Close
count,12180.0,12180.0,12180.0,12180.0
mean,499.04400656814437,669.3000000000005,334.3561576354681,503.38259441707675
std,290.0534192063705,234.31663595558265,237.57636254286382,229.80027868832124
min,0.0,13.0,0.0,0.0
max,999.0,999.0,987.0,996.0
