stats,Open,High,Low,Close
count,18050.0,18050.0,18050.0,18050.0
mean,501.7108033240998,667.9115789473682,333.3509695290861,500.8452077562328
std,289.90564838983084,237.01324017810506,236.15063960007603,231.31001583524338
min,0.0,5.0,0.0,1.0
max,999.0,999.0,998.0,998.0
