stats,Open,High,Low,Close
count,19751.0,19751.0,19751.0,19751.0
mean,502.6691813072755,666.9990886537394,333.66685231127565,500.9173206419928
std,289.4335634776574,236.03711765432598,236.35855661574587,231.09332302900398
min,0.0,6.0,0.0,1.0
max,999.0,999.0,995.0,996.0
