stats,Open,High,Low,Close
count,10367.0,10367.0,10367.0,10367.0
mean,500.13813060673215,664.1562650718628,336.6764734252916,501.2187711006074
std,288.6489830294126,236.11444910155458,237.2527007197803,229.23097445910437
min,0.0,6.0,0.0,4.0
max,999.0,999.0,992.0,993.0
