stats,Open,High,Low,Close
count,17865.0,17865.0,17865.0,17865.0
mean,499.37738595018214,665.9845507976489,333.24304506017313,499.7245452001122
std,287.20933940002527,235.46446983538806,235.8355448270958,230.66781801681208
min,0.0,10.0,0.0,2.0
max,999.0,999.0,995.0,997.0
