stats,Open,High,Low,Close
count,16512.0,16512.0,16512.0,16512.0
mean,501.0461482558145,666.1662427325583,332.54269622093034,496.4163032945736
std,287.4967638872751,235.62459744565786,234.36111083257464,229.08123582171842
min,0.0,5.0,0.0,1.0
max,999.0,999.0,995.0,997.0
