stats,Open,High,Low,Close
count,19507.0,19507.0,19507.0,19507.0
mean,498.46106525862547,667.582047470139,329.82847183062523,500.0526990311172
std,289.75867064354946,233.86968201839593,234.40279359156975,228.17252150656736
min,0.0,11.0,0.0,3.0
max,999.0,999.0,991.0,998.0
