stats,Open,High,Low,Close
count,16593.0,16593.0,16593.0,16593.0
mean,500.5457723136255,665.6115831977341,333.82143072379955,499.6239378050983
std,288.74944400063396,234.99441350046743,236.66362602646493,228.66333735912292
min,0.0,4.0,0.0,2.0
max,999.0,999.0,989.0,998.0
