stats,Open,High,Low,Close
count,10318.0,10318.0,10318.0,10318.0
mean,494.9343865090135,663.4413646055439,329.34221748400836,494.69616204690834
std,287.6298310387324,234.65352135104462,234.53894202698265,228.3642000351898
min,0.0,12.0,0.0,7.0
max,999.0,999.0,993.0,993.0
