stats,Open,High,Low,Close
count,16654.0,16654.0,16654.0,16654.0
mean,495.9461991113248,664.2487690644891,331.7668428005284,498.1472919418758
std,288.2018273157613,237.1476803581925,235.52316414937485,229.84618200184246
min,0.0,2.0,0.0,2.0
max,999.0,999.0,997.0,998.0
