stats,Open,High,Low,Close
count,15085.0,15085.0,15085.0,15085.0
mean,499.306794829301,667.1378853165402,334.2581372224063,502.65621478289717
std,289.36762636316814,236.2888402292308,235.97471857775957,229.61359299981586
min,0.0,3.0,0.0,3.0
max,999.0,999.0,994.0,998.0
