stats,Open,High,Low,Close
count,16626.0,16626.0,16626.0,16626.0
mean,499.90562973655744,667.1080837242868,334.81210152772763,499.4322747503911
std,288.8143610589127,235.04940997423492,237.11679213647682,230.87543107955943
min,0.0,7.0,0.0,4.0
max,999.0,999.0,992.0,996.0
