stats,Open,High,Low,Close
count,18018.0,18018.0,18018.0,18018.0
mean,497.5364635364632,668.2274947274941,331.09052059052016,500.95915195915177
std,287.97033788028864,232.50507785473226,234.74821252013086,228.56026186273306
min,0.0,5.0,0.0,4.0
max,999.0,999.0,997.0,997.0
