stats,Open,High,Low,Close
count,13894.0,13894.0,13894.0,13894.0
mean,501.81106952641426,668.1864833741181,333.5210162660142,499.4632935079889
std,288.1914992629506,234.62073482952616,237.02247213518413,230.1442727807812
min,0.0,5.0,0.0,5.0
max,999.0,999.0,992.0,999.0
