stats,Open,High,Low,Close
count,18354.0,18354.0,18354.0,18354.0
mean,502.47608150811857,667.2315026697177,334.24457883840046,499.4828920126398
std,289.8791449990445,236.0408406344157,236.69615605857135,230.10162295378052
min,0.0,6.0,0.0,2.0
max,999.0,999.0,998.0,998.0
