stats,Open,High,Low,Close
count,18417.0,18417.0,18417.0,18417.0
mean,497.0215018732688,666.0148775587775,332.0763425096381,498.61150024433886
std,290.15535319944445,237.16731304923434,237.0995410554911,231.42310710183142
min,0.0,7.0,0.0,2.0
max,999.0,999.0,995.0,998.0
