stats,Open,High,Low,Close
count,14609.0,14609.0,14609.0,14609.0
mean,503.32746936819814,667.6340611951541,337.8550208775411,503.26962831131516
std,289.0449471535226,235.0034355291668,236.81799335192943,230.1041916209075
min,0.0,6.0,0.0,2.0
max,999.0,999.0,994.0,996.0
