stats,Open,High,Low,Close
count,12172.0,12172.0,12172.0,12172.0
mean,499.08946763062784,665.8934439697667,334.4686986526453,499.64845547157415
std,290.4634186639288,235.00847863370518,237.34759278815585,230.9970780086949
min,0.0,8.0,0.0,1.0
max,999.0,999.0,994.0,996.0
