stats,Open,High,Low,Close
count,15168.0,15168.0,15168.0,15168.0
mean,498.9585970464134,665.9915611814345,333.39926160337546,498.73839662447267
std,288.85278276547047,234.82537724411216,235.70474842115595,230.4559986084986
min,0.0,5.0,0.0,2.0
max,999.0,999.0,996.0,996.0
