stats,Open,High,Low,Close
count,11555.0,11555.0,11555.0,11555.0
mean,495.26438771094763,663.8125486802248,331.07070532237174,498.8488100389443
std,288.6601579725232,236.66540063066347,235.75199002167946,230.8948316992983
min,0.0,7.0,0.0,1.0
max,999.0,999.0,997.0,997.0
