stats,Open,High,Low,Close
count,16697.0,16697.0,16697.0,16697.0
mean,501.02503443732417,665.1923099958076,335.0080253937831,498.712103970773
std,286.98482973380544,235.20695292171817,235.92280392812458,229.4437766402542
min,0.0,4.0,0.0,1.0
max,999.0,999.0,987.0,997.0
