stats,Open,High,Low,Close
count,14482.0,14482.0,14482.0,14482.0
mean,498.1844358514013,665.5446761497032,331.4751415550337,498.8090733324125
std,289.85640467999434,235.7426139721821,237.30351433108692,231.2008991073944
min,0.0,10.0,0.0,0.0
max,999.0,999.0,985.0,998.0
