stats,Open,High,Low,Close
count,16008.0,16008.0,16008.0,16008.0
mean,499.4133558220888,665.6857821089454,333.5233008495757,500.27554972513735
std,288.76321879361944,235.6472199334967,236.18001401415728,228.61367004174
min,0.0,10.0,0.0,2.0
max,999.0,999.0,992.0,998.0
