stats,Open,High,Low,Close
count,16585.0,16585.0,16585.0,16585.0
mean,499.8678323786555,669.1079288513716,333.3986132047031,499.4785046728971
std,287.53984416205486,233.74552973885648,235.23012202781285,228.87300501202463
min,0.0,2.0,0.0,2.0
max,999.0,999.0,996.0,996.0
