stats,Open,High,Low,Close
count,17547.0,17547.0,17547.0,17547.0
mean,504.1514218954805,670.0079785718355,334.9073915769078,503.04433806348635
std,289.4671051869226,235.8189180616206,237.81028223784537,231.04563674577457
min,0.0,9.0,0.0,5.0
max,999.0,999.0,994.0,997.0
