stats,Open,High,Low,Close
count,15519.0,15519.0,15519.0,15519.0
mean,496.5856691797151,666.4430053482832,331.0130163025967,497.88246665377943
std,288.20227819117514,234.57749067740158,235.2586968110406,229.56563174159083
min,0.0,4.0,0.0,1.0
max,999.0,999.0,993.0,999.0
