stats,Open,High,Low,Close
count,12615.0,12615.0,12615.0,12615.0
mean,499.1057471264368,667.6673801030518,334.31739992072926,498.5875544986133
std,289.18481169349343,235.2972283324338,237.40879786195947,231.48791286159886
min,0.0,4.0,0.0,2.0
max,999.0,999.0,992.0,998.0
