stats,Open,High,Low,Close
count,11031.0,11031.0,11031.0,11031.0
mean,500.2657963919868,664.1624512736831,335.11821231076027,498.8767110869364
std,288.72453040779214,236.6825993723064,234.85114358246116,230.72740198736767
min,0.0,6.0,0.0,0.0
max,999.0,999.0,995.0,998.0
