stats,Open,High,Low,Close
count,15432.0,15432.0,15432.0,15432.0
mean,498.5230041472265,665.3566614826334,332.3825816485227,498.75628564022816
std,290.07439082974827,238.30134576547434,235.45651298150113,230.69710739832178
min,0.0,12.0,0.0,6.0
max,999.0,999.0,987.0,997.0
