stats,Open,High,Low,Close
count,10350.0,10350.0,10350.0,10350.0
mean,502.50512077294593,666.180869565217,334.2439613526571,499.1168115942028
std,289.6995660286931,237.11671023995578,236.6239144636163,229.9140306116654
min,0.0,6.0,0.0,5.0
max,999.0,999.0,986.0,996.0
