stats,Open,High,Low,Close
count,13023.0,13023.0,13023.0,13023.0
mean,501.34224065115535,666.6570682638406,335.1828303770258,501.0691085003456
std,289.29629050136646,237.29429045946685,235.56136783380464,230.9406192859567
min,0.0,2.0,0.0,0.0
max,999.0,999.0,987.0,999.0
