stats,Open,High,Low,Close
count,17368.0,17368.0,17368.0,17368.0
mean,504.02786734223827,669.0598802395207,334.33930216490097,501.21182634730525
std,287.90769076410174,234.9096632274113,235.07868542152957,230.26226990882247
min,0.0,13.0,0.0,4.0
max,999.0,999.0,994.0,997.0
