stats,Open,High,Low,Close
count,19960.0,19960.0,19960.0,19960.0
mean,501.89248496994,665.881012024048,332.02149298597175,499.9940380761522
std,289.15315532684343,236.2338693419667,235.28976582178709,229.68895183365984
min,0.0,3.0,0.0,2.0
max,999.0,999.0,988.0,997.0
