stats,Open,High,Low,Close
count,19157.0,19157.0,19157.0,19157.0
mean,497.54622331262726,666.4342015973275,330.49042125593786,498.0537140470848
std,289.6972161539681,236.14384924354067,235.36506450199852,230.56636190029496
min,0.0,5.0,0.0,1.0
max,999.0,999.0,994.0,998.0
