stats,Open,High,Low,Close
count,10006.0,10006.0,10006.0,10006.0
mean,497.8805716570057,663.774235458725,332.91974815110933,498.16070357785344
std,290.27256733394546,236.98878972761932,237.81326514985642,232.09583305394403
min,0.0,12.0,0.0,3.0
max,999.0,999.0,995.0,996.0
