stats,Open,High,Low,Close
count,19259.0,19259.0,19259.0,19259.0
mean,499.7572563476812,665.1708292227008,331.63165273378615,498.9779323952438
std,290.4927383963952,236.7017563621827,236.64823759158412,231.52665829210636
min,0.0,7.0,0.0,2.0
max,999.0,999.0,992.0,995.0
