stats,Open,High,Low,Close
count,16719.0,16719.0,16719.0,16719.0
mean,497.612117949638,665.9708714636042,330.0921705843653,497.5807165500329
std,288.20402635599396,236.07840681696266,235.85374377667125,231.000014866291
min,0.0,10.0,0.0,2.0
max,999.0,999.0,997.0,997.0
