stats,Open,High,Low,Close
count,18032.0,18032.0,18032.0,18032.0
mean,504.1753549245788,668.8253105590062,335.0016637089623,503.710126441881
std,286.94870517087503,234.32450511389135,235.12063297103236,230.25137293522613
min,0.0,7.0,0.0,4.0
max,999.0,999.0,986.0,996.0
