stats,Open,High,Low,Close
count,19468.0,19468.0,19468.0,19468.0
mean,502.17623792890896,666.3790322580646,332.9457571399221,500.52850832134726
std,289.44344650358715,236.73757781134358,236.0842232171042,231.19734273941452
min,0.0,4.0,0.0,4.0
max,999.0,999.0,993.0,996.0
