stats,Open,High,Low,Close
count,17044.0,17044.0,17044.0,17044.0
mean,498.32580380192445,663.0156066651022,331.742666040836,497.03367754048384
std,287.6773134683316,237.54389297210426,237.22616664584137,231.68126225434855
min,0.0,6.0,0.0,0.0
max,999.0,999.0,990.0,994.0
