stats,Open,High,Low,Close
count,16800.0,16800.0,16800.0,16800.0
mean,499.5908928571428,664.8398214285713,331.6210119047618,499.7516071428572
std,288.9776500346925,235.92358073358247,236.81231593713736,230.6069672302113
min,0.0,2.0,0.0,1.0
max,999.0,999.0,994.0,995.0
