stats,Open,High,Low,Close
count,11819.0,11819.0,11819.0,11819.0
mean,499.2440138759622,667.5013960571962,334.4964040951011,501.36847449022764
std,289.4882781980619,236.68827861977596,236.35200080690376,230.1132261003968
min,0.0,3.0,0.0,3.0
max,999.0,999.0,990.0,998.0
