stats,Open,High,Low,Close
count,10080.0,10080.0,10080.0,10080.0
mean,503.40009920634947,666.8864087301585,334.84494047619046,502.4721230158727
std,290.3251020621185,235.87163040132017,236.50675769910188,229.35045785816723
min,0.0,4.0,0.0,1.0
max,999.0,999.0,996.0,998.0
