stats,Open,High,Low,Close
count,11002.0,11002.0,11002.0,11002.0
mean,498.70796218869316,665.6287038720233,332.6409743682968,499.1530630794399
std,290.17781061723616,236.82815416950965,235.94921252789334,230.72575099013943
min,0.0,4.0,0.0,0.0
max,999.0,999.0,988.0,995.0
