stats,Open,High,Low,Close
count,10720.0,10720.0,10720.0,10720.0
mean,502.2182835820896,668.0484141791042,330.71427238805927,499.2694962686569
std,290.39070663165717,237.72555222780937,233.81879126703598,229.39826420085933
min,0.0,7.0,0.0,6.0
max,999.0,999.0,992.0,997.0
