stats,Open,High,Low,Close
count,16238.0,16238.0,16238.0,16238.0
mean,500.86931888163673,666.5875107771898,334.57802685059676,501.16732356201396
std,288.8246263031795,235.20034363771364,234.94607095394625,229.5050446549518
min,0.0,3.0,0.0,2.0
max,999.0,999.0,996.0,996.0
