stats,Open,High,Low,Close
count,16148.0,16148.0,16148.0,16148.0
mean,499.4246965568492,666.6000123854346,331.45807530344325,498.8167574931886
std,287.84120440626253,235.46630669094122,234.77671876551858,229.94403270597513
min,0.0,3.0,0.0,3.0
max,999.0,999.0,989.0,994.0
