stats,Open,High,Low,Close
count,18278.0,18278.0,18278.0,18278.0
mean,501.5951964109863,670.0916949338,333.26895721632513,502.2597111281317
std,289.5294558182501,235.35642557661546,235.0880247339878,230.17597196087596
min,0.0,7.0,0.0,4.0
max,999.0,999.0,997.0,998.0
