stats,Open,High,Low,Close
count,13824.0,13824.0,13824.0,13824.0
mean,501.3737702546291,666.3506221064813,333.55447048611154,502.19755497685185
std,288.1716172280755,236.1777868706442,235.58267717538567,230.36142280635102
min,0.0,6.0,0.0,0.0
max,999.0,999.0,992.0,996.0
