stats,Open,High,Low,Close
count,14448.0,14448.0,14448.0,14448.0
mean,498.1904761904757,669.6300526024363,330.3296650055367,499.3527131782947
std,287.7175340043403,233.37669887244803,234.74332121952332,228.83870871132896
min,0.0,12.0,0.0,0.0
max,999.0,999.0,996.0,996.0
