stats,Open,High,Low,Close
count,19451.0,19451.0,19451.0,19451.0
mean,498.9102873888234,664.0870392267748,330.53395712302705,498.55801758264363
std,289.50624471702406,238.31983344875678,233.94862797344888,230.0233734940455
min,0.0,3.0,0.0,1.0
max,999.0,999.0,989.0,996.0
