stats,Open,High,Low,Close
count,13372.0,13372.0,13372.0,13372.0
mean,495.7591235417295,664.7164971582413,330.3933592581516,497.05047861202485
std,289.6500379804074,236.12535004086678,236.51526940032744,231.18628153751183
min,0.0,9.0,0.0,2.0
max,999.0,999.0,994.0,998.0
