stats,Open,High,Low,Close
count,17676.0,17676.0,17676.0,17676.0
mean,496.6787169042771,664.6055668703323,332.806969902693,497.2098891151846
std,288.6615063667046,235.572486946303,236.10907715666985,230.57956562867724
min,0.0,2.0,0.0,2.0
max,999.0,999.0,995.0,999.0
