stats,Open,High,Low,Close
count,13626.0,13626.0,13626.0,13626.0
mean,498.4567004256568,667.8427271392919,333.4378394246293,498.60303830911477
std,287.1923797196677,233.30300272380862,236.46612246061588,228.88211682146868
min,0.0,5.0,0.0,2.0
max,999.0,999.0,985.0,999.0
