stats,Open,High,Low,Close
count,13030.0,13030.0,13030.0,13030.0
mean,497.57766692248623,667.304834996163,332.7978511128165,498.6630084420564
std,287.5607033327772,234.81041766306592,235.23689924701893,229.9515580120392
min,0.0,3.0,0.0,3.0
max,999.0,999.0,992.0,994.0
