stats,Open,High,Low,Close
count,16466.0,16466.0,16466.0,16466.0
mean,499.15292117089723,664.3080893963318,332.89554232964895,499.13889226284454
std,289.53043263336195,237.58218397615227,234.80950796516274,229.79736586048233
min,0.0,4.0,0.0,1.0
max,999.0,999.0,995.0,996.0
