stats,Open,High,Low,Close
count,14823.0,14823.0,14823.0,14823.0
mean,500.08041557039746,666.65013829859,329.8081360048573,499.38905754570635
std,287.54767988228195,235.7861441282492,234.27311514558411,230.1271971596651
min,0.0,5.0,0.0,3.0
max,999.0,999.0,995.0,997.0
