stats,Open,High,Low,Close
count,18619.0,18619.0,18619.0,18619.0
mean,498.11837370428015,663.6349965089423,329.7299532735377,496.71706321499636
std,288.61645762947313,236.7654496587831,234.0944004528941,229.3030559661189
min,0.0,9.0,0.0,3.0
max,999.0,999.0,995.0,998.0
