stats,Open,High,Low,Close
count,17866.0,17866.0,17866.0,17866.0
mean,497.82962050822755,663.023620284339,331.6370760102991,497.4526474868462
std,289.2912198323457,236.68577045119156,234.0360308687539,228.8369787795888
min,0.0,6.0,0.0,4.0
max,999.0,999.0,994.0,996.0
