stats,Open,High,Low,Close
count,15284.0,15284.0,15284.0,15284.0
mean,498.26092645904185,666.1963491232657,334.2304370583616,499.8188955770738
std,290.76378417293455,236.83522545705168,237.22345534991376,231.1151820140504
min,0.0,3.0,0.0,1.0
max,999.0,999.0,991.0,997.0
