stats,Open,High,Low,Close
count,14596.0,14596.0,14596.0,14596.0
mean,500.6071526445606,669.9210742669227,334.45190463140597,503.00575500137046
std,289.582683210572,234.5390518512254,237.20109395782467,229.54965898804247
min,0.0,0.0,0.0,0.0
max,999.0,999.0,992.0,996.0
