stats,Open,High,Low,Close
count,12619.0,12619.0,12619.0,12619.0
mean,497.0243283936918,666.0469926301608,328.1802044536018,498.5578888976939
std,288.9090231254492,236.55124855918632,234.64988271972254,229.37270864763718
min,0.0,9.0,0.0,2.0
max,999.0,999.0,986.0,996.0
