stats,Open,High,Low,Close
count,19809.0,19809.0,19809.0,19809.0
mean,493.67242162653315,666.3299005502543,329.16588419405355,498.8921197435509
std,288.6729160675065,236.67428790028075,234.74718304749632,229.41642668428943
min,0.0,3.0,0.0,1.0
max,999.0,999.0,994.0,998.0
