stats,Open,High,Low,Close
count,15405.0,15405.0,15405.0,15405.0
mean,496.87971437844936,663.1831872768577,332.6148653034731,496.2600454397925
std,289.17926982768836,238.34006768323752,235.8605687006985,230.87103676704314
min,0.0,16.0,0.0,1.0
max,999.0,999.0,995.0,996.0
