stats,Open,High,Low,Close
count,19486.0,19486.0,19486.0,19486.0
mean,499.67458688288986,666.1102329877864,332.15380273016547,499.5973519449861
std,289.3245229441771,235.83632272668774,235.5019422343727,230.01341737965117
min,0.0,4.0,0.0,4.0
max,999.0,999.0,996.0,999.0
