stats,Open,High,Low,Close
count,17347.0,17347.0,17347.0,17347.0
mean,502.1966910705024,666.8856286389579,332.2087969101286,501.13028189312286
std,288.9554861345592,235.71074288520825,235.94309482376946,229.40663181118137
min,0.0,7.0,0.0,1.0
max,999.0,999.0,992.0,996.0
