stats,Open,High,Low,Close
count,12855.0,12855.0,12855.0,12855.0
mean,502.78716452742157,668.114430182808,334.9765071956436,502.17386231038535
std,288.8382154059017,236.34741168435906,236.6102568321599,230.33023937492462
min,0.0,3.0,0.0,3.0
max,999.0,999.0,995.0,995.0
