stats,Open,High,Low,Close
count,13658.0,13658.0,13658.0,13658.0
mean,500.2813735539611,666.6813589105286,331.9524820617953,501.8377507687803
std,287.59608263979686,235.90964492314822,233.34388849523907,229.3268733786045
min,0.0,6.0,0.0,1.0
max,999.0,999.0,990.0,996.0
