stats,Open,High,Low,Close
count,12930.0,12930.0,12930.0,12930.0
mean,494.2102861562257,665.4598607888631,328.5848414539828,496.118561484919
std,287.69027489848963,236.3412971315274,232.32994090487776,228.81575412209037
min,0.0,9.0,0.0,3.0
max,999.0,999.0,991.0,996.0
