stats,Open,High,Low,Close
count,16666.0,16666.0,16666.0,16666.0
mean,498.02316092643673,667.5364214568583,331.68894755790285,499.53828153126085
std,289.5289940704278,235.7072177358594,237.22400977415842,231.68259893062233
min,0.0,2.0,0.0,1.0
max,999.0,999.0,993.0,996.0
