stats,Open,High,Low,Close
count,12720.0,12720.0,12720.0,12720.0
mean,497.6290880503143,667.7941037735849,331.63977987421345,501.6552672955976
std,288.13669160585084,234.67888972917433,236.04401443177287,230.0609724688502
min,0.0,9.0,0.0,0.0
max,999.0,999.0,993.0,994.0
