stats,Open,High,Low,Close
count,10197.0,10197.0,10197.0,10197.0
mean,503.35186819652813,670.525056389134,334.15945866431315,504.11218985976245
std,287.92624457032156,235.11587062856708,238.06253788019342,231.89295938234562
min,0.0,9.0,0.0,3.0
max,999.0,999.0,995.0,995.0
