stats,Open,High,Low,Close
count,15435.0,15435.0,15435.0,15435.0
mean,496.2008422416586,665.4722384191771,329.5095562034341,496.7374797538058
std,289.5346018927836,235.5157826352552,236.1002330152056,229.6193892124341
min,0.0,11.0,0.0,9.0
max,999.0,999.0,993.0,995.0
