stats,Open,High,Low,Close
count,12407.0,12407.0,12407.0,12407.0
mean,497.02853228016426,665.2027081486253,334.0325622632387,500.49367292657354
std,287.29609818647924,235.1631929631024,235.83595331521408,228.79990780551208
min,0.0,4.0,0.0,3.0
max,999.0,999.0,992.0,995.0
