stats,Open,High,Low,Close
count,19290.0,19290.0,19290.0,19290.0
mean,499.75821669258715,666.3357698289276,332.549196474857,498.2425090720588
std,287.96967278610384,234.327953802062,234.87596944556705,229.25833142096457
min,0.0,4.0,0.0,1.0
max,999.0,999.0,995.0,998.0
