stats,Open,High,Low,Close
count,14310.0,14310.0,14310.0,14310.0
mean,498.0202655485675,665.7696016771492,332.5910552061497,499.924248777079
std,288.8883240504196,235.2870503083852,237.0537923006732,230.59213156618875
min,0.0,5.0,0.0,5.0
max,999.0,999.0,997.0,999.0
