stats,Open,High,Low,Close
count,15242.0,15242.0,15242.0,15242.0
mean,494.14000787298295,662.9195643616321,329.36130429077565,495.6763548090801
std,289.78115012493777,236.7861732522456,234.56966075382192,229.2642632107263
min,0.0,5.0,0.0,5.0
max,999.0,999.0,985.0,997.0
