stats,Open,High,Low,Close
count,19158.0,19158.0,19158.0,19158.0
mean,497.4045307443368,664.4404948324458,333.94514041131623,499.16290844555795
std,288.66393524283177,236.58374530441094,234.34268272073228,229.7290626316337
min,0.0,3.0,0.0,0.0
max,999.0,999.0,994.0,997.0
