stats,Open,High,Low,Close
count,16612.0,16612.0,16612.0,16612.0
mean,495.4168673248255,662.2199012761857,330.0947507825669,499.1823380688661
std,286.89319487784826,234.93862284597756,234.4673584929889,228.7838731298559
min,0.0,5.0,0.0,4.0
max,999.0,999.0,993.0,997.0
