stats,Open,High,Low,Close
count,18662.0,18662.0,18662.0,18662.0
mean,498.4408959382701,664.7188404243919,332.06440895938255,498.25383131497216
std,287.13887143431174,236.12981906228796,235.20457805126856,229.29198959917855
min,0.0,6.0,0.0,1.0
max,999.0,999.0,988.0,995.0
