stats,Open,High,Low,Close
count,14534.0,14534.0,14534.0,14534.0
mean,503.2558139534882,667.5996284574101,336.59639466079545,501.5469932571896
std,289.29015201256004,235.12462971333332,237.6285030753334,230.96824092311408
min,0.0,11.0,0.0,4.0
max,999.0,999.0,993.0,999.0
