stats,Open,High,Low,Close
count,10854.0,10854.0,10854.0,10854.0
mean,504.3017320803393,666.4627786990974,335.18389533812416,502.8808734107241
std,289.78409384816155,235.80980144715264,237.65202100372787,228.7634962416197
min,0.0,1.0,0.0,1.0
max,999.0,999.0,998.0,998.0
