stats,Open,High,Low,Close
count,18779.0,18779.0,18779.0,18779.0
mean,498.65301666755414,667.1472921880824,334.30635284093916,499.9209223068322
std,288.1971649263463,235.63655790413318,235.76841515077643,230.67192870524795
min,0.0,2.0,0.0,2.0
max,999.0,999.0,990.0,998.0
