stats,Open,High,Low,Close
count,13624.0,13624.0,13624.0,13624.0
mean,501.17814151497316,667.6169260129183,335.1726365237816,500.8556224310039
std,288.0587815106723,235.11355125069187,237.98053477238557,230.87499163807036
min,0.0,1.0,0.0,1.0
max,999.0,999.0,996.0,996.0
