stats,Open,High,Low,Close
count,17732.0,17732.0,17732.0,17732.0
mean,500.07376494473255,666.2475186104222,331.7381570042865,500.2747011053457
std,288.2253890291844,234.3450167199539,234.6915342570531,229.42044089907202
min,0.0,12.0,0.0,1.0
max,999.0,999.0,986.0,993.0
