stats,Open,High,Low,Close
count,12065.0,12065.0,12065.0,12065.0
mean,497.3157065893083,665.491089929548,332.532615002072,499.77894736842137
std,289.7875703245204,236.5873213376391,235.94527303600887,230.43158415139607
min,0.0,6.0,0.0,2.0
max,999.0,999.0,994.0,998.0
