stats,Open,High,Low,Close
count,18186.0,18186.0,18186.0,18186.0
mean,501.98333883206817,666.3447157153852,333.5712636093698,500.1284504563949
std,287.7302965638442,236.21234557302392,235.65397804469694,230.651754938209
min,0.0,0.0,0.0,0.0
max,999.0,999.0,991.0,996.0
