stats,Open,High,Low,Close
count,18178.0,18178.0,18178.0,18178.0
mean,501.26801628341815,667.3267686214111,334.92325888436545,503.1161843987238
std,289.08178513382387,233.51897640119398,237.81602694024937,229.21625792826813
min,0.0,2.0,0.0,1.0
max,999.0,999.0,995.0,999.0
