stats,Open,High,Low,Close
count,14895.0,14895.0,14895.0,14895.0
mean,496.75414568647193,665.1893252769385,331.96408190668,498.3232628398789
std,288.47348399045353,236.44639750343742,236.3408344924727,230.2146292330696
min,0.0,7.0,0.0,4.0
max,999.0,999.0,990.0,996.0
