stats,Open,High,Low,Close
count,10747.0,10747.0,10747.0,10747.0
mean,500.35796036103125,665.793151577184,332.62259235135366,497.3275332650975
std,288.4708147053465,238.16647573368869,235.3479142149911,230.89800882335024
min,0.0,5.0,0.0,4.0
max,999.0,999.0,997.0,997.0
