stats,Open,High,Low,Close
count,16859.0,16859.0,16859.0,16859.0
mean,497.5662257547897,665.3337089981611,330.67050240227775,497.3857880064061
std,288.61567462773036,236.2996516333321,234.6312594140539,230.6647306971543
min,0.0,6.0,0.0,5.0
max,999.0,999.0,992.0,996.0
