stats,Open,High,Low,Close
count,12141.0,12141.0,12141.0,12141.0
mean,498.4372786426159,666.0622683469242,332.54698953957677,499.2132443785519
std,287.96009005912697,235.6034613821481,233.9448234773198,228.395802815744
min,0.0,9.0,0.0,2.0
max,999.0,999.0,995.0,999.0
