stats,Open,High,Low,Close
count,13284.0,13284.0,13284.0,13284.0
mean,501.4074826859377,666.5355314664256,333.4610057211682,499.65642878650993
std,288.7314029148058,234.7500762529623,234.67584804389378,229.60968749818076
min,0.0,7.0,0.0,6.0
max,999.0,999.0,990.0,994.0
