stats,Open,High,Low,Close
count,10367.0,10367.0,10367.0,10367.0
mean,498.99508054403367,665.8688145075721,334.30568148934145,501.8343783158099
std,289.7737876978615,238.22177499826427,236.01768310635688,232.39575981246335
min,0.0,3.0,0.0,2.0
max,999.0,999.0,992.0,997.0
