stats,Open,High,Low,Close
count,16701.0,16701.0,16701.0,16701.0
mean,500.9968864139871,669.660978384528,332.94269804203407,500.9483863241716
std,288.11324244009876,234.55942756039877,235.15713540748757,229.88492194110717
min,0.0,5.0,0.0,2.0
max,999.0,999.0,993.0,998.0
