stats,Open,High,Low,Close
count,19039.0,19039.0,19039.0,19039.0
mean,497.164609485792,666.414675140501,329.83785913125666,498.5654708755715
std,288.88865667803077,234.20866905106269,233.01038744928837,227.13584710997387
min,0.0,3.0,0.0,3.0
max,999.0,999.0,995.0,997.0
