stats,Open,High,Low,Close
count,16804.0,16804.0,16804.0,16804.0
mean,500.6703761009286,668.5572482742202,333.7367888597955,499.5991430611761
std,288.69617090257003,234.28497802259255,236.35316220361392,230.05647622880588
min,0.0,2.0,0.0,1.0
max,999.0,999.0,986.0,999.0
