stats,Open,High,Low,Close
count,19132.0,19132.0,19132.0,19132.0
mean,499.23102655237267,665.7850721304623,333.3128266778174,499.4078507213042
std,289.8663883076948,236.6757898975568,236.41668671781383,230.91009932673717
min,0.0,2.0,0.0,2.0
max,999.0,999.0,993.0,997.0
