stats,Open,High,Low,Close
count,18525.0,18525.0,18525.0,18525.0
mean,503.2498245614032,668.4689338731446,337.07309041835316,502.1101754385966
std,288.12867720168816,234.62737556489407,236.14933489096154,228.1705304832192
min,0.0,11.0,0.0,2.0
max,999.0,999.0,990.0,994.0
