stats,Open,High,Low,Close
count,14070.0,14070.0,14070.0,14070.0
mean,498.523383084577,664.750888415068,332.96375266524535,501.7821606254444
std,289.3172449921323,235.04049642737905,236.6655496279191,231.03342625858727
min,0.0,16.0,0.0,1.0
max,999.0,999.0,996.0,996.0
