stats,Open,High,Low,Close
count,11062.0,11062.0,11062.0,11062.0
mean,500.0056047730969,663.3657566443677,331.9935816308083,497.7775266678718
std,287.20666960436216,236.13566037200636,234.31682585698763,229.07859081076157
min,0.0,2.0,0.0,1.0
max,999.0,999.0,994.0,999.0
