stats,Open,High,Low,Close
count,12614.0,12614.0,12614.0,12614.0
mean,496.57483748216214,663.6920881560172,330.9274615506578,496.27239575075305
std,287.70698385492994,235.0772326821333,234.4098163340476,229.90712123147372
min,0.0,8.0,0.0,2.0
max,999.0,999.0,992.0,998.0
