stats,Open,High,Low,Close
count,14762.0,14762.0,14762.0,14762.0
mean,502.45081967213133,668.326310797995,334.99918710201916,501.98096463893785
std,288.43620813249396,232.5661709224327,236.81278062831535,228.54333699120298
min,0.0,2.0,0.0,1.0
max,999.0,999.0,998.0,999.0
