stats,Open,High,Low,Close
count,12271.0,12271.0,12271.0,12271.0
mean,498.28294352538506,666.3650884198516,330.0416428978892,498.76432238611375
std,289.19680211247976,237.01670277077366,236.96655696843277,231.65086008830806
min,0.0,7.0,0.0,1.0
max,999.0,999.0,987.0,994.0
