stats,Open,High,Low,Close
count,16329.0,16329.0,16329.0,16329.0
mean,502.5432665809291,669.2970175760915,334.5048686386187,501.5708249127326
std,288.82293050217766,235.51288380586865,235.3783609405363,229.27321213426438
min,0.0,7.0,0.0,2.0
max,999.0,999.0,990.0,998.0
