stats,Open,High,Low,Close
count,13279.0,13279.0,13279.0,13279.0
mean,504.3385797123284,669.5829505233831,336.4903230664954,501.49205512463334
std,287.4470906534108,232.7833033180435,237.04988510290912,228.84025914343937
min,0.0,5.0,0.0,5.0
max,999.0,999.0,989.0,998.0
