stats,Open,High,Low,Close
count,14824.0,14824.0,14824.0,14824.0
mean,503.36279007015634,669.1203453858604,334.890717754992,502.88862655153775
std,288.1655990248973,235.05069267174926,236.89297425123422,231.99717369035542
min,0.0,5.0,0.0,5.0
max,999.0,999.0,986.0,997.0
