stats,Open,High,Low,Close
count,12231.0,12231.0,12231.0,12231.0
mean,499.04938271604925,662.8853732319518,331.655302101218,497.83043087237354
std,289.4094777355705,237.58312902330832,235.67723031531307,229.1747069492715
min,0.0,10.0,0.0,3.0
max,999.0,999.0,991.0,998.0
