stats,Open,High,Low,Close
count,13032.0,13032.0,13032.0,13032.0
mean,498.53583486801733,667.5693677102518,334.9531921424187,503.8194444444443
std,289.8132544440826,235.24573829420802,237.7007214682141,229.1104939980721
min,0.0,8.0,0.0,8.0
max,999.0,999.0,996.0,997.0
