stats,Open,High,Low,Close
count,15013.0,15013.0,15013.0,15013.0
mean,500.49343901951653,666.6978618530604,332.5856257909812,499.7500832611737
std,288.56398626228776,236.5515655952046,235.1316565142884,229.8344632913287
min,0.0,9.0,0.0,8.0
max,999.0,999.0,995.0,997.0
