stats,Open,High,Low,Close
count,12989.0,12989.0,12989.0,12989.0
mean,499.3769343290475,666.2013241973975,331.46208330125506,498.05227500192484
std,289.1886040304373,236.1570801452114,235.64574807227393,230.32091026447551
min,0.0,6.0,0.0,1.0
max,999.0,999.0,994.0,999.0
