stats,Open,High,Low,Close
count,16367.0,16367.0,16367.0,16367.0
mean,500.9651738253802,665.6523492393229,334.1834789515489,498.6329809983502
std,288.650740583946,236.90535710706968,235.22205519872048,229.88547833436428
min,0.0,7.0,0.0,4.0
max,999.0,999.0,991.0,999.0
