stats,Open,High,Low,Close
count,16156.0,16156.0,16156.0,16156.0
mean,498.90480316910117,668.7740158455063,331.5286580836844,499.2188041594454
std,289.4096140483898,235.8703392893541,234.69063429179187,230.20276147638313
min,0.0,7.0,0.0,3.0
max,999.0,999.0,995.0,997.0
