stats,Open,High,Low,Close
count,18448.0,18448.0,18448.0,18448.0
mean,499.7858304423243,667.131992627927,332.57084778837816,500.65134431916755
std,288.08902311553675,235.91205805969318,236.62198241736453,229.76260778408033
min,0.0,6.0,0.0,1.0
max,999.0,999.0,991.0,997.0
