stats,Open,High,Low,Close
count,17754.0,17754.0,17754.0,17754.0
mean,498.77368480342466,667.1842401712294,329.31283091134407,498.6561338289964
std,288.96856461146075,235.9652664258234,234.0774211419004,229.702104514518
min,0.0,7.0,0.0,5.0
max,999.0,999.0,992.0,994.0
