stats,Open,High,Low,Close
count,16283.0,16283.0,16283.0,16283.0
mean,500.6673217466056,667.1458576429401,334.6980286188051,500.1173002517958
std,289.48668242245134,235.56541140517865,237.1445457383283,229.75996350037656
min,0.0,4.0,0.0,3.0
max,999.0,999.0,994.0,999.0
