stats,Open,High,Low,Close
count,16632.0,16632.0,16632.0,16632.0
mean,502.81295093795126,668.6011904761903,335.51130351130394,503.4472703222702
std,288.6764152143395,234.98276862592405,236.83105442899256,230.7422851363949
min,0.0,11.0,0.0,4.0
max,999.0,999.0,994.0,995.0
