stats,Open,High,Low,Close
count,11210.0,11210.0,11210.0,11210.0
mean,501.5785013380911,665.5636931311327,333.70481712756464,500.61578947368434
std,287.8524433127789,236.03322818813675,235.10475021931583,230.3158556481641
min,0.0,11.0,0.0,4.0
max,999.0,999.0,989.0,995.0
