stats,Open,High,Low,Close
count,19066.0,19066.0,19066.0,19066.0
mean,499.7743627399559,666.9272527011433,331.53755376062145,500.7275254379522
std,290.16233420151974,235.583725883948,236.05132168228118,230.04435466623124
min,0.0,6.0,0.0,3.0
max,999.0,999.0,989.0,999.0
