stats,Open,High,Low,Close
count,14133.0,14133.0,14133.0,14133.0
mean,497.41215594707404,666.1070544116606,329.47180358027344,496.8480152833792
std,288.9426124678001,236.52352901620918,235.38887193590344,230.12576699292237
min,0.0,1.0,0.0,1.0
max,999.0,999.0,998.0,998.0
