stats,Open,High,Low,Close
count,15308.0,15308.0,15308.0,15308.0
mean,501.5176378364253,668.4186046511628,333.5944604128558,501.9227201463285
std,289.5859512169185,235.8506457847777,235.65547992885664,230.46547431642267
min,0.0,4.0,0.0,0.0
max,999.0,999.0,997.0,997.0
