stats,Open,High,Low,Close
count,18808.0,18808.0,18808.0,18808.0
mean,501.03105061675876,666.2680774138663,336.1189919183319,502.2414929817101
std,287.72545944916027,235.28829761216326,236.24500757652564,229.88330860227248
min,0.0,6.0,0.0,5.0
max,999.0,999.0,992.0,999.0
