stats,Open,High,Low,Close
count,11594.0,11594.0,11594.0,11594.0
mean,501.80981542177,669.1565464895635,333.9241849232369,502.7214938761426
std,288.38957060839437,234.3904348480438,235.92589967042895,229.35501012178813
min,0.0,9.0,0.0,1.0
max,999.0,999.0,990.0,999.0
