stats,Open,High,Low,Close
count,14518.0,14518.0,14518.0,14518.0
mean,498.13459154153463,665.0910593745693,333.1361069017774,497.88125086100024
std,289.2538825492637,237.6732158384777,235.5731287249281,229.5778586873189
min,0.0,2.0,0.0,2.0
max,999.0,999.0,986.0,998.0
