stats,Open,High,Low,Close
count,17911.0,17911.0,17911.0,17911.0
mean,499.6224108090006,667.6036513874158,332.8577410529844,498.9811289151919
std,290.90202150809364,236.60399945565982,236.17932879555386,231.89430937707914
min,0.0,5.0,0.0,0.0
max,999.0,999.0,995.0,997.0
