stats,Open,High,Low,Close
count,16311.0,16311.0,16311.0,16311.0
mean,495.8637116056648,664.9862056281037,329.5680215805285,495.650665195267
std,288.2694108308722,235.88496841882767,234.8321330962224,229.88181639465893
min,0.0,5.0,0.0,2.0
max,999.0,999.0,996.0,997.0
