stats,Open,High,Low,Close
count,13493.0,13493.0,13493.0,13493.0
mean,499.32661379974763,669.6385533239458,331.8545171570446,502.9448602979325
std,290.71733760374667,234.8902384515297,235.93837185598136,230.32255977833526
min,0.0,0.0,0.0,0.0
max,999.0,999.0,984.0,993.0
