stats,Open,High,Low,Close
count,18520.0,18520.0,18520.0,18520.0
mean,499.5696544276466,665.2475161987044,331.60210583153327,497.1807235421166
std,289.250450489661,236.08514584727897,236.49320740054944,230.38775801004127
min,0.0,3.0,0.0,0.0
max,999.0,999.0,995.0,998.0
