stats,Open,High,Low,Close
count,15963.0,15963.0,15963.0,15963.0
mean,500.3967925828481,667.393660339535,330.6103489319052,500.57157175969445
std,290.9690286126938,235.926643620811,235.48040219988619,230.25734051926267
min,0.0,6.0,0.0,1.0
max,999.0,999.0,990.0,997.0
