stats,Open,High,Low,Close
count,10333.0,10333.0,10333.0,10333.0
mean,500.4253363011712,666.4296912803638,334.55869544178836,499.13529468692553
std,287.2526678795583,234.1518074426089,234.8675180413327,228.76204462323662
min,0.0,5.0,0.0,4.0
max,999.0,999.0,985.0,992.0
