stats,Open,High,Low,Close
count,10374.0,10374.0,10374.0,10374.0
mean,494.1826682089842,663.9919992288412,329.698573356468,497.01301330248714
std,290.1541901272022,236.5346028987097,232.30578402385254,227.85327078864117
min,0.0,8.0,0.0,1.0
max,999.0,999.0,991.0,992.0
