stats,Open,High,Low,Close
count,14948.0,14948.0,14948.0,14948.0
mean,501.91202836499855,668.5798100080276,332.6090446882527,500.1707251806261
std,290.23392831461325,237.0955031910463,237.22119124235127,230.9674013296564
min,0.0,9.0,0.0,3.0
max,999.0,999.0,996.0,997.0
