stats,Open,High,Low,Close
count,11807.0,11807.0,11807.0,11807.0
mean,500.0551367832641,665.8935377318539,331.8516134496484,496.53891759125935
std,288.3567143428184,236.45854427898888,235.12435859268632,229.28444212651647
min,0.0,5.0,0.0,0.0
max,999.0,999.0,986.0,995.0
