stats,Open,High,Low,Close
count,13830.0,13830.0,13830.0,13830.0
mean,500.53702096890817,666.3552422270429,335.30636297903135,500.1545914678233
std,288.60281675234916,236.22823802265913,236.0575214673807,231.4434337339123
min,0.0,6.0,0.0,3.0
max,999.0,999.0,985.0,996.0
