stats,Open,High,Low,Close
count,19265.0,19265.0,19265.0,19265.0
mean,500.7847391642876,666.0223202699193,332.4574098105375,498.7330391902414
std,287.6171704679538,235.1709802910395,233.5641702421113,228.69684153730725
min,0.0,4.0,0.0,4.0
max,999.0,999.0,992.0,997.0
