stats,Open,High,Low,Close
count,12077.0,12077.0,12077.0,12077.0
mean,499.26223399850926,667.2183489277144,332.36921420882646,499.9258921917697
std,286.9697140855275,235.17113309847065,234.03470968147872,229.45902771935897
min,0.0,4.0,0.0,4.0
max,999.0,999.0,993.0,995.0
