stats,Open,High,Low,Close
count,14666.0,14666.0,14666.0,14666.0
mean,495.80383199236365,662.7156688940402,330.6815082503752,497.2052366016637
std,287.46544613647717,236.53593477044555,234.55478908894113,229.39046914150157
min,0.0,4.0,0.0,2.0
max,999.0,999.0,989.0,997.0
