stats,Open,High,Low,Close
count,14567.0,14567.0,14567.0,14567.0
mean,496.42356010159955,665.3130363149586,330.1889888103245,498.26264845198045
std,286.8030851559337,234.13201048866878,233.62682124422864,227.91279715653963
min,0.0,14.0,0.0,5.0
max,999.0,999.0,986.0,997.0
