stats,Open,High,Low,Close
count,14836.0,14836.0,14836.0,14836.0
mean,498.4911027231056,663.9523456457258,332.79596926395203,498.68293340523024
std,287.7880412946391,236.51306749511104,235.48827994152637,230.68824627896885
min,0.0,6.0,0.0,1.0
max,999.0,999.0,998.0,999.0
