stats,Open,High,Low,Close
count,19223.0,19223.0,19223.0,19223.0
mean,502.263798574624,667.0155542839304,333.83524944077436,499.9518805597461
std,287.12176490196714,234.65114940267372,234.84091774060428,228.9637368767683
min,0.0,6.0,0.0,2.0
max,999.0,999.0,991.0,996.0
