stats,Open,High,Low,Close
count,19290.0,19290.0,19290.0,19290.0
mean,497.2393986521509,663.1548989113533,330.0632970451013,496.20274753758446
std,288.61834045867226,237.1590839143776,234.7989387562363,229.48175231682023
min,0.0,11.0,0.0,2.0
max,999.0,999.0,980.0,996.0
