stats,Open,High,Low,Close
count,13058.0,13058.0,13058.0,13058.0
mean,498.46370041353913,664.1335579721248,331.4964772553222,497.6242150405877
std,288.5243541283355,236.108856531399,235.52687101973865,229.72816316630747
min,0.0,10.0,0.0,2.0
max,999.0,999.0,987.0,995.0
