stats,Open,High,Low,Close
count,11262.0,11262.0,11262.0,11262.0
mean,501.6810513230331,670.0678387497782,330.8230332090216,500.5720120760079
std,288.3930931517524,233.34134693764668,235.25196854614956,229.38589829842866
min,0.0,2.0,0.0,1.0
max,999.0,999.0,983.0,998.0
