stats,Open,High,Low,Close
count,11645.0,11645.0,11645.0,11645.0
mean,504.7737226277374,666.6670674109057,334.6873336195793,503.0613138686132
std,289.53314789012717,236.25057407980225,237.1449101237569,231.10435068459947
min,0.0,4.0,0.0,3.0
max,999.0,999.0,990.0,999.0
