stats,Open,High,Low,Close
count,17499.0,17499.0,17499.0,17499.0
mean,499.31378935939256,663.9438825075727,334.36110634893294,500.48837076404413
std,287.6997172884342,235.53124594999682,234.7259758875679,228.80435226213652
min,0.0,2.0,0.0,0.0
max,999.0,999.0,998.0,998.0
