stats,Open,High,Low,Close
count,15008.0,15008.0,15008.0,15008.0
mean,498.3218283582088,664.2959754797437,330.5876199360343,498.27238805970126
std,288.97856844154865,236.66727354218295,234.53453102632596,229.9426133103209
min,0.0,9.0,0.0,4.0
max,999.0,999.0,988.0,996.0
