stats,Open,High,Low,Close
count,15894.0,15894.0,15894.0,15894.0
mean,502.99779791116174,668.7015225871403,336.89933308166576,503.404492261231
std,290.3027002440951,235.08773388672319,237.0257963735975,231.22982211933797
min,0.0,9.0,0.0,1.0
max,999.0,999.0,998.0,999.0
