stats,Open,High,Low,Close
count,14282.0,14282.0,14282.0,14282.0
mean,500.41079680717024,665.5116230219858,333.65530037809816,498.7134855062314
std,286.271318679091,236.73117324067675,233.86031757642886,230.67364799714179
min,0.0,4.0,0.0,1.0
max,999.0,999.0,997.0,997.0
