stats,Open,High,Low,Close
count,13450.0,13450.0,13450.0,13450.0
mean,501.99092936802964,666.3979182156132,332.0843122676577,499.62185873605927
std,288.7076561274804,235.31329534410256,235.66490044920042,230.81482338799316
min,0.0,10.0,0.0,5.0
max,999.0,999.0,995.0,998.0
