stats,Open,High,Low,Close
count,10978.0,10978.0,10978.0,10978.0
mean,500.3961559482603,667.2638003279286,333.9897977773732,501.3930588449627
std,288.392046524621,235.5468665081044,237.02448373587237,230.6413164790397
min,0.0,5.0,0.0,2.0
max,999.0,999.0,992.0,992.0
