stats,Open,High,Low,Close
count,14238.0,14238.0,14238.0,14238.0
mean,499.378002528446,668.7659081331649,333.18029217586707,500.5695322376736
std,288.0146696360685,234.3847955959027,233.2356729386311,228.9986261328745
min,0.0,10.0,0.0,2.0
max,999.0,999.0,996.0,997.0
