stats,Open,High,Low,Close
count,12495.0,12495.0,12495.0,12495.0
mean,502.52637054821923,666.326530612245,331.3116446578632,497.40464185674296
std,289.81615296266926,237.51248705601142,236.01460561924526,232.07274698941157
min,0.0,12.0,0.0,5.0
max,999.0,999.0,988.0,997.0
