stats,Open,High,Low,Close
count,12314.0,12314.0,12314.0,12314.0
mean,502.5592009095337,666.8136267662821,335.14398245898917,502.4432353418873
std,289.8046221577597,236.21636819668439,236.21298062957558,230.89328978180345
min,0.0,15.0,0.0,0.0
max,999.0,999.0,996.0,996.0
