stats,Open,High,Low,Close
count,14201.0,14201.0,14201.0,14201.0
mean,497.1123160340821,663.9923949017669,332.1195690444335,497.90282374480665
std,289.52450817663845,236.60849775475975,234.63799281886915,230.01900532267192
min,0.0,2.0,0.0,2.0
max,999.0,999.0,981.0,993.0
