stats,Open,High,Low,Close
count,19996.0,19996.0,19996.0,19996.0
mean,501.14757951590275,667.0874174834963,336.8541208241648,502.4868973794757
std,287.35245976618256,234.53345144067018,237.01199557202466,229.49456533267798
min,0.0,11.0,0.0,2.0
max,999.0,999.0,991.0,999.0
