stats,Open,High,Low,Close
count,18336.0,18336.0,18336.0,18336.0
mean,497.73031195462465,667.6685754799302,334.731948080279,503.22654886561963
std,285.8570181371278,234.71300416496925,236.05266308700413,229.79594805587143
min,0.0,5.0,0.0,3.0
max,999.0,999.0,988.0,997.0
