stats,Open,High,Low,Close
count,16162.0,16162.0,16162.0,16162.0
mean,495.6237470610076,661.8402425442392,330.82372231159553,496.4071897042441
std,288.69306233472264,237.73086220142443,234.4348395677303,231.1905902004882
min,0.0,12.0,0.0,3.0
max,999.0,999.0,997.0,997.0
