stats,Open,High,Low,Close
count,11547.0,11547.0,11547.0,11547.0
mean,497.32882999913386,666.6714298086085,334.0619208452414,499.2971334545771
std,288.4816128491746,234.19929845815767,235.9690713347601,229.64820578022588
min,0.0,7.0,0.0,2.0
max,999.0,999.0,992.0,997.0
