stats,Open,High,Low,Close
count,15062.0,15062.0,15062.0,15062.0
mean,493.5651971849686,660.8265834550523,327.8794316823795,495.2438587173017
std,289.6098513117005,237.95456236254984,235.23829996042642,230.1718452991815
min,0.0,12.0,0.0,4.0
max,999.0,999.0,991.0,996.0
