stats,Open,High,Low,Close
count,12212.0,12212.0,12212.0,12212.0
mean,495.73722567965973,661.5576482148707,330.9798558794628,496.1561578774975
std,285.66536654371106,234.03192161277772,233.59601686379796,228.7941137246707
min,0.0,8.0,0.0,4.0
max,999.0,999.0,998.0,998.0
