stats,Open,High,Low,Close
count,17875.0,17875.0,17875.0,17875.0
mean,496.3824895104899,663.0745174825176,333.41667132867065,498.8140419580422
std,289.415249679741,237.58310086503482,237.40704424383202,232.2281634011318
min,0.0,11.0,0.0,2.0
max,999.0,999.0,996.0,996.0
