stats,Open,High,Low,Close
count,19760.0,19760.0,19760.0,19760.0
mean,495.5245951416999,664.8744433198389,333.99605263157906,498.13871457489836
std,289.438351015824,235.928244644376,236.01148769414758,230.52391987528185
min,0.0,6.0,0.0,1.0
max,999.0,999.0,993.0,996.0
