stats,Open,High,Low,Close
count,19774.0,19774.0,19774.0,19774.0
mean,502.6845858197635,668.3527864873065,333.2665621523213,501.6130777789017
std,288.97786827522424,236.4206784853413,236.57281737115244,229.82619286918853
min,0.0,5.0,0.0,3.0
max,999.0,999.0,994.0,999.0
