stats,Open,High,Low,Close
count,19502.0,19502.0,19502.0,19502.0
mean,499.39037021843893,664.97513075582,334.04640549687184,500.74212901240884
std,287.8123659745573,234.1347698521976,235.6198899216534,229.6536588959462
min,0.0,4.0,0.0,1.0
max,999.0,999.0,997.0,998.0
