stats,Open,High,Low,Close
count,10988.0,10988.0,10988.0,10988.0
mean,499.1527120495087,666.0566072078631,335.5369493993447,501.46823807790315
std,290.2535541060147,238.2336197056405,236.4247307652571,232.74945912533437
min,0.0,8.0,0.0,5.0
max,999.0,999.0,998.0,998.0
