stats,Open,High,Low,Close
count,14629.0,14629.0,14629.0,14629.0
mean,501.5764577209655,664.055642901087,334.33016610841463,499.0491489507142
std,287.243726744871,234.99387682006318,234.28696848051024,228.75039349785627
min,0.0,4.0,0.0,3.0
max,999.0,999.0,992.0,996.0
