stats,Open,High,Low,Close
count,15067.0,15067.0,15067.0,15067.0
mean,499.71540452644837,664.5620893343066,333.8571713015204,499.841906152519
std,287.27430063540857,234.3136527628349,235.17066154733533,227.88596804366827
min,0.0,8.0,0.0,2.0
max,999.0,999.0,997.0,997.0
