stats,Open,High,Low,Close
count,14190.0,14190.0,14190.0,14190.0
mean,502.63453136011316,668.2513742071882,334.0842847075409,501.7236786469349
std,289.3507607704688,234.73667457094382,235.86995763683566,229.35365084476706
min,0.0,8.0,0.0,1.0
max,999.0,999.0,990.0,993.0
