stats,Open,High,Low,Close
count,15677.0,15677.0,15677.0,15677.0
mean,496.8722969955981,667.7167825476815,328.65191044204886,497.52057153792174
std,289.3933517108752,235.03341400220535,234.81139916767532,228.5505288984024
min,0.0,12.0,0.0,2.0
max,999.0,999.0,992.0,996.0
