stats,Open,High,Low,Close
count,19391.0,19391.0,19391.0,19391.0
mean,499.98808725697495,665.9513691918929,331.200092826569,497.9712237636019
std,288.67700339162116,235.51182487633994,234.89867386819037,229.24843481590446
min,0.0,1.0,0.0,1.0
max,999.0,999.0,999.0,999.0
