stats,Open,High,Low,Close
count,15728.0,15728.0,15728.0,15728.0
mean,495.49955493387614,661.3205747711089,332.5436164801626,496.3074135300101
std,288.6438437225181,238.35839152807796,234.52368280700514,230.20421633964338
min,0.0,3.0,0.0,1.0
max,999.0,999.0,995.0,997.0
