stats,Open,High,Low,Close
count,12395.0,12395.0,12395.0,12395.0
mean,501.607987091569,664.3419120613149,334.086163775716,500.9511093182734
std,286.7888986248904,235.37707105459185,236.32776870930365,228.72948408503214
min,0.0,14.0,0.0,2.0
max,999.0,999.0,989.0,994.0
