stats,Open,High,Low,Close
count,14722.0,14722.0,14722.0,14722.0
mean,499.42555359326184,666.3249558483903,332.40062491509286,499.838133405787
std,290.3295229687427,236.1155556687809,234.78846681671274,229.16539091310972
min,0.0,12.0,0.0,5.0
max,999.0,999.0,996.0,996.0
