stats,Open,High,Low,Close
count,10001.0,10001.0,10001.0,10001.0
mean,496.9961003899611,663.7722227777222,331.6324367563242,497.75712428757134
std,288.204798511047,238.47364657829317,236.37221724168762,230.6202742724268
min,0.0,5.0,0.0,3.0
max,999.0,999.0,993.0,997.0
