stats,Open,High,Low,Close
count,10541.0,10541.0,10541.0,10541.0
mean,496.6635992790058,664.8259178446069,332.12987382601267,500.2144009107296
std,288.32770945269766,234.16713762882975,235.74644525818852,227.09161720490357
min,0.0,19.0,0.0,5.0
max,999.0,999.0,991.0,997.0
