stats,Open,High,Low,Close
count,18144.0,18144.0,18144.0,18144.0
mean,498.7179783950618,664.5131723985888,331.3915895061729,497.22029320987656
std,288.5142700763173,235.85115178184938,235.30350448910772,230.21943459743656
min,0.0,5.0,0.0,1.0
max,999.0,999.0,997.0,997.0
