stats,Open,High,Low,Close
count,10070.0,10070.0,10070.0,10070.0
mean,499.38282025819245,666.2421052631578,336.6351539225423,502.37884806355504
std,288.32634352110426,234.75485905973753,235.04974983977985,227.86005084338166
min,0.0,11.0,0.0,6.0
max,999.0,999.0,992.0,997.0
