stats,Open,High,Low,Close
count,19743.0,19743.0,19743.0,19743.0
mean,504.089297472522,666.8829965050907,334.6572456060371,499.57579901737313
std,288.81047050267506,234.155398332878,236.3722970428017,229.48484880721924
min,0.0,12.0,0.0,0.0
max,999.0,999.0,995.0,998.0
