stats,Open,High,Low,Close
count,17178.0,17178.0,17178.0,17178.0
mean,501.0303877052042,665.4990685760856,334.72039818372343,500.07853067877505
std,289.5043542945016,237.3441456900502,237.1849602441956,230.69181261965176
min,0.0,2.0,0.0,2.0
max,999.0,999.0,989.0,994.0
