stats,Open,High,Low,Close
count,10168.0,10168.0,10168.0,10168.0
mean,504.0244885916595,666.5040322580646,333.72708497246254,498.54091266719126
std,287.4262117072626,236.52445045261905,234.83862179943688,230.3600794461837
min,0.0,5.0,0.0,1.0
max,999.0,999.0,996.0,997.0
