stats,Open,High,Low,Close
count,10215.0,10215.0,10215.0,10215.0
mean,502.37229564366123,668.8776309348998,331.8073421439061,501.5540871267743
std,288.58472082995223,234.16822393716595,234.3535837103817,229.80273035003918
min,0.0,11.0,0.0,1.0
max,999.0,999.0,997.0,999.0
