stats,Open,High,Low,Close
count,19549.0,19549.0,19549.0,19549.0
mean,502.96915443245166,666.8084300987267,335.72085528671533,500.4375671389842
std,290.15733971144886,236.83830956319227,236.59463987833257,230.26340632577921
min,0.0,9.0,0.0,3.0
max,999.0,999.0,998.0,999.0
