stats,Open,High,Low,Close
count,18037.0,18037.0,18037.0,18037.0
mean,499.4478017408663,665.9909075788655,329.7653157398682,496.92737151410995
std,287.32434325545023,235.3028890038673,233.544929671076,228.78258237131917
min,0.0,1.0,0.0,0.0
max,999.0,999.0,990.0,995.0
