stats,Open,High,Low,Close
count,10144.0,10144.0,10144.0,10144.0
mean,503.0157728706627,667.0769913249212,333.4884660883278,499.2371845425868
std,288.69223456403995,234.26396885857386,235.85674400418165,230.60542877678765
min,0.0,11.0,0.0,2.0
max,999.0,999.0,997.0,997.0
