stats,Open,High,Low,Close
count,17107.0,17107.0,17107.0,17107.0
mean,497.89448763663967,665.6307359560413,332.658327000643,499.8165663178823
std,288.95599162684425,237.13526595556627,236.55870576768822,231.19782190388094
min,0.0,3.0,0.0,3.0
max,999.0,999.0,996.0,997.0
