stats,Open,High,Low,Close
count,15527.0,15527.0,15527.0,15527.0
mean,497.8780833387005,664.7313711599148,332.0257615766084,498.1648740902945
std,287.26287828393134,235.79883719745249,233.00193136329196,227.59829869220326
min,0.0,18.0,0.0,7.0
max,999.0,999.0,989.0,996.0
