stats,Open,High,Low,Close
count,16595.0,16595.0,16595.0,16595.0
mean,499.1644471226268,665.3561313648692,333.6768906297079,500.27375715576966
std,290.02009030332175,235.8724918789646,235.885026869836,229.9899352883302
min,0.0,11.0,0.0,2.0
max,999.0,999.0,995.0,998.0
