stats,Open,High,Low,Close
count,17924.0,17924.0,17924.0,17924.0
mean,502.30517741575534,665.2147400133899,333.9395782191479,501.0077549654096
std,288.37942870334115,236.36420358968627,235.48048481127933,229.9834862460413
min,0.0,12.0,0.0,5.0
max,999.0,999.0,996.0,996.0
