stats,Open,High,Low,Close
count,12022.0,12022.0,12022.0,12022.0
mean,500.5681251039764,663.6916486441526,334.8241557145237,498.2349858592579
std,288.4971047712679,238.25923612840867,236.09695519846775,229.63791574013763
min,0.0,12.0,0.0,3.0
max,999.0,999.0,985.0,996.0
