stats,Open,High,Low,Close
count,12139.0,12139.0,12139.0,12139.0
mean,501.6881126946205,668.4301837054126,332.44311722547155,500.77782354394884
std,286.5780142411285,232.6264885502278,235.14869551521693,230.04259597360513
min,0.0,7.0,0.0,2.0
max,999.0,999.0,997.0,998.0
