stats,Open,High,Low,Close
count,16918.0,16918.0,16918.0,16918.0
mean,498.3494502896325,663.750916183946,331.270185601135,497.5741813453125
std,288.51225703538023,236.706589179611,235.3265923578012,229.49823914090854
min,0.0,0.0,0.0,0.0
max,999.0,999.0,993.0,996.0
