stats,Open,High,Low,Close
count,15864.0,15864.0,15864.0,15864.0
mean,499.5311396873423,663.813792233989,332.6762481089263,497.66969238527474
std,289.4023538461852,235.89661080756832,235.24306113713178,229.54186440571576
min,0.0,9.0,0.0,3.0
max,999.0,999.0,983.0,999.0
