stats,Open,High,Low,Close
count,18437.0,18437.0,18437.0,18437.0
mean,499.08526332917495,664.0705103867225,334.2696208710742,498.51271898898926
std,288.75270650412006,237.4216279475274,236.0627420352245,230.8739668744694
min,0.0,1.0,0.0,1.0
max,999.0,999.0,990.0,995.0
