stats,Open,High,Low,Close
count,14672.0,14672.0,14672.0,14672.0
mean,499.0672028353327,663.8866548527812,330.7817611777534,496.79232551799436
std,290.77704237819034,238.85559500091688,235.43446991836987,232.14458260539845
min,0.0,11.0,0.0,2.0
max,999.0,999.0,991.0,996.0
