stats,Open,High,Low,Close
count,16648.0,16648.0,16648.0,16648.0
mean,501.5507568476693,665.0397044690053,333.26657856799596,498.9699663623258
std,289.140928733892,235.0852611282137,235.68520888322396,229.19766698691015
min,0.0,6.0,0.0,1.0
max,999.0,999.0,994.0,994.0
