stats,Open,High,Low,Close
count,11464.0,11464.0,11464.0,11464.0
mean,500.9917131891138,668.8569434752268,332.84883112351696,500.7412770411724
std,288.67146228720696,233.57836762903256,235.42805986303927,228.29531836714096
min,0.0,8.0,0.0,2.0
max,999.0,999.0,995.0,998.0
