stats,Open,High,Low,Close
count,16011.0,16011.0,16011.0,16011.0
mean,498.7766535506836,665.7053900443445,331.95990256698536,498.7835862844295
std,287.39596323237885,236.7520855009709,234.8201395853194,229.61778375437177
min,0.0,9.0,0.0,2.0
max,999.0,999.0,997.0,999.0
