stats,Open,High,Low,Close
count,17854.0,17854.0,17854.0,17854.0
mean,501.975635711886,667.8879242746726,336.0618348829384,502.68959336843267
std,287.8137156443136,234.93335364557225,236.4543053811035,228.78129087104386
min,0.0,5.0,0.0,3.0
max,999.0,999.0,995.0,996.0
