stats,Open,High,Low,Close
count,13001.0,13001.0,13001.0,13001.0
mean,496.3662025998003,665.7737866317974,331.0850703792014,498.5427274825012
std,289.2854073148869,236.65938907839677,235.57431979545078,230.2701624872714
min,0.0,2.0,0.0,1.0
max,999.0,999.0,997.0,997.0
