stats,Open,High,Low,Close
count,18303.0,18303.0,18303.0,18303.0
mean,496.2435666284213,664.0728842266298,329.1061028246738,497.4410752335684
std,287.02477394819766,235.4205578877731,233.87576546573646,228.65677554612205
min,0.0,9.0,0.0,0.0
max,999.0,999.0,998.0,998.0
