stats,Open,High,Low,Close
count,17897.0,17897.0,17897.0,17897.0
mean,500.1679052355135,667.4484550483321,331.6899480359837,498.5176845281328
std,287.6672371697909,234.87381606168512,234.4268989949244,228.83143999674004
min,0.0,5.0,0.0,2.0
max,999.0,999.0,989.0,999.0
