stats,Open,High,Low,Close
count,10033.0,10033.0,10033.0,10033.0
mean,498.94697498255715,667.2459882388123,333.0192365194859,498.53274195155996
std,291.6728752683959,238.12241134590948,238.88631309237869,232.1717266922611
min,0.0,7.0,0.0,6.0
max,999.0,999.0,995.0,996.0
