stats,Open,High,Low,Close
count,12186.0,12186.0,12186.0,12186.0
mean,492.95765632693224,662.0277367470868,328.8755949450189,495.24807155752495
std,288.57248874381764,236.14578734023092,236.3971959550084,231.10390472426144
min,0.0,9.0,0.0,3.0
max,999.0,999.0,994.0,995.0
