stats,Open,High,Low,Close
count,17107.0,17107.0,17107.0,17107.0
mean,499.8595896416675,667.2308996317297,334.51277254924884,499.9481498801661
std,288.6119940766268,236.07303175281965,236.58014294024252,230.3024532692077
min,0.0,12.0,0.0,2.0
max,999.0,999.0,996.0,998.0
