stats,Open,High,Low,Close
count,10835.0,10835.0,10835.0,10835.0
mean,500.6770650669124,666.4317489616982,333.1784033225657,501.7151822796492
std,287.2947126155788,236.31989366767473,234.21433758433747,229.03869204284348
min,0.0,4.0,0.0,4.0
max,999.0,999.0,982.0,995.0
