stats,Open,High,Low,Close
count,11198.0,11198.0,11198.0,11198.0
mean,501.9139131987856,665.869083764958,335.492677263797,498.818271119843
std,287.36500199246296,236.28643254824541,235.64605610556603,230.3008220217483
min,0.0,11.0,0.0,2.0
max,999.0,999.0,991.0,998.0
