stats,Open,High,Low,Close
count,17496.0,17496.0,17496.0,17496.0
mean,499.25480109739345,663.6732395976229,331.4574759945137,499.33990626428886
std,289.6497168146343,236.8405315333713,236.99793350088368,231.96839689470457
min,0.0,10.0,0.0,1.0
max,999.0,999.0,998.0,998.0
