stats,Open,High,Low,Close
count,16931.0,16931.0,16931.0,16931.0
mean,501.7555962435771,666.776209320182,333.9694642962618,498.7063965507062
std,288.733806106888,234.90643561686076,236.05154277281272,229.00883063024102
min,0.0,5.0,0.0,2.0
max,999.0,999.0,992.0,998.0
