stats,Open,High,Low,Close
count,18542.0,18542.0,18542.0,18542.0
mean,497.9439111206986,667.7831949088558,333.4743824830119,501.600582461438
std,288.71412663029275,233.52729172161605,236.06562043137643,229.81209930667626
min,0.0,9.0,0.0,2.0
max,999.0,999.0,995.0,996.0
