stats,Open,High,Low,Close
count,11212.0,11212.0,11212.0,11212.0
mean,501.74518373171594,668.9940242597214,335.3643417766679,500.1402069211556
std,287.9706069473188,233.9195661901357,236.9393796225081,228.86930745746386
min,0.0,8.0,0.0,0.0
max,999.0,999.0,987.0,995.0
