stats,Open,High,Low,Close
count,16802.0,16802.0,16802.0,16802.0
mean,496.82805618378706,665.0878466849186,329.11754553029385,496.3794786334961
std,288.5306629647586,236.6569729506347,232.24096540190075,228.68013060486697
min,0.0,11.0,0.0,7.0
max,999.0,999.0,994.0,997.0
