stats,Open,High,Low,Close
count,16880.0,16880.0,16880.0,16880.0
mean,499.76018957345985,667.6280805687205,332.5661137440752,499.60385071090036
std,289.0987119370119,235.02482244583743,235.228635215001,229.21608448457343
min,0.0,12.0,0.0,2.0
max,999.0,999.0,989.0,996.0
