stats,Open,High,Low,Close
count,17053.0,17053.0,17053.0,17053.0
mean,497.808596727848,665.3450419281063,331.52952559666903,499.32129244121285
std,288.2663948209134,236.6085006031371,234.9848374263879,229.8570235363365
min,0.0,6.0,0.0,2.0
max,999.0,999.0,991.0,994.0
