stats,Open,High,Low,Close
count,18661.0,18661.0,18661.0,18661.0
mean,496.67279352660637,666.2848721933447,329.38776057017293,497.48555811585646
std,288.78879416528343,237.13571731284563,234.96036588130283,230.26249075653988
min,0.0,3.0,0.0,2.0
max,999.0,999.0,990.0,999.0
