stats,Open,High,Low,Close
count,17883.0,17883.0,17883.0,17883.0
mean,497.07515517530635,665.0062629312755,333.70558631102153,500.3678912934072
std,287.94159979341623,236.86136869487711,235.53465641289964,231.32242774261096
min,0.0,1.0,0.0,1.0
max,999.0,999.0,985.0,994.0
