stats,Open,High,Low,Close
count,10382.0,10382.0,10382.0,10382.0
mean,500.76218455018306,669.0962242342517,329.8919283375073,499.2772105567327
std,289.0713853952269,235.17219143739922,235.52052727787893,229.43520703406034
min,0.0,11.0,0.0,3.0
max,999.0,999.0,992.0,996.0
