stats,Open,High,Low,Close
count,16494.0,16494.0,16494.0,16494.0
mean,501.8135685703893,664.6587243846249,334.0649933309079,499.24087546986766
std,289.6054110475273,237.4557957898615,236.74333579004167,231.27657770146894
min,0.0,13.0,0.0,2.0
max,999.0,999.0,995.0,997.0
