stats,Open,High,Low,Close
count,16705.0,16705.0,16705.0,16705.0
mean,497.2233463035019,664.7647410954805,331.3455252918291,498.8587847949718
std,288.9352310638776,236.48183138503848,235.42072975183586,229.57359715484634
min,0.0,5.0,0.0,2.0
max,999.0,999.0,995.0,995.0
