stats,Open,High,Low,Close
count,11673.0,11673.0,11673.0,11673.0
mean,500.9320654501843,663.3413004369058,333.8582198235251,496.313544076073
std,288.090216812886,235.0834236922016,236.1834829630457,230.3553997954717
min,0.0,15.0,0.0,5.0
max,999.0,999.0,992.0,995.0
