stats,Open,High,Low,Close
count,14711.0,14711.0,14711.0,14711.0
mean,497.66576031541024,668.2413160220245,329.15933655088014,499.54503432805404
std,288.1122642086853,234.14650473223475,233.30114757518692,227.84815836624074
min,0.0,7.0,0.0,5.0
max,999.0,999.0,990.0,995.0
