stats,Open,High,Low,Close
count,12483.0,12483.0,12483.0,12483.0
mean,500.2190178642951,666.8702235039659,334.00544740847556,499.4715212689254
std,288.94640023435613,236.13996413143772,235.96438427206496,229.37334718907942
min,0.0,12.0,0.0,4.0
max,999.0,999.0,993.0,994.0
