stats,Open,High,Low,Close
count,17826.0,17826.0,17826.0,17826.0
mean,500.5351172444741,667.2780208683946,334.2220352294407,500.60142488499974
std,288.0132039318345,234.07153125987705,235.96129893821401,229.5234305430199
min,0.0,5.0,0.0,1.0
max,999.0,999.0,995.0,998.0
