stats,Open,High,Low,Close
count,18625.0,18625.0,18625.0,18625.0
mean,497.0660939597316,666.6670067114092,332.4692617449664,499.5581744966446
std,290.4103092985916,236.3169647698581,236.80991857400534,230.79739412706277
min,0.0,5.0,0.0,1.0
max,999.0,999.0,993.0,998.0
