stats,Open,High,Low,Close
count,10599.0,10599.0,10599.0,10599.0
mean,502.92131333144647,667.1974714595718,334.16586470421737,500.23879611284093
std,287.85231379152503,234.54119621195645,234.41340189966283,227.91631663170455
min,0.0,11.0,0.0,1.0
max,999.0,999.0,989.0,995.0
