stats,Open,High,Low,Close
count,14848.0,14848.0,14848.0,14848.0
mean,498.0563712284483,668.3616648706895,331.13106142241395,499.7949892241381
std,288.5462602187141,235.00313706380106,234.17812684703617,229.25983908236185
min,0.0,8.0,0.0,5.0
max,999.0,999.0,990.0,994.0
