stats,Open,High,Low,Close
count,16015.0,16015.0,16015.0,16015.0
mean,499.0947236965344,665.8990945988133,334.220605682173,500.1940056197319
std,288.50152507012444,236.33514374909464,235.9431942924853,229.82600379638433
min,0.0,2.0,0.0,1.0
max,999.0,999.0,992.0,996.0
