stats,Open,High,Low,Close
count,16521.0,16521.0,16521.0,16521.0
mean,504.9909206464496,668.1190605895523,333.4066339809937,499.39023061558015
std,291.0222427948384,237.74068609756154,237.66979940498967,231.2863893472535
min,0.0,12.0,0.0,2.0
max,999.0,999.0,997.0,997.0
