stats,Open,High,Low,Close
count,15135.0,15135.0,15135.0,15135.0
mean,498.66164519326077,665.2228609184011,333.2356788899902,498.2451271886357
std,288.7819114036991,237.13498980341535,235.87152518503592,230.42635951912095
min,0.0,10.0,0.0,4.0
max,999.0,999.0,989.0,994.0
