stats,Open,High,Low,Close
count,12872.0,12872.0,12872.0,12872.0
mean,503.12546612803015,667.1890149160968,334.3877408328155,498.53752330640157
std,288.4685208344377,234.32667481780953,234.36406395450993,227.92761546737984
min,0.0,8.0,0.0,1.0
max,999.0,999.0,991.0,999.0
