stats,Open,High,Low,Close
count,10108.0,10108.0,10108.0,10108.0
mean,499.15858725761757,665.0654926790659,327.92946181242576,494.9266917293235
std,289.9452060264777,235.88210850943238,234.13105647994905,229.50937701665734
min,0.0,5.0,0.0,4.0
max,999.0,999.0,994.0,996.0
