stats,Open,High,Low,Close
count,18129.0,18129.0,18129.0,18129.0
mean,500.17640244911456,665.7859231066245,334.8470406530971,501.03100005515995
std,288.83321711570767,236.47480363490905,236.62286334926367,231.2812797692207
min,0.0,8.0,0.0,1.0
max,999.0,999.0,994.0,996.0
