stats,Open,High,Low,Close
count,15890.0,15890.0,15890.0,15890.0
mean,498.3794839521709,665.5383259911895,332.8376337319072,498.7643171806167
std,288.1948133981918,236.49890052384674,234.68315226227338,229.564536767979
min,0.0,4.0,0.0,4.0
max,999.0,999.0,991.0,999.0
