stats,Open,High,Low,Close
count,18460.0,18460.0,18460.0,18460.0
mean,497.0521668472377,664.8374322860235,332.11148429035677,497.66565547128897
std,289.72973266345457,235.99448899733704,235.44361695303357,230.6634860008635
min,0.0,11.0,0.0,3.0
max,999.0,999.0,997.0,999.0
