stats,Open,High,Low,Close
count,10004.0,10004.0,10004.0,10004.0
mean,503.3840463814475,673.2697920831665,334.6502399040385,505.3325669732104
std,290.5161925812987,235.28893433039156,238.22315092797098,232.71195241999922
min,0.0,11.0,0.0,1.0
max,999.0,999.0,993.0,999.0
