stats,Open,High,Low,Close
count,12961.0,12961.0,12961.0,12961.0
mean,500.60072525268174,665.6888357379833,331.78134403209594,498.9895069824864
std,289.32679027435677,235.78615875422315,235.11031793491935,230.14767745791096
min,0.0,3.0,0.0,1.0
max,999.0,999.0,988.0,993.0
