stats,Open,High,Low,Close
count,19130.0,19130.0,19130.0,19130.0
mean,499.07229482488214,664.9519602718243,330.52514375326695,497.9312598013591
std,288.6304253776265,234.14312307497337,235.66833969403854,228.64083705682916
min,0.0,6.0,0.0,2.0
max,999.0,999.0,994.0,998.0
