stats,Open,High,Low,Close
count,13075.0,13075.0,13075.0,13075.0
mean,496.45460803059257,666.1353728489482,331.12520076481854,499.70317399617585
std,287.6118233768262,236.62302227939907,235.04517645277275,229.56454928156955
min,0.0,9.0,0.0,2.0
max,999.0,999.0,998.0,998.0
