stats,Open,High,Low,Close
count,10821.0,10821.0,10821.0,10821.0
mean,503.4248221051658,667.6767396728588,335.2679974124389,504.39524997689693
std,289.876038598384,236.13252435988332,236.89456517602017,229.0681606614535
min,0.0,7.0,0.0,3.0
max,999.0,999.0,991.0,998.0
