stats,Open,High,Low,Close
count,10802.0,10802.0,10802.0,10802.0
mean,500.50388816885766,666.0125902610628,331.6547861507129,497.31966302536546
std,291.734699875174,236.94488017639017,236.48674689122495,229.30659237068264
min,0.0,0.0,0.0,0.0
max,999.0,999.0,996.0,997.0
