stats,Open,High,Low,Close
count,13705.0,13705.0,13705.0,13705.0
mean,498.58438526085405,666.224005837286,332.6547975191538,500.27398759576795
std,292.12313808797603,238.89702468845653,238.21848029791536,232.65870337162588
min,0.0,3.0,0.0,1.0
max,999.0,999.0,994.0,994.0
