stats,Open,High,Low,Close
count,15808.0,15808.0,15808.0,15808.0
mean,500.4228238866396,666.5918522267208,331.098241396761,497.53763917004
std,289.34656477054403,234.19369428882786,236.25864867801914,229.61116782838812
min,0.0,4.0,0.0,2.0
max,999.0,999.0,988.0,995.0
