stats,Open,High,Low,Close
count,15627.0,15627.0,15627.0,15627.0
mean,497.9795226211035,665.8026492608943,332.07960581045614,497.8783515709991
std,289.63738075157744,237.13811953476744,235.77766148501442,230.9872660911667
min,0.0,6.0,0.0,2.0
max,999.0,999.0,994.0,998.0
