stats,Open,High,Low,Close
count,16618.0,16618.0,16618.0,16618.0
mean,498.2056805873152,668.6765555421831,333.52292694668455,503.1704176194487
std,288.974816660767,234.53354741711775,235.73661890188876,230.6454746594454
min,0.0,5.0,0.0,1.0
max,999.0,999.0,996.0,998.0
