stats,Open,High,Low,Close
count,12453.0,12453.0,12453.0,12453.0
mean,500.82486147916165,664.946037099494,329.4214245563317,496.173933991809
std,288.69301266081584,235.60515198846034,234.61942452121656,228.3395729815164
min,0.0,13.0,0.0,3.0
max,999.0,999.0,996.0,996.0
