stats,Open,High,Low,Close
count,14161.0,14161.0,14161.0,14161.0
mean,495.855801143987,665.2878327801712,332.44184732716656,499.36155638726086
std,288.4433623313555,236.81581480296072,236.20560569365597,230.25787570514066
min,0.0,7.0,0.0,5.0
max,999.0,999.0,991.0,997.0
