stats,Open,High,Low,Close
count,19213.0,19213.0,19213.0,19213.0
mean,499.833706344662,666.8197054077965,334.1759746005314,499.4800395565502
std,287.0640290991047,234.5044936901542,235.25629173266742,229.2536126315135
min,0.0,4.0,0.0,0.0
max,999.0,999.0,991.0,999.0
