stats,Open,High,Low,Close
count,17806.0,17806.0,17806.0,17806.0
mean,500.33943614511963,667.2269459732678,331.6288891384923,497.53425811524187
std,288.50632915555855,236.43706760338918,237.00662828997025,230.78725365708283
min,0.0,3.0,0.0,3.0
max,999.0,999.0,995.0,996.0
