stats,Open,High,Low,Close
count,12240.0,12240.0,12240.0,12240.0
mean,498.874836601307,663.1679738562094,331.0749183006535,497.2474673202614
std,287.4476824264498,235.5152164128741,235.38943057509158,229.4770239125424
min,0.0,2.0,0.0,2.0
max,999.0,999.0,990.0,992.0
