stats,Open,High,Low,Close
count,19955.0,19955.0,19955.0,19955.0
mean,501.8683537960406,669.0046103733398,336.6733650714107,501.87406664996286
std,287.2756788945847,234.7345037258969,236.46480189555956,230.0211976201106
min,0.0,3.0,0.0,1.0
max,999.0,999.0,995.0,997.0
