stats,Open,High,Low,Close
count,10060.0,10060.0,10060.0,10060.0
mean,498.0797216699801,664.9834990059641,332.9915506958251,499.01749502982096
std,289.0722575117692,236.80689609984924,235.94723383622565,232.30737068951362
min,0.0,4.0,0.0,4.0
max,999.0,999.0,995.0,998.0
