stats,Open,High,Low,Close
count,15884.0,15884.0,15884.0,15884.0
mean,501.6481364895494,667.9729287333167,332.3633845378999,500.7854444724249
std,288.3737206907791,235.5803269242928,234.13134003934624,230.1277028179767
min,0.0,1.0,0.0,1.0
max,999.0,999.0,993.0,997.0
