stats,Open,High,Low,Close
count,18579.0,18579.0,18579.0,18579.0
mean,496.6092362344585,663.9886430916623,332.7325474998655,498.03735400183007
std,289.2125676803965,236.66857877763883,235.71913614245847,229.963138826375
min,0.0,13.0,0.0,1.0
max,999.0,999.0,997.0,999.0
