stats,Open,High,Low,Close
count,11042.0,11042.0,11042.0,11042.0
mean,497.5417496830283,664.6429994566198,332.12814707480544,500.3720340518022
std,287.3263853234711,234.74162235105004,234.0534573389169,228.41274760836822
min,0.0,9.0,0.0,2.0
max,999.0,999.0,991.0,995.0
