stats,Open,High,Low,Close
count,19985.0,19985.0,19985.0,19985.0
mean,498.27060295221315,667.7807855891921,332.2518889166876,500.30627970978264
std,288.8621295581606,234.95887718973165,235.2894377041942,229.67622830622676
min,0.0,10.0,0.0,2.0
max,999.0,999.0,996.0,997.0
