stats,Open,High,Low,Close
count,19807.0,19807.0,19807.0,19807.0
mean,500.8718129954056,666.849396677942,333.9236633513406,498.00863331145655
std,289.3689940184385,234.99092324467796,236.96827226643748,229.75196658096058
min,0.0,8.0,0.0,3.0
max,999.0,999.0,996.0,999.0
