stats,Open,High,Low,Close
count,14824.0,14824.0,14824.0,14824.0
mean,499.70514031300576,667.396654074474,332.69859686994056,501.71188613059905
std,290.17119152638884,237.29757809622205,235.25612094668358,230.8640587410871
min,0.0,7.0,0.0,2.0
max,999.0,999.0,988.0,996.0
