stats,Open,High,Low,Close
count,18528.0,18528.0,18528.0,18528.0
mean,500.5527310017266,665.9147236614856,332.9834844559584,498.90835492227984
std,288.7886643709814,237.3521107237475,236.46801197164743,230.51337197430763
min,0.0,5.0,0.0,0.0
max,999.0,999.0,999.0,999.0
