stats,Open,High,Low,Close
count,13313.0,13313.0,13313.0,13313.0
mean,496.9915120558853,663.9480958461658,329.35236235258793,496.05949072335295
std,287.45942021840267,236.13228573249097,231.90398463169282,227.82351635337548
min,0.0,13.0,0.0,4.0
max,999.0,999.0,989.0,995.0
