stats,Open,High,Low,Close
count,14990.0,14990.0,14990.0,14990.0
mean,504.0747831887922,669.5681120747162,332.7946631087391,500.38425617078053
std,287.8492624441769,235.10347112439032,234.16182714058195,229.56827251657452
min,0.0,10.0,0.0,2.0
max,999.0,999.0,990.0,998.0
