stats,Open,High,Low,Close
count,19314.0,19314.0,19314.0,19314.0
mean,500.28254116185144,664.572279175727,333.76612819716246,499.22087604846246
std,289.80398115812727,237.7321314704173,236.3329245134611,232.17788855323607
min,0.0,3.0,0.0,3.0
max,999.0,999.0,983.0,996.0
