stats,Open,High,Low,Close
count,12900.0,12900.0,12900.0,12900.0
mean,502.428604651163,669.8230232558138,333.81914728682193,499.89705426356613
std,289.54430451163876,236.09038763651176,236.51900366308075,230.44920510528652
min,0.0,2.0,0.0,2.0
max,999.0,999.0,992.0,997.0
