stats,Open,High,Low,Close
count,11991.0,11991.0,11991.0,11991.0
mean,494.3656909348676,663.7433074806106,331.2240847302142,499.62963889583864
std,288.6699047043286,236.47392687167527,234.7917905175545,230.64197244157035
min,0.0,9.0,0.0,3.0
max,999.0,999.0,989.0,997.0
