stats,Open,High,Low,Close
count,14042.0,14042.0,14042.0,14042.0
mean,498.6436405070507,667.7805868109956,332.4458766557469,501.19327731092443
std,286.87887485521713,233.98229248429988,235.06387450121852,228.90666667900828
min,0.0,2.0,0.0,1.0
max,999.0,999.0,989.0,994.0
