stats,Open,High,Low,Close
count,15146.0,15146.0,15146.0,15146.0
mean,499.5270038293938,666.6201637396014,330.6152119371456,497.3401558167175
std,288.10344464068544,235.42162002411143,234.1552971136951,228.48919438843632
min,0.0,4.0,0.0,4.0
max,999.0,999.0,997.0,997.0
