stats,Open,High,Low,Close
count,18491.0,18491.0,18491.0,18491.0
mean,497.53983018765877,665.305013249689,331.6046184630362,499.1137310042724
std,288.58240824796144,236.21690261238174,235.43971477865816,228.97531328810584
min,0.0,2.0,0.0,0.0
max,999.0,999.0,994.0,999.0
