stats,Open,High,Low,Close
count,17879.0,17879.0,17879.0,17879.0
mean,496.9932322836851,664.3762514682033,332.08160411656115,497.0699703562841
std,287.90687549136834,234.8487472960425,236.57291106479101,230.63422013775505
min,0.0,9.0,0.0,2.0
max,999.0,999.0,989.0,997.0
