stats,Open,High,Low,Close
count,13765.0,13765.0,13765.0,13765.0
mean,496.1553214674903,664.751325826371,328.11129676716337,496.90497638939365
std,288.5154485387776,236.10882121781506,234.04784436831434,230.21647219671334
min,0.0,10.0,0.0,1.0
max,999.0,999.0,994.0,994.0
