stats,Open,High,Low,Close
count,12010.0,12010.0,12010.0,12010.0
mean,503.2519567027472,667.9381348875934,331.570857618651,500.2482930890928
std,288.72458511595437,236.4398762015929,235.22475069071896,231.1367044998311
min,0.0,7.0,0.0,2.0
max,999.0,999.0,989.0,999.0
