stats,Open,High,Low,Close
count,13868.0,13868.0,13868.0,13868.0
mean,497.8122295933082,664.3301124891836,333.0245889818285,497.95183155465827
std,287.402895587612,235.44448983045137,234.8922414292632,230.28456531296288
min,0.0,8.0,0.0,0.0
max,999.0,999.0,993.0,996.0
