stats,Open,High,Low,Close
count,11072.0,11072.0,11072.0,11072.0
mean,500.8284862716766,667.2228143063583,333.2672507225433,500.02330202312146
std,289.3339991519386,235.90946467485844,235.6629671192695,229.81219352948065
min,0.0,3.0,0.0,3.0
max,999.0,999.0,989.0,998.0
