stats,Open,High,Low,Close
count,13956.0,13956.0,13956.0,13956.0
mean,496.91358555459976,665.7608197191171,331.0420607623959,498.7628260246487
std,288.86346854524834,234.44496941591535,236.63710351726615,229.17769676222431
min,0.0,4.0,0.0,1.0
max,999.0,999.0,996.0,998.0
