stats,Open,High,Low,Close
count,17338.0,17338.0,17338.0,17338.0
mean,496.9142346291382,664.8936440189182,333.6431537662936,499.93574806782783
std,288.07875977394457,235.49094584086907,235.60411895917431,228.91435414184258
min,0.0,13.0,0.0,3.0
max,999.0,999.0,990.0,998.0
