stats,Open,High,Low,Close
count,17045.0,17045.0,17045.0,17045.0
mean,500.65462012320233,665.7618656497507,331.79031974185955,500.0018187151659
std,287.42546269557545,233.94032811550585,235.08545942730018,228.05530021640683
min,0.0,2.0,0.0,1.0
max,999.0,999.0,996.0,997.0
