stats,Open,High,Low,Close
count,10587.0,10587.0,10587.0,10587.0
mean,495.2057240011336,663.5913856616604,332.50911495230025,498.45319731746474
std,289.5024664127252,238.21215547470462,237.51094317275098,232.86880261829674
min,0.0,9.0,0.0,4.0
max,999.0,999.0,992.0,994.0
