stats,Open,High,Low,Close
count,13541.0,13541.0,13541.0,13541.0
mean,504.2860940846318,668.9945351155749,334.11129163281896,501.35839302857994
std,288.54434515169197,235.4605565220341,235.61997876489463,229.38604359347542
min,0.0,15.0,0.0,6.0
max,999.0,999.0,987.0,998.0
