stats,Open,High,Low,Close
count,18180.0,18180.0,18180.0,18180.0
mean,499.39262926292656,665.3661716171617,331.26358635863556,498.3190319031902
std,289.00323086798284,235.1123761955503,235.92082699044087,229.39385344320536
min,0.0,7.0,0.0,0.0
max,999.0,999.0,993.0,997.0
