stats,Open,High,Low,Close
count,16928.0,16928.0,16928.0,16928.0
mean,501.4470108695653,667.6951205103968,333.8485940453688,501.7717982041587
std,286.92397891047875,233.5473118510745,233.20071673654473,227.14439662021294
min,0.0,1.0,0.0,1.0
max,999.0,999.0,989.0,997.0
