stats,Open,High,Low,Close
count,14644.0,14644.0,14644.0,14644.0
mean,499.26850587271235,666.7081398524994,331.87633160338686,499.89886642993724
std,289.9845620886351,236.004630875242,236.06339556390623,230.92269886537886
min,0.0,7.0,0.0,5.0
max,999.0,999.0,997.0,999.0
