stats,Open,High,Low,Close
count,14228.0,14228.0,14228.0,14228.0
mean,498.6646050042171,666.4127073376442,330.4963452347484,498.12770593196495
std,287.3429012346277,235.51985462946922,233.34433936444466,227.70937877818463
min,0.0,4.0,0.0,0.0
max,999.0,999.0,989.0,995.0
