stats,Open,High,Low,Close
count,17572.0,17572.0,17572.0,17572.0
mean,498.98008194855464,663.7101638971092,331.15632824948824,497.2464147507401
std,288.60962102377414,235.1518627328687,235.4803945028656,229.27070041270545
min,0.0,15.0,0.0,3.0
max,999.0,999.0,997.0,998.0
