stats,Open,High,Low,Close
count,10969.0,10969.0,10969.0,10969.0
mean,495.75658674446214,664.5270307229465,330.1841553468863,498.0303582824322
std,290.34896162928084,237.90619152520475,234.64449769729737,231.16553475286025
min,0.0,7.0,0.0,6.0
max,999.0,999.0,997.0,997.0
