stats,Open,High,Low,Close
count,19225.0,19225.0,19225.0,19225.0
mean,501.3239011703509,668.0084785435632,333.3348244473342,501.87074122236675
std,288.9433884598788,236.1526910900047,235.9721292948466,230.5671985153301
min,0.0,3.0,0.0,1.0
max,999.0,999.0,989.0,994.0
