stats,Open,High,Low,Close
count,17420.0,17420.0,17420.0,17420.0
mean,497.6506888633755,666.9365671641792,330.5987944890933,498.7886337543052
std,288.4731457333136,236.84890040920254,235.45026505304216,230.81992319828038
min,0.0,5.0,0.0,4.0
max,999.0,999.0,996.0,996.0
