stats,Open,High,Low,Close
count,14024.0,14024.0,14024.0,14024.0
mean,494.3580290929838,662.8978180262409,332.45329435253865,497.78971762692527
std,288.0237550490843,238.3370138410547,234.13392891743266,230.07857406634912
min,0.0,8.0,0.0,0.0
max,999.0,999.0,991.0,997.0
