stats,Open,High,Low,Close
count,18824.0,18824.0,18824.0,18824.0
mean,502.2503187420316,668.2857522311946,336.16834891627667,502.9736506587335
std,288.85185598016756,234.75156663242691,237.52575005062744,229.98370193852043
min,0.0,1.0,0.0,1.0
max,999.0,999.0,997.0,998.0
