stats,Open,High,Low,Close
count,17757.0,17757.0,17757.0,17757.0
mean,499.7529425015484,664.0947795235679,336.4063749507239,498.72664301402267
std,286.18860496927175,235.42471428528626,235.12014485894807,228.80850781061295
min,0.0,8.0,0.0,3.0
max,999.0,999.0,997.0,999.0
