stats,Open,High,Low,Close
count,12043.0,12043.0,12043.0,12043.0
mean,497.53093083118847,666.6952586564812,332.3049904508843,501.1034625923773
std,289.12304525147715,233.7560193135006,234.83989407403155,228.51000207895797
min,0.0,6.0,0.0,3.0
max,999.0,999.0,987.0,995.0
