stats,Open,High,Low,Close
count,12092.0,12092.0,12092.0,12092.0
mean,498.77456169368224,665.7228746278536,333.41763149189563,499.21832616606054
std,287.96400211978806,235.54527991342704,234.3930533573022,229.9965981666205
min,0.0,11.0,0.0,1.0
max,999.0,999.0,988.0,995.0
