stats,Open,High,Low,Close
count,12422.0,12422.0,12422.0,12422.0
mean,493.3909998389953,664.0186765416195,330.43173402028646,496.4234422798263
std,288.0980069882608,237.45645114777352,233.32894116219222,229.14956460922997
min,0.0,11.0,0.0,1.0
max,999.0,999.0,989.0,992.0
