stats,Open,High,Low,Close
count,16720.0,16720.0,16720.0,16720.0
mean,498.4436602870815,663.873684210526,333.3415669856456,496.9498205741631
std,288.7593432368841,235.64886161677472,235.64282002082442,228.68251777302942
min,0.0,8.0,0.0,2.0
max,999.0,999.0,992.0,993.0
