stats,Open,High,Low,Close
count,12459.0,12459.0,12459.0,12459.0
mean,504.31671883778773,669.0286539850708,334.6002889477484,502.17834497150665
std,289.36532819815517,234.78770016588123,234.03403041256956,229.83798793878483
min,0.0,8.0,0.0,6.0
max,999.0,999.0,986.0,998.0
