stats,Open,High,Low,Close
count,13634.0,13634.0,13634.0,13634.0
mean,495.29844506381124,664.4876778641634,330.93259498313034,498.3457532638991
std,286.7899179284068,235.53582083235617,234.05604710881605,228.55751534657037
min,0.0,13.0,0.0,2.0
max,999.0,999.0,995.0,997.0
