stats,Open,High,Low,Close
count,13567.0,13567.0,13567.0,13567.0
mean,497.5106508439592,664.7818972506818,329.5564236750938,496.4238225105032
std,288.90047883894454,237.52800429788988,234.12925537687192,230.28189575528143
min,0.0,1.0,0.0,1.0
max,999.0,999.0,984.0,996.0
