stats,Open,High,Low,Close
count,15642.0,15642.0,15642.0,15642.0
mean,499.8413246387929,667.5260836210203,330.5708349315946,499.7940161104719
std,290.31142765710547,236.85405442080722,235.9188057058579,231.06463531662172
min,0.0,4.0,0.0,3.0
max,999.0,999.0,992.0,999.0
