stats,Open,High,Low,Close
count,19991.0,19991.0,19991.0,19991.0
mean,502.72877795007787,668.0401180531237,335.29958481316584,501.9708868991047
std,290.0413142186462,236.82895065257483,236.7048276378015,231.21456883429605
min,0.0,4.0,0.0,0.0
max,999.0,999.0,992.0,999.0
