stats,Open,High,Low,Close
count,13256.0,13256.0,13256.0,13256.0
mean,496.45156910078487,664.5929390464694,332.8863910681954,499.96273385636675
std,288.1935664044023,237.18381450549992,236.48890195368898,231.43716304184096
min,0.0,18.0,0.0,4.0
max,999.0,999.0,996.0,996.0
