stats,Open,High,Low,Close
count,18660.0,18660.0,18660.0,18660.0
mean,502.2707931404072,667.5340300107181,336.1181136120043,501.16393354769554
std,287.4695951535556,234.1487843611424,234.71433442229332,227.83614635076907
min,0.0,0.0,0.0,0.0
max,999.0,999.0,992.0,998.0
