stats,Open,High,Low,Close
count,16684.0,16684.0,16684.0,16684.0
mean,496.7757731958762,663.9297530568211,332.8818029249578,500.36903620234966
std,289.52271274785994,237.17789891053883,236.2048902113705,230.41795950685744
min,0.0,8.0,0.0,2.0
max,999.0,999.0,996.0,999.0
