stats,Open,High,Low,Close
count,13841.0,13841.0,13841.0,13841.0
mean,498.9169857669245,665.8776822483926,332.59518820894425,498.81598150422656
std,288.16122349085543,234.01414566144646,233.8678303120798,229.06809894148455
min,0.0,3.0,0.0,2.0
max,999.0,999.0,992.0,995.0
