stats,Open,High,Low,Close
count,11061.0,11061.0,11061.0,11061.0
mean,496.75843052165305,666.8911490823613,330.6655817738001,499.0491818099632
std,290.03474452436893,236.82970643528884,234.09966618061458,228.07890025574721
min,0.0,10.0,0.0,7.0
max,999.0,999.0,989.0,998.0
