stats,Open,High,Low,Close
count,18350.0,18350.0,18350.0,18350.0
mean,502.5183651226159,668.5394550408719,336.0334059945504,501.9207629427789
std,286.92827186575084,234.67021802660165,236.51269263034033,229.89749328655301
min,0.0,2.0,0.0,2.0
max,999.0,999.0,991.0,999.0
