stats,Open,High,Low,Close
count,13839.0,13839.0,13839.0,13839.0
mean,498.34655683214123,668.347496206373,331.1056434713492,499.4186718693549
std,289.9383488391601,235.77271150596766,235.46879674019377,229.92692150691263
min,0.0,3.0,0.0,3.0
max,999.0,999.0,989.0,992.0
