stats,Open,High,Low,Close
count,10576.0,10576.0,10576.0,10576.0
mean,498.2614409984869,667.3073940998487,334.3956127080181,501.8041792738275
std,288.89666465332283,236.26456014257556,236.58628477249508,230.80984845179992
min,0.0,3.0,0.0,3.0
max,999.0,999.0,991.0,995.0
