stats,Open,High,Low,Close
count,10278.0,10278.0,10278.0,10278.0
mean,502.4287799182723,668.7983070636308,334.67892586106245,501.7271842770965
std,289.81851688947154,235.47472704108756,235.5729323308469,230.21230857204594
min,0.0,7.0,0.0,1.0
max,999.0,999.0,987.0,998.0
