stats,Open,High,Low,Close
count,19050.0,19050.0,19050.0,19050.0
mean,498.56146981627296,667.0770603674544,330.05721784776915,497.0171128608922
std,288.05863888838667,233.8860939963033,236.04701362597683,229.28674145576457
min,0.0,5.0,0.0,1.0
max,999.0,999.0,994.0,995.0
