stats,Open,High,Low,Close
count,12000.0,12000.0,12000.0,12000.0
mean,501.43658333333343,668.4864166666666,333.13849999999985,499.51400000000035
std,288.61118108303964,233.9154430950835,236.68788783424816,229.49723539167292
min,0.0,15.0,0.0,7.0
max,999.0,999.0,997.0,999.0
