stats,Open,High,Low,Close
count,19471.0,19471.0,19471.0,19471.0
mean,499.696317600534,665.3125160495093,334.1032304452774,498.94853885265326
std,287.2505190146122,235.5547277290633,234.17548594616042,228.78006771900468
min,0.0,9.0,0.0,4.0
max,999.0,999.0,997.0,997.0
