stats,Open,High,Low,Close
count,10101.0,10101.0,10101.0,10101.0
mean,498.22047322047285,667.5667755667756,331.0270270270273,501.6834966834967
std,287.8776087582539,235.1938951963084,233.2042799782207,228.35369672030933
min,0.0,10.0,0.0,4.0
max,999.0,999.0,981.0,991.0
