stats,Open,High,Low,Close
count,14710.0,14710.0,14710.0,14710.0
mean,500.4558123725356,667.7757987763424,334.4624065261723,502.10666213460235
std,287.95620649017735,235.40394107248326,235.73420509942724,230.69307553856478
min,0.0,3.0,0.0,1.0
max,999.0,999.0,997.0,998.0
