stats,Open,High,Low,Close
count,17800.0,17800.0,17800.0,17800.0
mean,500.3608426966292,666.9742696629213,336.00179775280947,502.22331460674155
std,287.5632467733765,234.1248361732896,235.9607262844771,229.251328092887
min,0.0,6.0,0.0,0.0
max,999.0,999.0,998.0,998.0
