stats,Open,High,Low,Close
count,19834.0,19834.0,19834.0,19834.0
mean,499.11036603811664,663.2992336392056,330.76731874558857,497.0274276494909
std,290.03026836483446,237.3182985830448,235.33502127175936,230.58628853077593
min,0.0,6.0,0.0,1.0
max,999.0,999.0,998.0,999.0
