stats,Open,High,Low,Close
count,10993.0,10993.0,10993.0,10993.0
mean,498.25670881470023,664.9939961793871,331.5665423451291,497.58400800509384
std,289.21804013984456,235.4596942433039,235.36049952286155,228.52830581811753
min,0.0,6.0,0.0,5.0
max,999.0,999.0,995.0,998.0
