stats,Open,High,Low,Close
count,15139.0,15139.0,15139.0,15139.0
mean,503.04445471959843,666.4520113613844,333.5339850716689,499.1516612722105
std,287.2486930717375,234.99595461309468,235.36544437851606,229.86345700037757
min,0.0,4.0,0.0,4.0
max,999.0,999.0,994.0,995.0
