stats,Open,High,Low,Close
count,13930.0,13930.0,13930.0,13930.0
mean,503.8496769562096,670.2893036611631,336.84479540559954,503.86252692031593
std,289.1642070404319,233.9248437326516,237.21123520811022,231.55694388136556
min,0.0,4.0,0.0,1.0
max,999.0,999.0,992.0,998.0
