stats,Open,High,Low,Close
count,16128.0,16128.0,16128.0,16128.0
mean,497.31907242063494,662.0871775793651,335.1818576388889,498.1984126984127
std,288.3657387485818,237.18273753496564,237.40195048138426,229.60425310774193
min,0.0,6.0,0.0,2.0
max,999.0,999.0,993.0,997.0
