stats,Open,High,Low,Close
count,11426.0,11426.0,11426.0,11426.0
mean,499.43383511290017,664.556800280063,333.7948538421142,498.6241904428495
std,291.60044671323175,237.29198802967173,237.47778486680244,232.85467153268846
min,0.0,12.0,0.0,1.0
max,999.0,999.0,991.0,995.0
