stats,Open,High,Low,Close
count,12592.0,12592.0,12592.0,12592.0
mean,500.63206797966933,663.805590851334,335.81154701397685,498.2935991105457
std,287.9215308171749,234.73484434921065,235.92341044362473,229.24228463063
min,0.0,5.0,0.0,3.0
max,999.0,999.0,992.0,995.0
