stats,Open,High,Low,Close
count,16246.0,16246.0,16246.0,16246.0
mean,500.29244121629915,668.9990766958023,333.97433214329664,500.8111535147115
std,290.0984924828617,235.31080342091403,236.35280402709037,231.30879173216303
min,0.0,12.0,0.0,5.0
max,999.0,999.0,988.0,996.0
