stats,Open,High,Low,Close
count,12579.0,12579.0,12579.0,12579.0
mean,497.2385722235471,666.5262739486444,331.9779791716352,499.39200254392273
std,289.92059119795033,236.4885228494907,235.57440227286904,230.8554635130504
min,0.0,6.0,0.0,1.0
max,999.0,999.0,991.0,996.0
