stats,Open,High,Low,Close
count,14501.0,14501.0,14501.0,14501.0
mean,496.48375974070814,667.2072270877871,331.0526860216539,499.525618922834
std,287.6743241722483,234.697438724046,235.00361607604952,229.17074792759806
min,0.0,2.0,0.0,1.0
max,999.0,999.0,995.0,996.0
