stats,Open,High,Low,Close
count,16551.0,16551.0,16551.0,16551.0
mean,500.01250679717225,665.8526373028822,332.4080116005073,499.60727448492526
std,288.2978355076114,235.95424432044194,234.45767874762723,229.51926052888223
min,0.0,9.0,0.0,5.0
max,999.0,999.0,995.0,996.0
