stats,Open,High,Low,Close
count,15982.0,15982.0,15982.0,15982.0
mean,501.1713803028405,664.7624202227505,335.97215617569793,501.5733950694531
std,288.65312200170877,236.23606638961118,236.553421227411,229.63344217539546
min,0.0,3.0,0.0,3.0
max,999.0,999.0,986.0,996.0
