stats,Open,High,Low,Close
count,13137.0,13137.0,13137.0,13137.0
mean,496.7350993377488,667.0538935830099,334.78473015148046,500.56869909416173
std,285.75182692055625,231.42546604467276,236.40022874329804,226.87051758339746
min,0.0,12.0,0.0,6.0
max,999.0,999.0,987.0,999.0
