stats,Open,High,Low,Close
count,12275.0,12275.0,12275.0,12275.0
mean,504.8980040733196,667.804317718941,334.82346232179225,502.3738492871691
std,289.08496618051635,233.0948041280995,236.22851864853615,228.86479337277143
min,0.0,7.0,0.0,3.0
max,999.0,999.0,997.0,998.0
