stats,Open,High,Low,Close
count,11064.0,11064.0,11064.0,11064.0
mean,505.022143890094,669.4838214027476,336.4021149674619,501.01635936370184
std,288.4725651147682,235.04425071135904,237.0571115155298,229.91499320020722
min,0.0,11.0,0.0,5.0
max,999.0,999.0,996.0,999.0
