stats,Open,High,Low,Close
count,12213.0,12213.0,12213.0,12213.0
mean,501.8255137967738,666.9806763285021,334.1705559649549,502.5917464996316
std,289.50894066564564,235.5984726348251,236.42003232502623,228.77763525111982
min,0.0,6.0,0.0,3.0
max,999.0,999.0,996.0,996.0
