stats,Open,High,Low,Close
count,11213.0,11213.0,11213.0,11213.0
mean,504.1529474716846,671.1091590118613,338.3858913760813,504.9607598323373
std,288.18724104061,234.18500679798044,236.61786308956707,229.73881902583565
min,0.0,13.0,0.0,2.0
max,999.0,999.0,989.0,997.0
