stats,Open,High,Low,Close
count,18214.0,18214.0,18214.0,18214.0
mean,501.64285714285694,666.9150104315363,332.8622488195892,501.19386186449975
std,289.51469737272896,236.00505017039967,235.5818225424191,230.249317898148
min,0.0,5.0,0.0,2.0
max,999.0,999.0,993.0,994.0
