stats,Open,High,Low,Close
count,18057.0,18057.0,18057.0,18057.0
mean,497.1861881818683,665.6606302265053,331.72431743922,499.0205460486239
std,287.29719822562197,235.31464389557945,235.8674348290081,229.74482789059658
min,0.0,9.0,0.0,2.0
max,999.0,999.0,996.0,998.0
