stats,Open,High,Low,Close
count,14930.0,14930.0,14930.0,14930.0
mean,499.9332886805089,666.1749497655726,335.8947756195577,500.6659075686537
std,286.2173842050864,233.28356044679884,234.57162129067848,228.12575011095328
min,0.0,5.0,0.0,2.0
max,999.0,999.0,995.0,998.0
