stats,Open,High,Low,Close
count,13880.0,13880.0,13880.0,13880.0
mean,495.34999999999985,664.0719020172912,334.4346541786743,498.6827809798272
std,286.6662474185461,236.29533670291903,234.19507375144693,228.79011674845256
min,0.0,5.0,0.0,4.0
max,999.0,999.0,993.0,998.0
