stats,Open,High,Low,Close
count,10880.0,10880.0,10880.0,10880.0
mean,494.8562499999998,665.312132352941,331.94742647058814,497.558639705882
std,288.53243014954774,237.95943037523594,236.60194187218215,230.66126193591813
min,0.0,4.0,0.0,2.0
max,999.0,999.0,985.0,996.0
