stats,Open,High,Low,Close
count,13376.0,13376.0,13376.0,13376.0
mean,501.33328349282334,667.0761812200956,336.2068630382774,501.2255532296647
std,291.8047331000698,236.9220406297708,237.60737969753194,231.23260910706372
min,0.0,3.0,0.0,2.0
max,999.0,999.0,996.0,998.0
