stats,Open,High,Low,Close
count,17300.0,17300.0,17300.0,17300.0
mean,497.7454913294796,663.98225433526,333.4542774566475,498.21265895953763
std,287.00416361083836,234.2087213588219,235.94320297594865,229.64482923407465
min,0.0,7.0,0.0,4.0
max,999.0,999.0,991.0,994.0
