stats,Open,High,Low,Close
count,15084.0,15084.0,15084.0,15084.0
mean,501.981835057014,665.6656059400688,335.284805091488,500.765910898966
std,291.3795021204658,237.28392632678714,236.60204544913765,232.97362476113568
min,0.0,15.0,0.0,1.0
max,999.0,999.0,994.0,998.0
