stats,Open,High,Low,Close
count,19775.0,19775.0,19775.0,19775.0
mean,498.32439949431074,666.9448798988623,331.19534766118795,499.5514032869784
std,287.36903745626825,235.02476320650482,234.5950857794588,229.83779724472205
min,0.0,4.0,0.0,3.0
max,999.0,999.0,994.0,994.0
