stats,Open,High,Low,Close
count,16620.0,16620.0,16620.0,16620.0
mean,500.67346570397126,665.5626353790615,330.090794223827,499.11853188929007
std,287.44982885654247,235.5993528115553,232.0489186428816,227.4236624962393
min,0.0,16.0,0.0,1.0
max,999.0,999.0,999.0,999.0
