stats,Open,High,Low,Close
count,13597.0,13597.0,13597.0,13597.0
mean,499.5515187173644,666.2876369787458,332.03044789291766,501.12877840700196
std,288.3444270613261,235.8080874523947,236.04613184777034,231.0544652133846
min,0.0,1.0,0.0,1.0
max,999.0,999.0,996.0,998.0
