stats,Open,High,Low,Close
count,10253.0,10253.0,10253.0,10253.0
mean,498.89125134107104,667.0444747878671,335.3224422120355,499.5461816053838
std,289.6166873130006,236.02580085549684,235.98055074164625,230.553998561578
min,0.0,3.0,0.0,1.0
max,999.0,999.0,986.0,993.0
