stats,Open,High,Low,Close
count,13711.0,13711.0,13711.0,13711.0
mean,498.7130770913866,664.7044708628109,330.619356720881,497.72314200277174
std,287.1169549571589,236.45385597211174,234.07475231948894,229.66590853653688
min,0.0,7.0,0.0,1.0
max,999.0,999.0,990.0,997.0
