stats,Open,High,Low,Close
count,12554.0,12554.0,12554.0,12554.0
mean,498.17364983272256,664.3238808347937,334.3743826668791,498.2916998566193
std,288.61438073977695,237.2353009038564,235.97158324378663,231.02350964499934
min,0.0,6.0,0.0,3.0
max,999.0,999.0,993.0,999.0
