stats,Open,High,Low,Close
count,18296.0,18296.0,18296.0,18296.0
mean,493.4211303017056,664.2916484477482,329.1004591167467,495.9010166156538
std,288.26141420304623,234.84109794184195,234.81666627182335,229.48789546419502
min,0.0,1.0,0.0,1.0
max,999.0,999.0,998.0,998.0
