stats,Open,High,Low,Close
count,13575.0,13575.0,13575.0,13575.0
mean,498.6567955801108,664.6749907918971,331.4089871086562,497.22858195211785
std,290.36152912057327,237.30391998243118,236.6725347534305,231.01864861802213
min,0.0,5.0,0.0,4.0
max,999.0,999.0,992.0,996.0
