stats,Open,High,Low,Close
count,19056.0,19056.0,19056.0,19056.0
mean,497.76695004198217,664.0053001679261,332.41650923593613,499.38281905961355
std,287.3573353057741,234.4397441174755,235.90107657771995,228.4418943608734
min,0.0,14.0,0.0,4.0
max,999.0,999.0,997.0,997.0
