stats,Open,High,Low,Close
count,18514.0,18514.0,18514.0,18514.0
mean,497.16209355082674,667.2888084692659,329.23619963271057,498.0166360591986
std,289.71364320759847,235.61834011951598,235.34225547180213,229.8673767731265
min,0.0,7.0,0.0,7.0
max,999.0,999.0,993.0,996.0
