stats,Open,High,Low,Close
count,15081.0,15081.0,15081.0,15081.0
mean,501.1249917114247,666.8488827000859,333.7156687222328,499.6020157814466
std,287.9650398061751,234.36115102902446,234.62271265501877,228.3077439514283
min,0.0,7.0,0.0,3.0
max,999.0,999.0,989.0,995.0
