stats,Open,High,Low,Close
count,18278.0,18278.0,18278.0,18278.0
mean,499.0266987635411,665.0698107013897,332.13393150235197,496.58753692964257
std,288.4422219634765,235.49442608117178,235.29639315559794,229.60900124564765
min,0.0,3.0,0.0,2.0
max,999.0,999.0,995.0,998.0
