stats,Open,High,Low,Close
count,10888.0,10888.0,10888.0,10888.0
mean,498.2650624540776,666.0895481263775,332.46170095517977,499.976487876561
std,290.483843169043,236.09234634681317,235.27559203951313,230.18912954681994
min,0.0,9.0,0.0,3.0
max,999.0,999.0,994.0,996.0
