stats,Open,High,Low,Close
count,14571.0,14571.0,14571.0,14571.0
mean,502.51087777091493,663.5129366549997,333.8871045226822,498.76816965204864
std,287.65091578117915,236.29032435929983,235.62927929397898,230.06551614952016
min,0.0,7.0,0.0,4.0
max,999.0,999.0,993.0,999.0
