stats,Open,High,Low,Close
count,15656.0,15656.0,15656.0,15656.0
mean,499.852133367399,665.2414409810935,332.26724578436387,498.86126724578463
std,287.77137456176297,236.4399519305672,234.81803087360376,229.7302833956982
min,0.0,6.0,0.0,2.0
max,999.0,999.0,994.0,997.0
