stats,Open,High,Low,Close
count,18532.0,18532.0,18532.0,18532.0
mean,500.8754047053744,667.1329052449819,334.16382473559247,499.707532916037
std,289.83173625621356,235.15129202626073,237.22701799411672,230.99013260149863
min,0.0,9.0,0.0,3.0
max,999.0,999.0,995.0,997.0
