stats,Open,High,Low,Close
count,17904.0,17904.0,17904.0,17904.0
mean,498.2964142091155,668.4297922252013,330.0778038427169,500.3104892761392
std,288.76509020984537,234.18686914606673,234.41579712072837,228.52380920612606
min,0.0,5.0,0.0,4.0
max,999.0,999.0,994.0,998.0
