stats,Open,High,Low,Close
count,14135.0,14135.0,14135.0,14135.0
mean,502.29296073576256,664.1467279801911,333.6786699681641,499.2716660771137
std,287.7866996734845,236.04964631045195,234.55090152920783,228.99538146436993
min,0.0,3.0,0.0,2.0
max,999.0,999.0,997.0,997.0
