stats,Open,High,Low,Close
count,15771.0,15771.0,15771.0,15771.0
mean,496.9208674148751,666.111153382791,330.1146407963983,497.5779595460025
std,288.76978862184615,236.3462251014998,233.66841819005887,229.02370401457085
min,0.0,2.0,0.0,1.0
max,999.0,999.0,990.0,999.0
