stats,Open,High,Low,Close
count,12987.0,12987.0,12987.0,12987.0
mean,497.4622314622313,668.9489489489487,328.0916300916305,499.3040733040735
std,288.7493150923697,234.07278850451158,233.1259604968618,228.57735245161612
min,0.0,15.0,0.0,2.0
max,999.0,999.0,999.0,999.0
