stats,Open,High,Low,Close
count,12154.0,12154.0,12154.0,12154.0
mean,500.0564423235147,666.6677636991938,332.8527233832482,498.44454500575944
std,288.64016641163664,233.7253021443936,234.7716469018243,228.28067860368006
min,0.0,1.0,0.0,1.0
max,999.0,999.0,995.0,995.0
