stats,Open,High,Low,Close
count,16344.0,16344.0,16344.0,16344.0
mean,496.2141458639257,665.8739598629464,332.4151370533529,497.95600832109653
std,290.2786041415435,236.91850532495698,237.09641611867775,230.79062244765728
min,0.0,1.0,0.0,1.0
max,999.0,999.0,995.0,995.0
