stats,Open,High,Low,Close
count,17944.0,17944.0,17944.0,17944.0
mean,499.2520619705747,667.1751003120827,332.84529647793113,498.8734395898346
std,289.0450624872016,235.988805840245,236.43918967989745,230.43908370100218
min,0.0,6.0,0.0,3.0
max,999.0,999.0,994.0,998.0
