stats,Open,High,Low,Close
count,14920.0,14920.0,14920.0,14920.0
mean,503.8639410187663,668.6555630026807,333.36655495978516,501.99383378016057
std,288.3752517062682,234.42594343025488,236.58129848392508,230.69269546763036
min,0.0,13.0,0.0,2.0
max,999.0,999.0,993.0,998.0
