stats,Open,High,Low,Close
count,11008.0,11008.0,11008.0,11008.0
mean,499.31958575581416,663.8041424418603,332.69503997093045,497.63144985465124
std,288.84333916427585,235.95112190444067,237.6935887677465,230.82991586519304
min,0.0,1.0,0.0,1.0
max,999.0,999.0,991.0,995.0
