stats,Open,High,Low,Close
count,13417.0,13417.0,13417.0,13417.0
mean,500.13602146530525,670.2496832376835,331.1039725721104,501.9246478348367
std,289.8353819936385,234.1574018608841,236.88502339354235,230.32361647888635
min,0.0,5.0,0.0,4.0
max,999.0,999.0,990.0,996.0
