stats,Open,High,Low,Close
count,11844.0,11844.0,11844.0,11844.0
mean,498.0924518743667,665.6034278959809,333.08333333333326,499.567544748396
std,289.7090714696398,237.84800167140742,235.75572247861865,231.43819479721512
min,0.0,4.0,0.0,3.0
max,999.0,999.0,992.0,999.0
