stats,Open,High,Low,Close
count,17778.0,17778.0,17778.0,17778.0
mean,496.79367757903094,666.2602654966813,332.1408482393972,498.8901451231858
std,290.09142194870975,237.4939462700246,235.1155036751152,230.9276915409874
min,0.0,4.0,0.0,1.0
max,999.0,999.0,994.0,999.0
