stats,Open,High,Low,Close
count,17365.0,17365.0,17365.0,17365.0
mean,497.09864670313857,664.9408580477971,331.7402821767922,496.69098761877314
std,288.81881676242085,235.94802261714747,233.8375180223796,230.5702532053648
min,0.0,12.0,0.0,5.0
max,999.0,999.0,989.0,995.0
