stats,Open,High,Low,Close
count,13623.0,13623.0,13623.0,13623.0
mean,499.4352932540557,666.2836379652053,333.392277765544,500.3813403802402
std,288.623849032675,235.29404128194227,235.64000101193858,228.83780950281727
min,0.0,7.0,0.0,6.0
max,999.0,999.0,995.0,998.0
