stats,Open,High,Low,Close
count,15527.0,15527.0,15527.0,15527.0
mean,502.63077220325965,668.7105686868041,335.4721452952927,502.6128679075155
std,287.4551064890355,233.83225028578448,236.80330816226254,229.24222012567418
min,0.0,2.0,0.0,2.0
max,999.0,999.0,989.0,998.0
