stats,Open,High,Low,Close
count,12776.0,12776.0,12776.0,12776.0
mean,494.3531621790855,663.4156230432062,329.03968378209123,496.9353475266123
std,288.9130445001876,235.81573439943259,233.2579172489557,228.16485793187542
min,0.0,7.0,0.0,2.0
max,999.0,999.0,995.0,998.0
