stats,Open,High,Low,Close
count,19649.0,19649.0,19649.0,19649.0
mean,500.11038729706354,665.8378034505573,332.64064328973495,498.9836123975773
std,289.15967873668495,236.39589062635602,236.56647812827651,230.83410492052957
min,0.0,5.0,0.0,2.0
max,999.0,999.0,993.0,996.0
