stats,Open,High,Low,Close
count,12414.0,12414.0,12414.0,12414.0
mean,502.5948123086838,666.1966328338974,333.88061865635564,496.8563718382472
std,289.6065104091024,236.6023188735108,237.19412245281643,229.57761960063246
min,0.0,10.0,0.0,2.0
max,999.0,999.0,990.0,995.0
