stats,Open,High,Low,Close
count,14116.0,14116.0,14116.0,14116.0
mean,501.31439501275094,665.9562907339185,333.43645508642686,498.8477614054973
std,288.5433062523935,235.72312601492652,236.26098221679686,230.19099399995247
min,0.0,11.0,0.0,4.0
max,999.0,999.0,997.0,997.0
