stats,Open,High,Low,Close
count,11133.0,11133.0,11133.0,11133.0
mean,493.603161771311,663.3563280337737,329.8050839845504,497.5633701607829
std,288.74377988934276,236.91998438645655,234.22288942899866,229.1032520167544
min,0.0,6.0,0.0,6.0
max,999.0,999.0,992.0,994.0
