stats,Open,High,Low,Close
count,15147.0,15147.0,15147.0,15147.0
mean,500.2840166369583,666.7384960718292,331.548821548821,498.4683435663827
std,288.40015869577365,237.129881485751,236.28734024503487,230.55848716170385
min,0.0,4.0,0.0,4.0
max,999.0,999.0,997.0,997.0
