stats,Open,High,Low,Close
count,19373.0,19373.0,19373.0,19373.0
mean,499.4839209208691,665.6964331801993,333.8954730810917,499.4672482320761
std,287.08581853205084,235.1330881814151,234.48349243584622,228.27144995870793
min,0.0,4.0,0.0,1.0
max,999.0,999.0,993.0,997.0
