stats,Open,High,Low,Close
count,14303.0,14303.0,14303.0,14303.0
mean,495.1017269104386,664.6061665384885,330.93518842201,498.98517793469915
std,289.1791706078101,236.92929893927183,234.85214361573412,229.4125450971979
min,0.0,8.0,0.0,4.0
max,999.0,999.0,998.0,998.0
