stats,Open,High,Low,Close
count,17906.0,17906.0,17906.0,17906.0
mean,499.6089020440079,665.8198927733722,335.0983469228189,501.3093376521839
std,288.2504918581503,234.68155923476021,237.52880003643895,229.8092668079178
min,0.0,2.0,0.0,0.0
max,999.0,999.0,997.0,998.0
