stats,Open,High,Low,Close
count,15395.0,15395.0,15395.0,15395.0
mean,501.78369600519625,666.4930821695355,335.6216303994802,499.18090289054913
std,287.7780689153743,236.20088703654082,235.5367253315963,229.33708080924822
min,0.0,9.0,0.0,4.0
max,999.0,999.0,998.0,998.0
