stats,Open,High,Low,Close
count,15769.0,15769.0,15769.0,15769.0
mean,498.5252711015281,664.8804616652928,332.5803792250614,499.25791109138186
std,287.8013436480062,236.1309957161265,235.43371065701754,228.8915636816519
min,0.0,7.0,0.0,5.0
max,999.0,999.0,993.0,997.0
