stats,Open,High,Low,Close
count,15831.0,15831.0,15831.0,15831.0
mean,493.5545448802982,661.8409449813654,328.94460236245334,496.1529277998862
std,288.2575003750243,236.12038530162587,234.0817867902221,229.41289107226015
min,0.0,5.0,0.0,2.0
max,999.0,999.0,992.0,997.0
