stats,Open,High,Low,Close
count,10648.0,10648.0,10648.0,10648.0
mean,498.2497182569498,665.4538880540945,335.06151389932404,497.89716378662644
std,288.3865463772766,234.07422714026356,238.716968382133,230.7328995402429
min,0.0,2.0,0.0,2.0
max,999.0,999.0,989.0,995.0
