stats,Open,High,Low,Close
count,12902.0,12902.0,12902.0,12902.0
mean,499.6640055805303,665.3620368935052,335.05355758797134,499.69035808401816
std,285.3634896958449,233.49554645346285,235.00325933082115,229.30306239839155
min,0.0,3.0,0.0,0.0
max,999.0,999.0,990.0,990.0
