stats,Open,High,Low,Close
count,13969.0,13969.0,13969.0,13969.0
mean,499.6918891831912,665.01610709428,333.0774572267166,499.3510630682228
std,287.2359081253566,234.4803446530882,235.80574896528785,230.12846722030224
min,0.0,6.0,0.0,2.0
max,999.0,999.0,983.0,995.0
