stats,Open,High,Low,Close
count,14363.0,14363.0,14363.0,14363.0
mean,496.59200724082746,662.4868063774978,332.6320406600294,496.82357446215974
std,288.9156411113211,236.40375628850342,234.95428929265813,229.54119380427298
min,0.0,9.0,0.0,1.0
max,999.0,999.0,989.0,997.0
