stats,Open,High,Low,Close
count,14260.0,14260.0,14260.0,14260.0
mean,499.6814165497898,665.0470546984569,333.79530154277666,499.85820476858345
std,288.7654749470267,235.06608415373296,235.60514655259124,229.21341563579975
min,0.0,6.0,0.0,1.0
max,999.0,999.0,981.0,999.0
