stats,Open,High,Low,Close
count,15199.0,15199.0,15199.0,15199.0
mean,499.39186788604513,667.2877820909271,330.30120402658076,499.03973945654315
std,288.3692711780093,235.09223609268264,233.9473993200936,229.22346210236032
min,0.0,7.0,0.0,4.0
max,999.0,999.0,983.0,994.0
