stats,Open,High,Low,Close
count,14072.0,14072.0,14072.0,14072.0
mean,498.6418419556567,666.9282973280272,330.9088260375215,498.91777998862995
std,290.26399273695773,235.93938141593773,236.44534036074876,229.80374682472709
min,0.0,5.0,0.0,1.0
max,999.0,999.0,995.0,998.0
