stats,Open,High,Low,Close
count,16499.0,16499.0,16499.0,16499.0
mean,493.7168919328445,661.7950784896052,331.04163888720535,497.0060003636587
std,287.0743214859622,238.47952801165707,233.50974413453315,229.46178262705135
min,0.0,7.0,0.0,3.0
max,999.0,999.0,991.0,998.0
