stats,Open,High,Low,Close
count,12766.0,12766.0,12766.0,12766.0
mean,498.7684474385086,665.3647187842707,330.6838477205077,500.6663011123298
std,287.87665672867115,235.08435733206144,234.11572158564715,228.4979249773986
min,0.0,12.0,0.0,2.0
max,999.0,999.0,989.0,999.0
