stats,Open,High,Low,Close
count,19749.0,19749.0,19749.0,19749.0
mean,501.9932654817964,667.9161982885213,334.6592232518103,500.71259304268597
std,287.0465666422815,234.41859934714861,236.39110973944983,230.0503717020706
min,0.0,8.0,0.0,2.0
max,999.0,999.0,996.0,996.0
