stats,Open,High,Low,Close
count,18312.0,18312.0,18312.0,18312.0
mean,499.54423328964646,665.8519550021842,331.42824377457373,497.54554390563584
std,287.7383356438356,235.53306145436403,235.88052151675214,229.9296368967144
min,0.0,5.0,0.0,0.0
max,999.0,999.0,997.0,997.0
