stats,Open,High,Low,Close
count,13601.0,13601.0,13601.0,13601.0
mean,501.9913976913466,669.8478788324386,334.0904345268735,501.635688552312
std,287.6511515699608,234.7386707567064,236.34066992832916,228.31320139048975
min,0.0,3.0,0.0,3.0
max,999.0,999.0,992.0,996.0
