stats,Open,High,Low,Close
count,15224.0,15224.0,15224.0,15224.0
mean,497.8846558066208,667.1751839201265,332.26254598003146,499.79466631634284
std,288.73616147334707,234.8960070434879,236.49305645079627,229.45317442610005
min,0.0,9.0,0.0,2.0
max,999.0,999.0,993.0,998.0
