stats,Open,High,Low,Close
count,17057.0,17057.0,17057.0,17057.0
mean,500.93896933810163,665.7615055402476,333.4843759160466,501.10722870375787
std,288.03065753136104,234.8218407492267,235.65802275127723,229.58868910107674
min,0.0,4.0,0.0,3.0
max,999.0,999.0,995.0,996.0
