stats,Open,High,Low,Close
count,13193.0,13193.0,13193.0,13193.0
mean,503.01553854316666,669.6241188509057,338.35283862654444,503.1315849314029
std,287.5998568660819,235.62260288842805,236.39182279723545,229.72231529473189
min,0.0,4.0,0.0,2.0
max,999.0,999.0,988.0,999.0
