stats,Open,High,Low,Close
count,19033.0,19033.0,19033.0,19033.0
mean,497.7709241843116,665.0577418168444,332.8612410024695,499.0431356065779
std,289.18611324401746,235.79104756923044,236.21690644038634,229.0764082547981
min,0.0,4.0,0.0,3.0
max,999.0,999.0,997.0,998.0
