stats,Open,High,Low,Close
count,14549.0,14549.0,14549.0,14549.0
mean,500.64877311155317,666.238641831054,333.49886590143666,500.5462918413639
std,288.0971059940894,234.8025260652066,235.3671356926286,228.80780573526462
min,0.0,12.0,0.0,3.0
max,999.0,999.0,985.0,997.0
