stats,Open,High,Low,Close
count,11971.0,11971.0,11971.0,11971.0
mean,493.1536212513577,661.3562776710382,327.1410909698438,492.31626430540456
std,289.04021777763415,237.9100834541636,234.74617812680694,229.53841129011295
min,0.0,2.0,0.0,0.0
max,999.0,999.0,988.0,998.0
