stats,Open,High,Low,Close
count,17503.0,17503.0,17503.0,17503.0
mean,500.9285836713707,668.2889790321659,332.4484374107298,501.72547563274856
std,288.9065561965044,235.38763696929354,235.09462875869693,229.62941555887613
min,0.0,11.0,0.0,3.0
max,999.0,999.0,992.0,998.0
