stats,Open,High,Low,Close
count,16488.0,16488.0,16488.0,16488.0
mean,499.046639980592,669.1317928190201,331.0050339640954,499.4099344978165
std,289.21095559876096,234.6685057968357,237.86307310468695,228.53207985174356
min,0.0,5.0,0.0,2.0
max,999.0,999.0,999.0,999.0
