stats,Open,High,Low,Close
count,10048.0,10048.0,10048.0,10048.0
mean,497.93670382165607,668.5655851910827,332.4543192675163,500.4470541401272
std,288.5782679201588,233.53011369441393,236.3426133773464,228.86451546932207
min,0.0,3.0,0.0,0.0
max,999.0,999.0,991.0,997.0
