stats,Open,High,Low,Close
count,13786.0,13786.0,13786.0,13786.0
mean,500.41360800812436,666.2574350790654,333.5187871753955,497.97018714638045
std,289.0263770253584,235.65220208076406,234.65064620059877,228.46285047607662
min,0.0,7.0,0.0,1.0
max,999.0,999.0,985.0,997.0
