stats,Open,High,Low,Close
count,12633.0,12633.0,12633.0,12633.0
mean,500.3566848729515,667.6668249821896,332.8866460856488,500.58101796881175
std,287.65795352289683,235.2570668045985,236.8949173003015,231.2776292188304
min,0.0,9.0,0.0,2.0
max,999.0,999.0,990.0,997.0
