stats,Open,High,Low,Close
count,10080.0,10080.0,10080.0,10080.0
mean,500.32380952380925,664.9615079365079,334.65009920634935,500.15347222222215
std,285.78843013123657,233.92132212656225,236.05314003234278,228.30437261268088
min,0.0,9.0,0.0,1.0
max,999.0,999.0,991.0,996.0
