stats,Open,High,Low,Close
count,11296.0,11296.0,11296.0,11296.0
mean,500.08595963172826,664.8562322946177,331.3059490084987,497.0880842776203
std,287.2798672664452,234.05527708893482,234.1937890348668,228.49136093857683
min,0.0,14.0,0.0,6.0
max,999.0,999.0,991.0,997.0
