stats,Open,High,Low,Close
count,18163.0,18163.0,18163.0,18163.0
mean,498.6016076639323,663.7640257666689,333.7969498430878,498.52067389748385
std,286.7150456669417,234.40384363375182,235.14334043090494,229.34276148535875
min,0.0,11.0,0.0,1.0
max,999.0,999.0,995.0,997.0
