stats,Open,High,Low,Close
count,15350.0,15350.0,15350.0,15350.0
mean,493.69328990228036,660.0241042345276,331.17491856677503,495.1908794788274
std,287.3502678422437,238.09828013125454,233.09985570298886,229.29173108235017
min,0.0,3.0,0.0,3.0
max,999.0,999.0,992.0,994.0
