stats,Open,High,Low,Close
count,17166.0,17166.0,17166.0,17166.0
mean,496.5020389141328,661.205639053944,330.06442968659053,494.30997320284325
std,288.0092820449565,237.99128121143832,235.1905771038643,230.3016749811669
min,0.0,3.0,0.0,3.0
max,999.0,999.0,992.0,998.0
