stats,Open,High,Low,Close
count,14255.0,14255.0,14255.0,14255.0
mean,498.358891616977,666.9659768502281,333.0934408979309,501.7351806383723
std,288.29091171286973,234.5898920705641,236.98447102558646,229.02056042512928
min,0.0,10.0,0.0,1.0
max,999.0,999.0,997.0,997.0
