stats,Open,High,Low,Close
count,17882.0,17882.0,17882.0,17882.0
mean,500.00167766469065,667.1186668157926,332.99038138910595,500.0442903478357
std,289.35425135599866,235.36117603090932,235.7538200612789,229.97781105014909
min,0.0,4.0,0.0,4.0
max,999.0,999.0,985.0,992.0
