stats,Open,High,Low,Close
count,13834.0,13834.0,13834.0,13834.0
mean,497.0383114066794,662.8149486771719,334.86338007806876,496.64811334393505
std,287.84945950070534,236.4439659315047,234.9006889719298,228.74368476215528
min,0.0,4.0,0.0,4.0
max,999.0,999.0,993.0,996.0
