stats,Open,High,Low,Close
count,15903.0,15903.0,15903.0,15903.0
mean,496.77828082751677,663.7408665031753,332.8023643337737,498.61277746337186
std,288.767746177505,237.43572128070156,234.56202209753164,230.49247766264116
min,0.0,9.0,0.0,1.0
max,999.0,999.0,990.0,996.0
