stats,Open,High,Low,Close
count,15895.0,15895.0,15895.0,15895.0
mean,501.4250393205412,668.0770053475937,333.51783579742,499.56055363321786
std,289.3105043281022,235.68917144892706,234.60113250727971,228.76172589536196
min,0.0,4.0,0.0,3.0
max,999.0,999.0,991.0,994.0
