stats,Open,High,Low,Close
count,10099.0,10099.0,10099.0,10099.0
mean,500.1533815229229,668.214773739974,330.8245370828797,500.3878601841768
std,289.3408667932586,235.12688979230472,234.73049933119404,229.1322854891506
min,0.0,9.0,0.0,4.0
max,999.0,999.0,988.0,996.0
