stats,Open,High,Low,Close
count,11884.0,11884.0,11884.0,11884.0
mean,498.0135476270611,666.6998485358467,329.9923426455735,497.5195220464489
std,291.07044179820105,237.39178781917937,234.98332643981294,229.57187000298208
min,0.0,12.0,0.0,0.0
max,999.0,999.0,992.0,997.0
