stats,Open,High,Low,Close
count,17033.0,17033.0,17033.0,17033.0
mean,500.51999060646966,668.5194035108319,334.60964011037413,500.84166030646395
std,288.83073582133943,234.9255855713805,235.47620089301302,229.48092936984702
min,0.0,11.0,0.0,2.0
max,999.0,999.0,996.0,997.0
