stats,Open,High,Low,Close
count,10781.0,10781.0,10781.0,10781.0
mean,501.7011408960209,667.8515907615248,332.8136536499392,499.5773119376681
std,286.8744899997429,233.4677856046544,235.06508723056055,228.27909040877364
min,0.0,2.0,0.0,1.0
max,999.0,999.0,995.0,995.0
