stats,Open,High,Low,Close
count,13846.0,13846.0,13846.0,13846.0
mean,500.79271991910997,667.5421060234003,335.7908421204678,501.60508450093874
std,290.0297464359612,235.24895228744984,235.9797853690816,229.83357531908712
min,0.0,10.0,0.0,0.0
max,999.0,999.0,989.0,997.0
