stats,Open,High,Low,Close
count,19666.0,19666.0,19666.0,19666.0
mean,501.3197396521915,663.9758974880508,335.1948540628492,499.77382284145193
std,288.4968203128792,235.8855538969477,236.00479093328696,229.29966203553568
min,0.0,11.0,0.0,3.0
max,999.0,999.0,992.0,998.0
