stats,Open,High,Low,Close
count,12734.0,12734.0,12734.0,12734.0
mean,496.77634678812615,661.5276425318049,330.231349144024,494.7546725302341
std,287.4335089571861,236.28603475425217,234.59713876583157,228.61989166534403
min,0.0,4.0,0.0,2.0
max,999.0,999.0,993.0,999.0
