stats,Open,High,Low,Close
count,10929.0,10929.0,10929.0,10929.0
mean,505.89870985451597,668.3441302955441,336.88169091408173,504.3922591270931
std,287.57383622360874,233.2312856515919,236.15829074877053,229.55939068780833
min,0.0,11.0,0.0,5.0
max,999.0,999.0,988.0,996.0
