stats,Open,High,Low,Close
count,13592.0,13592.0,13592.0,13592.0
mean,494.13846380223663,664.0437021777519,333.24757210123596,498.3192319011184
std,288.71274331128683,236.63475984766683,236.8314522520155,229.05402194124932
min,0.0,10.0,0.0,3.0
max,999.0,999.0,995.0,996.0
