stats,Open,High,Low,Close
count,17822.0,17822.0,17822.0,17822.0
mean,499.9000673325108,669.6787678150598,334.74581977331377,502.310627314555
std,289.081272289749,233.5826423152245,236.39096521006917,228.98620732972708
min,0.0,7.0,0.0,1.0
max,999.0,999.0,989.0,995.0
