stats,Open,High,Low,Close
count,12685.0,12685.0,12685.0,12685.0
mean,499.9335435553804,665.1153330705555,333.20323216397315,498.1186440677968
std,287.3233647644184,235.69581867861547,235.34176321144108,228.89738109526343
min,0.0,6.0,0.0,6.0
max,999.0,999.0,995.0,995.0
