stats,Open,High,Low,Close
count,15509.0,15509.0,15509.0,15509.0
mean,497.8732993745562,664.9861370816947,331.6976594235607,497.2637823199429
std,289.7950006129725,236.17826299752207,234.98051951771245,229.07928439005602
min,0.0,7.0,0.0,1.0
max,999.0,999.0,990.0,996.0
