stats,Open,High,Low,Close
count,17492.0,17492.0,17492.0,17492.0
mean,499.12565744340304,667.8248342099242,330.0556254287682,497.67848159158467
std,289.57707681135633,234.841834856521,237.24962252891243,230.16250939679932
min,0.0,13.0,0.0,3.0
max,999.0,999.0,992.0,997.0
