stats,Open,High,Low,Close
count,16942.0,16942.0,16942.0,16942.0
mean,496.59491205288657,664.841459095738,330.23202691535863,497.196198795892
std,288.57003248642957,235.08631520198975,235.14515294832455,227.97114258872423
min,0.0,5.0,0.0,1.0
max,999.0,999.0,990.0,996.0
