stats,Open,High,Low,Close
count,15041.0,15041.0,15041.0,15041.0
mean,499.9732065687119,669.5050860979986,335.0146266870553,502.63300312479197
std,287.5410928313352,234.64061953655178,236.1486730783899,230.28477256334412
min,0.0,10.0,0.0,1.0
max,999.0,999.0,993.0,998.0
