stats,Open,High,Low,Close
count,10701.0,10701.0,10701.0,10701.0
mean,496.97990841977406,663.0476590972811,331.1906363891225,499.19091673675376
std,289.18084706039974,235.8678981802094,234.50046192923577,229.9084061743636
min,0.0,18.0,0.0,8.0
max,999.0,999.0,989.0,997.0
