stats,Open,High,Low,Close
count,13985.0,13985.0,13985.0,13985.0
mean,504.09038255273526,668.9988559170538,334.74865927779797,502.89352878083645
std,288.1013596501069,235.44583268826418,234.98726314401492,229.47269397793184
min,0.0,1.0,0.0,1.0
max,999.0,999.0,986.0,997.0
