stats,Open,High,Low,Close
count,19716.0,19716.0,19716.0,19716.0
mean,498.39713937918333,664.8931324812338,330.7308277541081,497.9802191113818
std,287.04770846279,233.218175349221,234.4962801996787,228.6539926467663
min,0.0,7.0,0.0,5.0
max,999.0,999.0,994.0,995.0
