stats,Open,High,Low,Close
count,17321.0,17321.0,17321.0,17321.0
mean,496.0738987356392,664.0206685526239,330.25177530165706,498.71843427053864
std,289.43294658068055,235.14205826169945,234.57267631567365,229.3956453671064
min,0.0,2.0,0.0,2.0
max,999.0,999.0,992.0,997.0
