stats,Open,High,Low,Close
count,12080.0,12080.0,12080.0,12080.0
mean,497.70612582781416,664.79892384106,334.3115894039738,499.08402317880797
std,286.85321567637493,234.2720718342829,236.175276899982,229.29495267486539
min,0.0,2.0,0.0,2.0
max,999.0,999.0,987.0,998.0
