stats,Open,High,Low,Close
count,19778.0,19778.0,19778.0,19778.0
mean,494.6815653756695,665.0535949034281,330.17858226312046,496.5040954596019
std,289.0624442099197,235.28650418134123,235.38055038896672,230.01006704801642
min,0.0,12.0,0.0,7.0
max,999.0,999.0,988.0,998.0
