stats,Open,High,Low,Close
count,16423.0,16423.0,16423.0,16423.0
mean,502.3281982585401,669.8224441332279,332.30359861170325,500.1199537234368
std,288.1306522128,236.1644244636279,234.94175075701455,228.96129128688094
min,0.0,8.0,0.0,7.0
max,999.0,999.0,997.0,997.0
