stats,Open,High,Low,Close
count,11241.0,11241.0,11241.0,11241.0
mean,502.95347389022317,669.3513922248909,334.2941019482252,500.7187082999731
std,289.0883733459576,236.3772897969178,237.6749907305538,230.4232228211185
min,0.0,1.0,0.0,0.0
max,999.0,999.0,994.0,997.0
