stats,Open,High,Low,Close
count,14986.0,14986.0,14986.0,14986.0
mean,503.8668090217531,669.4714400106769,331.94001067663197,501.7360202856
std,288.8808885645294,233.8755953047855,236.51305241346643,230.40587010330617
min,0.0,7.0,0.0,0.0
max,999.0,999.0,993.0,998.0
