stats,Open,High,Low,Close
count,18945.0,18945.0,18945.0,18945.0
mean,498.6617049353392,665.3066244391656,333.75223013987863,499.6643969385062
std,288.6956116573095,236.3782374213114,236.5640879851702,230.6986023687835
min,0.0,14.0,0.0,1.0
max,999.0,999.0,987.0,998.0
