stats,Open,High,Low,Close
count,17950.0,17950.0,17950.0,17950.0
mean,499.49281337047285,665.4418384401116,333.1257938718662,499.1285793871866
std,287.9750496196868,235.44873187546472,234.15137317805753,228.05037221636937
min,0.0,2.0,0.0,0.0
max,999.0,999.0,992.0,998.0
