stats,Open,High,Low,Close
count,12613.0,12613.0,12613.0,12613.0
mean,498.32791564259094,668.1794180607312,330.94267818916984,499.4110045191472
std,289.3877295043832,234.71204107968788,235.5017239199363,229.8844035397964
min,0.0,5.0,0.0,1.0
max,999.0,999.0,990.0,996.0
