stats,Open,High,Low,Close
count,19712.0,19712.0,19712.0,19712.0
mean,497.144734172078,664.5569703733768,330.22118506493445,495.66852678571445
std,290.06130114663824,237.4801979170749,235.2611668592756,230.13837922235098
min,0.0,2.0,0.0,2.0
max,999.0,999.0,988.0,998.0
