stats,Open,High,Low,Close
count,12019.0,12019.0,12019.0,12019.0
mean,502.85481321241394,667.2335468840997,330.84657625426394,499.8603877194444
std,290.1664512825584,236.20956517776557,236.03268724136774,230.12162082326694
min,0.0,6.0,0.0,5.0
max,999.0,999.0,997.0,997.0
