stats,Open,High,Low,Close
count,13024.0,13024.0,13024.0,13024.0
mean,503.95247235872256,668.8001382063879,334.33745393120415,500.9983875921377
std,290.72839328554886,236.02688290536702,238.8229065701212,232.0250400486188
min,0.0,6.0,0.0,4.0
max,999.0,999.0,996.0,996.0
