stats,Open,High,Low,Close
count,15962.0,15962.0,15962.0,15962.0
mean,498.4361608820952,666.5947876205992,329.3441924570851,497.2041097606816
std,288.82088893654065,236.22277725507294,234.37435161747527,229.55706976879247
min,0.0,4.0,0.0,3.0
max,999.0,999.0,996.0,998.0
