stats,Open,High,Low,Close
count,11083.0,11083.0,11083.0,11083.0
mean,503.2396463051522,667.4954434719842,335.75457908508514,502.15050076694047
std,289.0052095449924,235.75093047533673,237.4360538454176,230.15584453646497
min,0.0,5.0,0.0,0.0
max,999.0,999.0,994.0,996.0
