stats,Open,High,Low,Close
count,14253.0,14253.0,14253.0,14253.0
mean,497.8974251034863,663.5169438013048,332.2395285203111,497.36378306321495
std,288.75109607381063,237.59594737663414,236.17113370572707,229.98686718672005
min,0.0,11.0,0.0,4.0
max,999.0,999.0,994.0,996.0
