stats,Open,High,Low,Close
count,13909.0,13909.0,13909.0,13909.0
mean,496.7222661586025,665.5469120713209,333.29355093824165,498.66403048385916
std,287.48182372601144,234.788790809731,234.85657731705643,228.02734457624447
min,0.0,6.0,0.0,1.0
max,999.0,999.0,990.0,995.0
