stats,Open,High,Low,Close
count,17660.0,17660.0,17660.0,17660.0
mean,495.8267836919594,664.4266704416757,329.80498301245706,496.12678369195913
std,288.0672354769784,236.0161430907528,233.8691541549724,230.16275742444085
min,0.0,5.0,0.0,0.0
max,999.0,999.0,988.0,999.0
