stats,Open,High,Low,Close
count,18500.0,18500.0,18500.0,18500.0
mean,498.0454054054049,666.4792432432426,331.850108108108,498.4075675675679
std,289.0257063025628,236.59017776116752,235.75336413850155,231.3408552894344
min,0.0,8.0,0.0,0.0
max,999.0,999.0,997.0,997.0
