stats,Open,High,Low,Close
count,17334.0,17334.0,17334.0,17334.0
mean,500.9824045229027,667.6434752509517,334.8762547594323,500.6140533056419
std,290.018570680975,234.76608108858605,237.1803017989504,231.511039586058
min,0.0,5.0,0.0,5.0
max,999.0,999.0,996.0,998.0
