stats,Open,High,Low,Close
count,10504.0,10504.0,10504.0,10504.0
mean,496.55854912414287,663.8521515613098,326.88994668697603,493.48952779893364
std,287.63964232728546,236.6283488360031,232.74133633089636,228.9629258373159
min,0.0,3.0,0.0,3.0
max,999.0,999.0,992.0,995.0
