stats,Open,High,Low,Close
count,10678.0,10678.0,10678.0,10678.0
mean,502.3028657051882,668.4462446150964,334.9835175126429,500.6490915901856
std,289.7310820237189,235.7554393917793,237.75057491289948,230.21941843863544
min,0.0,19.0,0.0,10.0
max,999.0,999.0,997.0,997.0
