stats,Open,High,Low,Close
count,14227.0,14227.0,14227.0,14227.0
mean,500.2350460392211,667.5135306108109,333.23335910592556,500.05974555422756
std,288.03372075847614,234.56434489388656,236.16903800457,229.90855785536885
min,0.0,2.0,0.0,2.0
max,999.0,999.0,998.0,998.0
