stats,Open,High,Low,Close
count,12570.0,12570.0,12570.0,12570.0
mean,503.8350039777245,665.4380270485285,333.93484486873564,499.8486873508357
std,289.38899061765187,236.65470142489434,237.30607940643145,231.1782964339226
min,0.0,11.0,0.0,8.0
max,999.0,999.0,984.0,999.0
