stats,Open,High,Low,Close
count,12716.0,12716.0,12716.0,12716.0
mean,501.026344762504,667.0886284995278,335.29529726328997,501.5147845234355
std,289.68868508212245,235.10025323096377,236.7239687271634,229.28675234960414
min,0.0,5.0,0.0,1.0
max,999.0,999.0,987.0,997.0
