stats,Open,High,Low,Close
count,13406.0,13406.0,13406.0,13406.0
mean,503.3999701626139,666.1857377293751,333.7510070117856,500.3120990601224
std,289.0508336532818,237.05018952655033,235.99023694417016,230.7599746955422
min,0.0,14.0,0.0,4.0
max,999.0,999.0,990.0,995.0
