stats,Open,High,Low,Close
count,11083,11083,11083,11083
mean,503.239646305152,667.4954434719841,335.75457908508525,502.15050076694035
std,289.0052095449923,235.75093047533673,237.4360538454176,230.155844536465
min,0.0,5.0,0.0,0.0
max,999.0,999.0,994.0,996.0
