stats,Open,High,Low,Close
count,12463,12463,12463,12463
mean,497.63660434887265,664.3280911498034,333.07165209018694,498.1017411538153
std,287.9240152883567,235.63467351151874,235.2250422371758,229.0739808468618
min,0.0,5.0,0.0,4.0
max,999.0,999.0,988.0,997.0
