stats,Open,High,Low,Close
count,11100,11100,11100,11100
mean,499.4218018018018,665.6161261261261,331.3255855855856,498.47711711711713
std,286.59146957285276,235.53869057055536,234.86739138033644,227.89496223249674
min,0.0,6.0,0.0,5.0
max,999.0,999.0,991.0,999.0
