stats,Open,High,Low,Close
count,19221,19221,19221,19221
mean,502.5682846886218,667.7095884709432,335.3058633785963,501.81686696841996
std,288.3293818651508,234.9873316623071,235.49313556998354,229.39769090307115
min,0.0,3.0,0.0,1.0
max,999.0,999.0,993.0,997.0
