stats,Open,High,Low,Close
count,15135,15135,15135,15135
mean,498.66164519326065,665.222860918401,333.2356788899901,498.2451271886356
std,288.7819114036991,237.13498980341544,235.87152518503592,230.42635951912095
min,0.0,10.0,0.0,4.0
max,999.0,999.0,989.0,994.0
