stats,Open,High,Low,Close
count,16101,16101,16101,16101
mean,501.0420470778213,663.4624557480902,333.47860381342775,497.91783119060926
std,287.7068051810068,235.19161879193086,236.71440872247993,228.52974150200401
min,0.0,9.0,0.0,4.0
max,999.0,999.0,993.0,998.0
