stats,Open,High,Low,Close
count,19134,19134,19134,19134
mean,496.72274485209573,662.9253684540608,329.43336469112575,495.5578551269991
std,289.51322093108695,236.80553876677234,234.1494144454799,229.6213733366309
min,0.0,4.0,0.0,2.0
max,999.0,999.0,995.0,996.0
