stats,Open,High,Low,Close
count,12407,12407,12407,12407
mean,497.0285322801644,665.2027081486258,334.0325622632385,500.4936729265737
std,287.29609818647924,235.16319296310252,235.8359533152142,228.79990780551216
min,0.0,4.0,0.0,3.0
max,999.0,999.0,992.0,995.0
