stats,Open,High,Low,Close
count,13439,13439,13439,13439
mean,500.2739043083563,666.6781754594836,334.7727509487313,500.1858769253665
std,287.59731468818245,234.257040130042,234.97389283839,227.93008730109722
min,0.0,3.0,0.0,2.0
max,999.0,999.0,997.0,997.0
