stats,Open,High,Low,Close
count,18460,18460,18460,18460
mean,497.0521668472373,664.8374322860238,332.1114842903575,497.66565547128926
std,289.72973266345485,235.994488997337,235.44361695303357,230.66348600086354
min,0.0,11.0,0.0,3.0
max,999.0,999.0,997.0,999.0
