stats,Open,High,Low,Close
count,19284,19284,19284,19284
mean,502.38799004355945,665.5354698195396,335.3146650072599,500.45960381663554
std,287.5917811248786,234.43516554982753,236.08485363111396,229.7763891314797
min,0.0,4.0,0.0,2.0
max,999.0,999.0,998.0,998.0
