stats,Open,High,Low,Close
count,13909,13909,13909,13909
mean,496.72226615860234,665.5469120713208,333.2935509382414,498.6640304838594
std,287.48182372601127,234.78879080973107,234.85657731705643,228.02734457624433
min,0.0,6.0,0.0,1.0
max,999.0,999.0,990.0,995.0
