stats,Open,High,Low,Close
count,14303,14303,14303,14303
mean,495.10172691043834,664.6061665384884,330.9351884220094,498.98517793469904
std,289.1791706078101,236.92929893927175,234.852143615734,229.41254509719792
min,0.0,8.0,0.0,4.0
max,999.0,999.0,998.0,998.0
