stats,Open,High,Low,Close
count,17642,17642,17642,17642
mean,496.3934928012697,664.7782564335109,330.8878811926086,496.7481011223217
std,288.9182616924743,236.91917087619686,234.22840197234095,230.144945930789
min,0.0,5.0,0.0,2.0
max,999.0,999.0,991.0,999.0
