stats,Open,High,Low,Close
count,15242,15242,15242,15242
mean,500.142369767747,664.8446398110484,331.2917596115995,496.95217163101955
std,288.4870455979432,236.32257911726225,235.40065305592668,229.24695448264055
min,0.0,6.0,0.0,3.0
max,999.0,999.0,997.0,997.0
