stats,Open,High,Low,Close
count,17178,17178,17178,17178
mean,501.0303877052043,665.4990685760857,334.7203981837234,500.07853067877517
std,289.5043542945015,237.34414569005017,237.18496024419554,230.69181261965184
min,0.0,2.0,0.0,2.0
max,999.0,999.0,989.0,994.0
