stats,Open,High,Low,Close
count,11624,11624,11624,11624
mean,498.7241913282863,666.1728320715761,330.4875258086717,498.5211631108052
std,291.52236090943717,235.86960763144648,236.23899724850537,230.60872146051196
min,0.0,8.0,0.0,5.0
max,999.0,999.0,998.0,998.0
