stats,Open,High,Low,Close
count,13597,13597,13597,13597
mean,499.5515187173641,666.2876369787454,332.03044789291755,501.12877840700156
std,288.344427061326,235.8080874523947,236.04613184777028,231.05446521338467
min,0.0,1.0,0.0,1.0
max,999.0,999.0,996.0,998.0
