stats,Open,High,Low,Close
count,19469,19469,19469,19469
mean,499.5190302532231,664.7857619805845,333.5222148030202,499.4300683137295
std,287.51837598604567,235.51224236620195,237.04453473257658,229.75586287509253
min,0.0,5.0,0.0,2.0
max,999.0,999.0,997.0,998.0
