stats,Open,High,Low,Close
count,16011,16011,16011,16011
mean,498.77665355068393,665.7053900443445,331.9599025669852,498.7835862844295
std,287.3959632323788,236.7520855009709,234.82013958531942,229.61778375437177
min,0.0,9.0,0.0,2.0
max,999.0,999.0,997.0,999.0
