stats,Open,High,Low,Close
count,15350,15350,15350,15350
mean,493.6932899022801,660.0241042345277,331.17491856677526,495.19087947882736
std,287.35026784224385,238.09828013125443,233.0998557029888,229.29173108235014
min,0.0,3.0,0.0,3.0
max,999.0,999.0,992.0,994.0
