stats,Open,High,Low,Close
count,18804,18804,18804,18804
mean,498.43469474579877,664.4866517762179,331.85753031269945,498.15996596468835
std,288.7970018557447,235.56404495626637,235.4537809678652,230.13762058140333
min,0.0,9.0,0.0,0.0
max,999.0,999.0,991.0,998.0
