stats,Open,High,Low,Close
count,13727,13727,13727,13727
mean,498.86151380491003,666.1972754425584,332.66656953449404,499.64107233918554
std,289.7430005920484,237.19949658177302,235.61931483805148,229.87372737638958
min,0.0,2.0,0.0,0.0
max,999.0,999.0,992.0,995.0
