stats,Open,High,Low,Close
count,14448,14448,14448,14448
mean,498.1904761904762,669.6300526024363,330.3296650055371,499.35271317829455
std,287.71753400434034,233.37669887244803,234.74332121952327,228.838708711329
min,0.0,12.0,0.0,0.0
max,999.0,999.0,996.0,996.0
