stats,Open,High,Low,Close
count,14699,14699,14699,14699
mean,501.3865569086332,668.0659228518947,334.43159398598544,501.1528675420097
std,288.81349513073536,236.0818603574166,237.4944718606293,231.23743150343458
min,0.0,14.0,0.0,2.0
max,999.0,999.0,991.0,994.0
