stats,Open,High,Low,Close
count,12217,12217,12217,12217
mean,502.30645821396416,668.219202750266,332.46116067774415,500.6505688794303
std,290.44520404671295,234.92359125360687,236.852415270034,230.3609069534197
min,0.0,7.0,0.0,2.0
max,999.0,999.0,984.0,995.0
