stats,Open,High,Low,Close
count,19196,19196,19196,19196
mean,503.28182954782244,666.7552094186289,335.10429256095017,501.6527401541988
std,288.5358576438013,234.92829216696572,238.1488996862931,229.99813754706153
min,0.0,4.0,0.0,2.0
max,999.0,999.0,989.0,997.0
