stats,Open,High,Low,Close
count,19033,19033,19033,19033
mean,497.77092418431147,665.0577418168444,332.8612410024694,499.04313560657806
std,289.18611324401746,235.79104756923044,236.21690644038634,229.07640825479803
min,0.0,4.0,0.0,3.0
max,999.0,999.0,997.0,998.0
