stats,Open,High,Low,Close
count,18385,18385,18385,18385
mean,498.2258906717433,665.559097090019,331.66178950231165,500.49741637204244
std,287.46410386987435,233.66452771492618,234.0572574647671,227.52101110513684
min,0.0,1.0,0.0,0.0
max,999.0,999.0,994.0,997.0
