stats,Open,High,Low,Close
count,10587,10587,10587,10587
mean,495.2057240011335,663.5913856616605,332.50911495229997,498.4531973174648
std,289.50246641272525,238.21215547470467,237.51094317275098,232.86880261829674
min,0.0,9.0,0.0,4.0
max,999.0,999.0,992.0,994.0
