stats,Open,High,Low,Close
count,17347,17347,17347,17347
mean,497.1645817720643,663.5624603677869,329.1014008185853,495.9598201418113
std,288.7248504487172,236.19070828206705,234.24788600836192,229.790817075622
min,0.0,3.0,0.0,1.0
max,999.0,999.0,994.0,996.0
