stats,Open,High,Low,Close
count,19878,19878,19878,19878
mean,496.25616259181004,663.9173458094376,332.61585672602877,497.1102726632458
std,287.74980307272114,235.58930286763078,234.67283818356898,229.09132842644064
min,0.0,11.0,0.0,2.0
max,999.0,999.0,994.0,997.0
