stats,Open,High,Low,Close
count,18808,18808,18808,18808
mean,501.0310506167588,666.2680774138664,336.1189919183326,502.2414929817099
std,287.7254594491603,235.28829761216326,236.24500757652575,229.88330860227245
min,0.0,6.0,0.0,5.0
max,999.0,999.0,992.0,999.0
