stats,Open,High,Low,Close
count,17589,17589,17589,17589
mean,500.6995849678776,667.1865370401956,332.33287850361023,502.16396611518564
std,289.337483309042,235.86517498220522,236.58045788726625,230.8498411147284
min,0.0,7.0,0.0,4.0
max,999.0,999.0,998.0,998.0
