stats,Open,High,Low,Close
count,13495,13495,13495,13495
mean,502.15339014449796,666.2417932567618,333.6609114486847,499.8726935902186
std,289.6144084705993,236.31122447871365,235.55076661474328,228.92563873952056
min,0.0,9.0,0.0,2.0
max,999.0,999.0,987.0,992.0
