stats,Open,High,Low,Close
count,13592,13592,13592,13592
mean,494.13846380223663,664.0437021777516,333.247572101236,498.3192319011183
std,288.71274331128683,236.63475984766703,236.83145225201568,229.05402194124935
min,0.0,10.0,0.0,3.0
max,999.0,999.0,995.0,996.0
