stats,Open,High,Low,Close
count,18514,18514,18514,18514
mean,497.1620935508264,667.2888084692665,329.2361996327104,498.01663605919845
std,289.71364320759847,235.61834011951612,235.342255471802,229.8673767731266
min,0.0,7.0,0.0,7.0
max,999.0,999.0,993.0,996.0
