stats,Open,High,Low,Close
count,13137,13137,13137,13137
mean,496.73509933774835,667.0538935830098,334.7847301514806,500.5686990941615
std,285.7518269205564,231.42546604467276,236.40022874329804,226.87051758339754
min,0.0,12.0,0.0,6.0
max,999.0,999.0,987.0,999.0
