stats,Open,High,Low,Close
count,19223,19223,19223,19223
mean,502.26379857462416,667.0155542839307,333.8352494407741,499.95188055974614
std,287.1217649019671,234.65114940267378,234.84091774060437,228.96373687676842
min,0.0,6.0,0.0,2.0
max,999.0,999.0,991.0,996.0
