stats,Open,High,Low,Close
count,15253,15253,15253,15253
mean,498.2942371992395,666.4724972136629,330.39729889202124,497.3900216350882
std,288.10972648292125,234.56511251341368,235.33178563293146,229.06581665174988
min,0.0,14.0,0.0,7.0
max,999.0,999.0,996.0,998.0
