stats,Open,High,Low,Close
count,11971,11971,11971,11971
mean,493.15362125135744,661.3562776710384,327.1410909698438,492.31626430540473
std,289.0402177776341,237.91008345416367,234.74617812680694,229.53841129011295
min,0.0,2.0,0.0,0.0
max,999.0,999.0,988.0,998.0
