stats,Open,High,Low,Close
count,18532,18532,18532,18532
mean,500.8754047053745,667.1329052449817,334.16382473559247,499.7075329160371
std,289.8317362562135,235.1512920262607,237.22701799411672,230.99013260149854
min,0.0,9.0,0.0,3.0
max,999.0,999.0,995.0,997.0
