stats,Open,High,Low,Close
count,18296,18296,18296,18296
mean,493.4211303017053,664.2916484477481,329.10045911674683,495.9010166156537
std,288.26141420304623,234.8410979418419,234.81666627182324,229.48789546419502
min,0.0,1.0,0.0,1.0
max,999.0,999.0,998.0,998.0
