stats,Open,High,Low,Close
count,18542,18542,18542,18542
mean,497.94391112069894,667.7831949088555,333.47438248301154,501.6005824614389
std,288.7141266302923,233.5272917216161,236.06562043137654,229.8120993066758
min,0.0,9.0,0.0,2.0
max,999.0,999.0,995.0,996.0
