stats,Open,High,Low,Close
count,14377,14377,14377,14377
mean,499.15587396536137,671.2165959518676,334.1953119565973,505.13347708144954
std,289.01205074571124,233.88292936135267,236.24312086630553,229.0918448489289
min,0.0,1.0,0.0,0.0
max,999.0,999.0,994.0,997.0
