stats,Open,High,Low,Close
count,15769,15769,15769,15769
mean,498.5252711015283,664.8804616652926,332.58037922506185,499.2579110913818
std,287.80134364800625,236.13099571612636,235.43371065701768,228.89156368165192
min,0.0,7.0,0.0,5.0
max,999.0,999.0,993.0,997.0
