stats,Open,High,Low,Close
count,14253,14253,14253,14253
mean,497.89742510348697,663.5169438013049,332.2395285203115,497.3637830632148
std,288.75109607381074,237.59594737663411,236.17113370572702,229.98686718672013
min,0.0,11.0,0.0,4.0
max,999.0,999.0,994.0,996.0
