stats,Open,High,Low,Close
count,15669,15669,15669,15669
mean,496.6674963303338,663.5859978301104,331.3015508328547,497.50328674452743
std,289.10412952064473,235.82211118567702,236.69589056732025,230.72619883366426
min,0.0,8.0,0.0,3.0
max,999.0,999.0,990.0,998.0
