stats,Open,High,Low,Close
count,14650,14650,14650,14650
mean,498.19795221843003,662.3470989761092,330.6813651877133,495.7245733788396
std,288.7086915501457,236.98028656912487,235.24906367807296,229.5748063030816
min,0.0,10.0,0.0,2.0
max,999.0,999.0,996.0,996.0
