stats,Open,High,Low,Close
count,13830,13830,13830,13830
mean,500.53702096890817,666.3552422270427,335.30636297903106,500.1545914678236
std,288.60281675234916,236.22823802265913,236.05752146738072,231.44343373391231
min,0.0,6.0,0.0,3.0
max,999.0,999.0,985.0,996.0
