stats,Open,High,Low,Close
count,11262,11262,11262,11262
mean,501.6810513230332,670.067838749778,330.8230332090215,500.5720120760078
std,288.39309315175234,233.34134693764656,235.25196854614958,229.38589829842869
min,0.0,2.0,0.0,1.0
max,999.0,999.0,983.0,998.0
