stats,Open,High,Low,Close
count,15114,15114,15114,15114
mean,498.0573640333466,666.8240703983062,333.6922720656345,499.6804287415641
std,288.4806398213509,234.96714339040855,236.97392002442973,230.4553914591254
min,0.0,13.0,0.0,0.0
max,999.0,999.0,989.0,998.0
