stats,Open,High,Low,Close
count,16621,16621,16621,16621
mean,501.41297154202516,669.4275916009867,331.3102099753324,500.782985379941
std,289.3690856179908,234.78383868770538,234.6990164289518,229.43504991972046
min,0.0,5.0,0.0,0.0
max,999.0,999.0,997.0,997.0
