stats,Open,High,Low,Close
count,15864,15864,15864,15864
mean,499.53113968734243,663.8137922339889,332.67624810892585,497.66969238527486
std,289.40235384618484,235.89661080756832,235.2430611371316,229.54186440571573
min,0.0,9.0,0.0,3.0
max,999.0,999.0,983.0,999.0
