stats,Open,High,Low,Close
count,10080,10080,10080,10080
mean,500.32380952380953,664.9615079365079,334.6500992063492,500.1534722222222
std,285.7884301312368,233.92132212656225,236.0531400323428,228.30437261268088
min,0.0,9.0,0.0,1.0
max,999.0,999.0,991.0,996.0
