stats,Open,High,Low,Close
count,19716,19716,19716,19716
mean,498.3971393791844,664.8931324812335,330.73082775410836,497.98021911138164
std,287.0477084627903,233.218175349221,234.49628019967855,228.65399264676614
min,0.0,7.0,0.0,5.0
max,999.0,999.0,994.0,995.0
