stats,Open,High,Low,Close
count,15129,15129,15129,15129
mean,498.4846321633948,665.7576839183026,334.06404917707715,500.38971511666335
std,287.2000498481826,234.9139729221412,234.8495370641615,229.25324538209406
min,0.0,11.0,0.0,4.0
max,999.0,999.0,991.0,999.0
