stats,Open,High,Low,Close
count,16796,16796,16796,16796
mean,499.5113122171946,665.5316742081448,331.377411288402,499.4102762562515
std,288.2689158384636,237.2393585745865,236.20009488198602,230.12292737159626
min,0.0,6.0,0.0,4.0
max,999.0,999.0,998.0,998.0
