stats,Open,High,Low,Close
count,15308,15308,15308,15308
mean,501.5176378364254,668.4186046511628,333.59446041285605,501.92272014632874
std,289.58595121691843,235.8506457847777,235.65547992885627,230.46547431642267
min,0.0,4.0,0.0,0.0
max,999.0,999.0,997.0,997.0
