stats,Open,High,Low,Close
count,10464,10464,10464,10464
mean,500.00038226299694,667.8826452599388,331.9345374617737,500.58725152905197
std,288.932323570402,234.971167740121,234.47940554266498,230.98255575417554
min,0.0,14.0,0.0,5.0
max,999.0,999.0,989.0,995.0
