stats,Open,High,Low,Close
count,18312,18312,18312,18312
mean,499.5442332896461,665.8519550021844,331.42824377457407,497.54554390563567
std,287.7383356438355,235.53306145436403,235.8805215167522,229.9296368967144
min,0.0,5.0,0.0,0.0
max,999.0,999.0,997.0,997.0
