stats,Open,High,Low,Close
count,11683,11683,11683,11683
mean,501.22177522896516,666.6140546092613,335.1304459471026,499.4004108533767
std,286.19996834055684,233.82295697246516,233.2359869575982,226.3456564163923
min,0.0,15.0,0.0,4.0
max,999.0,999.0,985.0,998.0
