stats,Open,High,Low,Close
count,19549,19549,19549,19549
mean,502.9691544324518,666.8084300987263,335.72085528671545,500.4375671389841
std,290.15733971144897,236.83830956319227,236.59463987833246,230.26340632577924
min,0.0,9.0,0.0,3.0
max,999.0,999.0,998.0,999.0
