stats,Open,High,Low,Close
count,12998,12998,12998,12998
mean,498.6853362055701,664.3452838898293,334.43368210493924,498.88529004462225
std,288.0623005120734,235.8323748070815,234.9451710234566,229.38549700754263
min,0.0,1.0,0.0,0.0
max,999.0,999.0,988.0,990.0
