stats,Open,High,Low,Close
count,15005,15005,15005,15005
mean,497.39060313228924,665.797334221926,331.56054648450515,499.2239920026658
std,289.21220823350205,236.96990410198586,235.86424859347449,230.17464799416425
min,0.0,2.0,0.0,2.0
max,999.0,999.0,986.0,997.0
