stats,Open,High,Low,Close
count,11513,11513,11513,11513
mean,499.5135064709459,665.2696951272475,332.5808216798402,501.0660991922175
std,287.9896881342437,236.37009369838162,235.17256742707534,229.95445637445846
min,0.0,9.0,0.0,2.0
max,999.0,999.0,991.0,997.0
