stats,Open,High,Low,Close
count,10720,10720,10720,10720
mean,502.21828358208955,668.0484141791045,330.7142723880597,499.2694962686567
std,290.3907066316573,237.72555222780943,233.81879126703598,229.3982642008593
min,0.0,7.0,0.0,6.0
max,999.0,999.0,992.0,997.0
