stats,Open,High,Low,Close
count,16008,16008,16008,16008
mean,499.41335582208893,665.6857821089455,333.5233008495752,500.2755497251374
std,288.76321879361944,235.64721993349667,236.18001401415728,228.61367004173997
min,0.0,10.0,0.0,2.0
max,999.0,999.0,992.0,998.0
