stats,Open,High,Low,Close
count,14310,14310,14310,14310
mean,498.0202655485674,665.7696016771489,332.5910552061495,499.92424877707896
std,288.8883240504196,235.2870503083851,237.0537923006732,230.59213156618873
min,0.0,5.0,0.0,5.0
max,999.0,999.0,997.0,999.0
