stats,Open,High,Low,Close
count,14895,14895,14895,14895
mean,496.754145686472,665.1893252769386,331.9640819066801,498.32326283987913
std,288.4734839904535,236.44639750343745,236.34083449247268,230.21462923306962
min,0.0,7.0,0.0,4.0
max,999.0,999.0,990.0,996.0
