stats,Open,High,Low,Close
count,12314,12314,12314,12314
mean,502.55920090953384,666.8136267662823,335.14398245898974,502.44323534188726
std,289.8046221577596,236.21636819668436,236.2129806295756,230.89328978180342
min,0.0,15.0,0.0,0.0
max,999.0,999.0,996.0,996.0
