stats,Open,High,Low,Close
count,16740,16740,16740,16740
mean,502.52514934289127,666.8637395459976,335.89199522102746,500.51648745519714
std,290.1059776170188,236.95089953079346,238.6265293520928,232.51569723849045
min,0.0,9.0,0.0,5.0
max,999.0,999.0,998.0,998.0
