stats,Open,High,Low,Close
count,11433,11433,11433,11433
mean,504.08606664917346,670.1573515262836,332.98583049068486,502.0171433569492
std,288.33282321750727,234.63142856663788,235.43025798999128,229.21993379193088
min,0.0,19.0,0.0,10.0
max,999.0,999.0,993.0,996.0
