stats,Open,High,Low,Close
count,13193,13193,13193,13193
mean,499.25824300765555,667.8905480178882,334.2419464867733,501.55423330554083
std,289.75741657171386,235.25605960378877,237.90939176952986,230.36785376384768
min,0.0,0.0,0.0,0.0
max,999.0,999.0,989.0,997.0
