stats,Open,High,Low,Close
count,17338,17338,17338,17338
mean,496.9142346291383,664.8936440189179,333.64315376629366,499.9357480678279
std,288.07875977394457,235.49094584086913,235.6041189591742,228.91435414184258
min,0.0,13.0,0.0,3.0
max,999.0,999.0,990.0,998.0
