stats,Open,High,Low,Close
count,10929,10929,10929,10929
mean,505.8987098545155,668.344130295544,336.8816909140818,504.39225912709304
std,287.57383622360874,233.23128565159186,236.15829074877053,229.55939068780833
min,0.0,11.0,0.0,5.0
max,999.0,999.0,988.0,996.0
