stats,Open,High,Low,Close
count,13839,13839,13839,13839
mean,495.48211575980923,669.4569694342076,329.92398294674473,501.1111351976299
std,288.55993419221903,234.65599698687242,234.33807939656782,229.7461368606123
min,0.0,9.0,0.0,3.0
max,999.0,999.0,998.0,998.0
