stats,Open,High,Low,Close
count,18426,18426,18426,18426
mean,500.01259090415715,666.0807554542495,329.7319005752741,498.3050037989797
std,289.2100269330898,235.7135075259162,235.35349936979594,229.97837711805323
min,0.0,4.0,0.0,4.0
max,999.0,999.0,994.0,994.0
