stats,Open,High,Low,Close
count,12806,12806,12806,12806
mean,500.0852725285023,666.4323754490083,333.2685459940653,500.14618147743244
std,286.91171677020003,234.4655609107518,235.6767595330861,230.37020006578587
min,0.0,6.0,0.0,4.0
max,999.0,999.0,994.0,996.0
