stats,Open,High,Low,Close
count,18119,18119,18119,18119
mean,501.3191677244881,668.8312268889011,333.8976764722115,501.88945306032343
std,287.7368831463691,233.49484298033613,235.7664039560397,230.07780466890458
min,0.0,10.0,0.0,2.0
max,999.0,999.0,995.0,997.0
