stats,Open,High,Low,Close
count,19974,19974,19974,19974
mean,500.4825272854711,666.3276759787724,332.8542605387003,500.7674977470712
std,288.685378838001,235.1814370529423,235.7414910573432,229.54925348097095
min,0.0,7.0,0.0,1.0
max,999.0,999.0,998.0,998.0
