stats,Open,High,Low,Close
count,12034,12034,12034,12034
mean,501.9512215389729,666.9025261758351,332.6935349842114,499.9419976732591
std,288.45418907422527,236.51631440432791,236.68076721490453,231.4497337793853
min,0.0,10.0,0.0,6.0
max,999.0,999.0,998.0,998.0
