stats,Open,High,Low,Close
count,13032,13032,13032,13032
mean,495.8965623081645,662.5490331491712,328.9090699815838,496.60151933701655
std,288.1510702003644,237.32315424042545,233.89291213701622,229.05549088089325
min,0.0,9.0,0.0,2.0
max,999.0,999.0,996.0,996.0
