stats,Open,High,Low,Close
count,13147,13147,13147,13147
mean,498.0919601429984,661.5110671636114,328.6387008442991,494.0204609416597
std,289.78839363467245,239.00981826128964,234.32633043801195,230.48073960610745
min,0.0,6.0,0.0,1.0
max,999.0,999.0,989.0,995.0
