stats,Open,High,Low,Close
count,19240,19240,19240,19240
mean,502.94532224532225,669.1669958419958,333.5737525987526,501.5373180873181
std,288.4155522327775,234.98419219767317,234.6336668172085,229.13804129199013
min,0.0,9.0,0.0,1.0
max,999.0,999.0,990.0,996.0
