stats,Open,High,Low,Close
count,19780,19780,19780,19780
mean,501.8659251769464,669.212891809909,331.71415571284126,500.97912032355913
std,290.3761855918706,236.0406605075519,235.20170717409044,230.4209009968363
min,0.0,6.0,0.0,4.0
max,999.0,999.0,991.0,998.0
