stats,Open,High,Low,Close
count,16246,16246,16246,16246
mean,500.2924412162994,668.999076695802,333.9743321432968,500.8111535147113
std,290.09849248286156,235.31080342091377,236.35280402709037,231.30879173216326
min,0.0,12.0,0.0,5.0
max,999.0,999.0,988.0,996.0
