stats,Open,High,Low,Close
count,14133,14133,14133,14133
mean,497.4121559470742,666.1070544116607,329.4718035802731,496.8480152833793
std,288.9426124678001,236.52352901620912,235.38887193590352,230.1257669929224
min,0.0,1.0,0.0,1.0
max,999.0,999.0,998.0,998.0
