stats,Open,High,Low,Close
count,13960,13960,13960,13960
mean,502.114899713467,668.7664040114613,332.5199140401146,501.2413323782235
std,290.1099746393791,234.46442273985036,235.57148343975666,230.49714784304987
min,0.0,3.0,0.0,1.0
max,999.0,999.0,994.0,996.0
