stats,Open,High,Low,Close
count,13839,13839,13839,13839
mean,498.34655683214106,668.3474962063733,331.1056434713491,499.41867186935474
std,289.9383488391602,235.77271150596775,235.4687967401938,229.92692150691263
min,0.0,3.0,0.0,3.0
max,999.0,999.0,989.0,992.0
