stats,Open,High,Low,Close
count,11955,11955,11955,11955
mean,499.87160184023423,666.8127979924718,335.19113341698034,503.5089920535341
std,287.8689415594205,234.98024490630652,235.89784809283225,228.88353894607917
min,0.0,12.0,0.0,6.0
max,999.0,999.0,995.0,998.0
