stats,Open,High,Low,Close
count,16632,16632,16632,16632
mean,502.8129509379509,668.6011904761905,335.51130351130354,503.4472703222703
std,288.67641521433956,234.98276862592417,236.8310544289924,230.74228513639494
min,0.0,11.0,0.0,4.0
max,999.0,999.0,994.0,995.0
