stats,Open,High,Low,Close
count,15523,15523,15523,15523
mean,499.2415770147523,667.5516330606197,333.4101655607808,499.60916060039943
std,289.806951158816,234.70800592597612,236.53774099894503,230.2574968763442
min,0.0,7.0,0.0,0.0
max,999.0,999.0,995.0,999.0
