stats,Open,High,Low,Close
count,12987,12987,12987,12987
mean,497.46223146223144,668.9489489489489,328.09163009163007,499.3040733040733
std,288.7493150923698,234.07278850451146,233.12596049686175,228.57735245161612
min,0.0,15.0,0.0,2.0
max,999.0,999.0,999.0,999.0
