stats,Open,High,Low,Close
count,12670,12670,12670,12670
mean,500.07316495659035,665.9105761641673,335.9198105761642,500.3617995264404
std,288.6298304637848,233.01421199526519,236.29317117910867,229.03535926521528
min,0.0,14.0,0.0,7.0
max,999.0,999.0,989.0,998.0
