stats,Open,High,Low,Close
count,16151,16151,16151,16151
mean,497.572162714383,665.8673766330259,333.3300724413349,500.9963469754195
std,286.8722266187917,235.54882516230106,234.54533467450136,228.3840550062151
min,0.0,6.0,0.0,4.0
max,999.0,999.0,995.0,996.0
