stats,Open,High,Low,Close
count,12010,12010,12010,12010
mean,503.2519567027477,667.9381348875937,331.57085761865113,500.24829308909244
std,288.7245851159542,236.43987620159282,235.22475069071888,231.13670449983104
min,0.0,7.0,0.0,2.0
max,999.0,999.0,989.0,999.0
