stats,Open,High,Low,Close
count,18721,18721,18721,18721
mean,501.5339458362267,669.1207734629561,330.94930826344745,500.9644783932482
std,288.4130320670366,233.81885702891412,235.51695967720732,229.81747976436012
min,0.0,2.0,0.0,2.0
max,999.0,999.0,997.0,999.0
