stats,Open,High,Low,Close
count,16494,16494,16494,16494
mean,501.81356857038924,664.6587243846247,334.06499333090824,499.24087546986783
std,289.6054110475273,237.45579578986147,236.74333579004167,231.27657770146897
min,0.0,13.0,0.0,2.0
max,999.0,999.0,995.0,997.0
