stats,Open,High,Low,Close
count,17066,17066,17066,17066
mean,501.0098441345365,664.7312199695301,333.37847181530526,498.37601078167114
std,288.89476653655584,236.20522744009384,236.3999278723855,229.62973905960217
min,0.0,6.0,0.0,2.0
max,999.0,999.0,995.0,996.0
