stats,Open,High,Low,Close
count,17906,17906,17906,17906
mean,499.6089020440076,665.8198927733721,335.0983469228192,501.3093376521836
std,288.25049185815044,234.68155923476024,237.5288000364389,229.80926680791782
min,0.0,2.0,0.0,0.0
max,999.0,999.0,997.0,998.0
