stats,Open,High,Low,Close
count,17326,17326,17326,17326
mean,498.4820500981184,663.5094655431144,331.8019161953134,498.91723421447534
std,285.456133699256,234.74725199714499,233.18451607754588,228.99319123999763
min,0.0,2.0,0.0,2.0
max,999.0,999.0,991.0,997.0
