stats,Open,High,Low,Close
count,10194,10194,10194,10194
mean,498.9435942711399,668.2481852069845,333.8077300372768,502.529429075927
std,287.98169991952886,232.14375472535033,236.3325744791032,228.47685028163298
min,0.0,3.0,0.0,0.0
max,999.0,999.0,993.0,993.0
