stats,Open,High,Low,Close
count,17959,17959,17959,17959
mean,500.13736845035913,665.6956957514338,332.7298290550699,500.32880449913694
std,289.2125983740137,236.23955206381004,237.29486544095096,229.1604098702739
min,0.0,8.0,0.0,1.0
max,999.0,999.0,994.0,998.0
