stats,Open,High,Low,Close
count,12631,12631,12631,12631
mean,498.52561159053124,667.7725437415882,330.75544295780225,497.23062307022406
std,288.3476234974301,235.58621775287486,234.76606937299033,229.8366257161509
min,0.0,8.0,0.0,2.0
max,999.0,999.0,986.0,995.0
