stats,Open,High,Low,Close
count,14238,14238,14238,14238
mean,499.378002528445,668.7659081331648,333.1802921758674,500.56953223767385
std,288.0146696360685,234.38479559590266,233.2356729386311,228.99862613287448
min,0.0,10.0,0.0,2.0
max,999.0,999.0,996.0,997.0
