stats,Open,High,Low,Close
count,17332,17332,17332,17332
mean,496.45707362104775,666.0288483729518,331.0455804292638,498.7904454188784
std,287.9854112346644,235.71219569643637,235.73094496461258,229.31779356832772
min,0.0,4.0,0.0,3.0
max,999.0,999.0,993.0,995.0
