stats,Open,High,Low,Close
count,14183,14183,14183,14183
mean,496.9720792498061,666.0058520764295,330.8075865472749,499.3129803285624
std,288.09091430981914,236.3241233532514,234.9482967609544,230.5352716416754
min,0.0,6.0,0.0,6.0
max,999.0,999.0,992.0,992.0
