stats,Open,High,Low,Close
count,15699,15699,15699,15699
mean,498.5474234027645,668.5307344416842,333.17982037072426,499.85425823300847
std,288.2356244854723,233.6699991178705,235.1791454081379,228.8563512130733
min,0.0,5.0,0.0,2.0
max,999.0,999.0,991.0,999.0
