stats,Open,High,Low,Close
count,16254,16254,16254,16254
mean,499.11221853082316,668.8287806078504,333.06183093392394,499.9641934293097
std,287.7654290977399,234.47570999942548,234.91618171628951,229.71167222659537
min,0.0,10.0,0.0,1.0
max,999.0,999.0,996.0,996.0
