stats,Open,High,Low,Close
count,17826,17826,17826,17826
mean,500.53511724447435,667.2780208683945,334.22203522944017,500.60142488499946
std,288.01320393183437,234.07153125987696,235.96129893821384,229.5234305430197
min,0.0,5.0,0.0,1.0
max,999.0,999.0,995.0,998.0
