stats,Open,High,Low,Close
count,14549,14549,14549,14549
mean,500.6487731115541,666.2386418310537,333.49886590143655,500.54629184136365
std,288.0971059940893,234.80252606520668,235.36713569262855,228.80780573526474
min,0.0,12.0,0.0,3.0
max,999.0,999.0,985.0,997.0
