stats,Open,High,Low,Close
count,19649,19649,19649,19649
mean,500.1103872970635,665.8378034505573,332.64064328973484,498.9836123975775
std,289.159678736685,236.39589062635602,236.56647812827666,230.83410492052957
min,0.0,5.0,0.0,2.0
max,999.0,999.0,993.0,996.0
