stats,Open,High,Low,Close
count,14672,14672,14672,14672
mean,499.0672028353326,663.8866548527808,330.78176117775354,496.79232551799345
std,290.7770423781903,238.8555950009169,235.4344699183698,232.14458260539848
min,0.0,11.0,0.0,2.0
max,999.0,999.0,991.0,996.0
