stats,Open,High,Low,Close
count,14518,14518,14518,14518
mean,498.13459154153463,665.0910593745695,333.1361069017771,497.8812508610001
std,289.2538825492637,237.67321583847746,235.5731287249282,229.5778586873189
min,0.0,2.0,0.0,2.0
max,999.0,999.0,986.0,998.0
