stats,Open,High,Low,Close
count,11031,11031,11031,11031
mean,500.2657963919862,664.1624512736832,335.1182123107606,498.87671108693684
std,288.7245304077921,236.6825993723064,234.85114358246113,230.72740198736764
min,0.0,6.0,0.0,0.0
max,999.0,999.0,995.0,998.0
