stats,Open,High,Low,Close
count,12633,12633,12633,12633
mean,500.3566848729518,667.6668249821895,332.8866460856487,500.58101796881186
std,287.65795352289683,235.25706680459854,236.89491730030153,231.2776292188304
min,0.0,9.0,0.0,2.0
max,999.0,999.0,990.0,997.0
