stats,Open,High,Low,Close
count,12422,12422,12422,12422
mean,493.39099983899536,664.0186765416197,330.43173402028657,496.42344227982613
std,288.0980069882608,237.4564511477736,233.32894116219225,229.14956460922997
min,0.0,11.0,0.0,1.0
max,999.0,999.0,989.0,992.0
