stats,Open,High,Low,Close
count,17855,17855,17855,17855
mean,495.8730887706525,667.1535144217306,332.9180061607393,500.1894147297676
std,290.0067027978876,235.99121699449285,236.5651207252113,230.51031553348145
min,0.0,7.0,0.0,3.0
max,999.0,999.0,997.0,997.0
