stats,Open,High,Low,Close
count,12428,12428,12428,12428
mean,499.1417766334084,664.2720469906662,332.5714515609913,498.9979884132604
std,289.0136296150911,238.00771640315307,236.23539827537996,231.44861522827188
min,0.0,4.0,0.0,4.0
max,999.0,999.0,991.0,998.0
