stats,Open,High,Low,Close
count,17492,17492,17492,17492
mean,499.1256574434027,667.8248342099246,330.0556254287674,497.6784815915847
std,289.57707681135645,234.84183485652102,237.24962252891274,230.16250939679932
min,0.0,13.0,0.0,3.0
max,999.0,999.0,992.0,997.0
