stats,Open,High,Low,Close
count,19934,19934,19934,19934
mean,500.77876994080464,666.8480987257951,333.24601183906896,501.4124611217016
std,289.23014499870345,234.12029825333153,236.0629382370466,230.48175589526593
min,0.0,14.0,0.0,3.0
max,999.0,999.0,996.0,997.0
