stats,Open,High,Low,Close
count,11002,11002,11002,11002
mean,503.2409561897837,670.0338120341756,335.18987456826034,503.98491183421197
std,288.9178909274218,233.7953489615783,237.09340527410916,229.0101466287437
min,0.0,12.0,0.0,5.0
max,999.0,999.0,981.0,997.0
