stats,Open,High,Low,Close
count,10033,10033,10033,10033
mean,498.94697498255755,667.245988238812,333.0192365194857,498.53274195155984
std,291.6728752683961,238.12241134590943,238.8863130923787,232.1717266922611
min,0.0,7.0,0.0,6.0
max,999.0,999.0,995.0,996.0
