stats,Open,High,Low,Close
count,13626,13626,13626,13626
mean,498.45670042565683,667.8427271392925,333.4378394246294,498.60303830911494
std,287.1923797196677,233.30300272380876,236.4661224606159,228.88211682146868
min,0.0,5.0,0.0,2.0
max,999.0,999.0,985.0,999.0
