stats,Open,High,Low,Close
count,11547,11547,11547,11547
mean,497.328829999134,666.6714298086083,334.06192084524116,499.29713345457697
std,288.4816128491746,234.19929845815778,235.9690713347601,229.64820578022585
min,0.0,7.0,0.0,2.0
max,999.0,999.0,992.0,997.0
