stats,Open,High,Low,Close
count,17709,17709,17709,17709
mean,496.3671014738269,664.1797955841663,332.4760856061889,497.91953244113165
std,289.68688751539696,236.979674996781,236.01840558554812,231.536067004242
min,0.0,4.0,0.0,2.0
max,999.0,999.0,992.0,996.0
