stats,Open,High,Low,Close
count,18520,18520,18520,18520
mean,499.5696544276458,665.2475161987041,331.6021058315335,497.18072354211665
std,289.250450489661,236.08514584727897,236.4932074005495,230.38775801004124
min,0.0,3.0,0.0,0.0
max,999.0,999.0,995.0,998.0
