stats,Open,High,Low,Close
count,19116,19116,19116,19116
mean,494.88381460556604,664.1367964009207,331.7735404896422,499.601381042059
std,287.1626797714679,233.98095606047784,236.38152930182773,229.19519767179142
min,0.0,0.0,0.0,0.0
max,999.0,999.0,995.0,997.0
