stats,Open,High,Low,Close
count,10070,10070,10070,10070
mean,499.3828202581926,666.2421052631579,336.6351539225422,502.3788480635551
std,288.3263435211044,234.75485905973756,235.0497498397799,227.86005084338166
min,0.0,11.0,0.0,6.0
max,999.0,999.0,992.0,997.0
