stats,Open,High,Low,Close
count,17576,17576,17576,17576
mean,502.539144287665,667.5459148839326,335.7027765134274,501.1065088757396
std,287.85076217397483,235.16069466558585,235.50701859350136,229.00216384342767
min,0.0,11.0,0.0,0.0
max,999.0,999.0,991.0,993.0
