stats,Open,High,Low,Close
count,13869,13869,13869,13869
mean,501.83625351503355,665.43766673877,331.1465859110246,498.5518782897109
std,289.0239059733539,234.6256365166686,235.54365478730244,229.76991066960437
min,0.0,7.0,0.0,6.0
max,999.0,999.0,987.0,999.0
