stats,Open,High,Low,Close
count,12716,12716,12716,12716
mean,501.0263447625039,667.0886284995281,335.29529726329037,501.514784523435
std,289.6886850821224,235.10025323096383,236.72396872716348,229.28675234960417
min,0.0,5.0,0.0,1.0
max,999.0,999.0,987.0,997.0
