stats,Open,High,Low,Close
count,12602,12602,12602,12602
mean,496.47159181082367,664.4338200285669,328.9006506903666,497.8263767655928
std,285.77645805739934,233.96157351155344,231.467168395025,227.7714331013304
min,0.0,7.0,0.0,3.0
max,999.0,999.0,994.0,998.0
