stats,Open,High,Low,Close
count,15882,15882,15882,15882
mean,503.6939931998489,670.383641858708,335.6105654199723,503.35984132980735
std,288.71579573181236,235.15138584104838,236.32742886320096,230.52629061233944
min,0.0,1.0,0.0,1.0
max,999.0,999.0,995.0,998.0
