stats,Open,High,Low,Close
count,19197,19197,19197,19197
mean,499.6950044277752,665.0749075376361,330.7325623795385,498.28217950721466
std,287.61287203783576,236.08821652647256,233.68151282481423,229.4355286940777
min,0.0,7.0,0.0,2.0
max,999.0,999.0,996.0,998.0
