stats,Open,High,Low,Close
count,12615,12615,12615,12615
mean,499.10574712643677,667.6673801030519,334.3173999207293,498.58755449861275
std,289.18481169349343,235.29722833243378,237.40879786195947,231.48791286159906
min,0.0,4.0,0.0,2.0
max,999.0,999.0,992.0,998.0
