stats,Open,High,Low,Close
count,19918,19918,19918,19918
mean,499.94286574957323,666.0482980218898,334.218445627071,501.05954413093684
std,288.0371895305457,235.1738946692658,236.12915169184504,229.29922640566886
min,0.0,7.0,0.0,1.0
max,999.0,999.0,995.0,996.0
