stats,Open,High,Low,Close
count,11218,11218,11218,11218
mean,500.5845961847032,664.2885541094669,334.8318773399893,500.22686753431987
std,289.4441926266446,237.39861918445894,237.55496071051903,230.82008051252825
min,0.0,6.0,0.0,4.0
max,999.0,999.0,993.0,994.0
