stats,Open,High,Low,Close
count,16086,16086,16086,16086
mean,496.38623647892575,666.5367400223797,332.2752704214845,500.6906005221932
std,289.6528707503153,235.89228135849763,235.7680731982316,229.1626973979285
min,0.0,4.0,0.0,3.0
max,999.0,999.0,996.0,996.0
