stats,Open,High,Low,Close
count,18662,18662,18662,18662
mean,498.4408959382703,664.7188404243918,332.0644089593827,498.2538313149716
std,287.13887143431174,236.12981906228802,235.2045780512685,229.29198959917863
min,0.0,6.0,0.0,1.0
max,999.0,999.0,988.0,995.0
