stats,Open,High,Low,Close
count,13193,13193,13193,13193
mean,503.0155385431668,669.6241188509058,338.3528386265444,503.13158493140304
std,287.59985686608206,235.62260288842808,236.39182279723545,229.72231529473189
min,0.0,4.0,0.0,2.0
max,999.0,999.0,988.0,999.0
