stats,Open,High,Low,Close
count,14442,14442,14442,14442
mean,501.41767068273094,663.7451184046531,336.9844204403822,498.7086276139039
std,286.96790698965316,234.28291582305258,236.18931853447373,228.81523069681415
min,0.0,3.0,0.0,1.0
max,999.0,999.0,992.0,997.0
