stats,Open,High,Low,Close
count,14453,14453,14453,14453
mean,499.8549782052169,664.9733619317789,331.77174289074935,500.0444198436311
std,288.7323681788186,235.21203793940833,234.59237515003696,228.52285918202645
min,0.0,3.0,0.0,1.0
max,999.0,999.0,995.0,995.0
