stats,Open,High,Low,Close
count,17594,17594,17594,17594
mean,500.62998749573717,669.3085711037854,332.9860179606684,501.2917471865409
std,288.9378946880977,234.374928244401,235.59991412122596,228.92693657009707
min,0.0,11.0,0.0,0.0
max,999.0,999.0,995.0,998.0
