stats,Open,High,Low,Close
count,13406,13406,13406,13406
mean,503.3999701626137,666.1857377293749,333.75100701178576,500.3120990601223
std,289.0508336532819,237.05018952655044,235.99023694417005,230.75997469554224
min,0.0,14.0,0.0,4.0
max,999.0,999.0,990.0,995.0
