stats,Open,High,Low,Close
count,11819,11819,11819,11819
mean,498.7598781622811,665.248159742787,331.0851171841949,496.64057872916493
std,288.204467769605,236.67193275193478,234.59420507262482,230.35346903273924
min,0.0,8.0,0.0,1.0
max,999.0,999.0,996.0,999.0
