stats,Open,High,Low,Close
count,12043,12043,12043,12043
mean,497.53093083118824,666.695258656481,332.3049904508843,501.1034625923773
std,289.1230452514772,233.75601931350073,234.83989407403155,228.51000207895797
min,0.0,6.0,0.0,3.0
max,999.0,999.0,987.0,995.0
