stats,Open,High,Low,Close
count,18980,18980,18980,18980
mean,497.2015279241307,666.1582191780822,332.19035827186514,500.1978925184405
std,288.9711554589312,234.4105152966437,236.26162303689094,229.57064375477466
min,0.0,7.0,0.0,2.0
max,999.0,999.0,996.0,996.0
