stats,Open,High,Low,Close
count,13058,13058,13058,13058
mean,498.4637004135396,664.1335579721243,331.4964772553224,497.6242150405881
std,288.5243541283353,236.10885653139897,235.52687101973856,229.72816316630758
min,0.0,10.0,0.0,2.0
max,999.0,999.0,987.0,995.0
