stats,Open,High,Low,Close
count,15962,15962,15962,15962
mean,498.43616088209495,666.5947876205989,329.34419245708557,497.2041097606816
std,288.8208889365407,236.22277725507294,234.37435161747527,229.55706976879247
min,0.0,4.0,0.0,3.0
max,999.0,999.0,996.0,998.0
