stats,Open,High,Low,Close
count,11062,11062,11062,11062
mean,502.52259989152054,665.4144820104864,332.1859519074308,497.18992948833846
std,288.08644725050124,236.15170725630415,233.71378075963506,228.85504017804402
min,0.0,10.0,0.0,2.0
max,999.0,999.0,992.0,997.0
