stats,Open,High,Low,Close
count,10561,10561,10561,10561
mean,499.23368999147806,666.056623425812,333.7552315121674,497.9521825584698
std,289.61497384149584,236.91733313637798,235.69593564362972,228.34272380025214
min,0.0,6.0,0.0,6.0
max,999.0,999.0,997.0,998.0
