stats,Open,High,Low,Close
count,10871,10871,10871,10871
mean,497.11286910127865,664.8315702327293,331.1206880691749,496.3047557722381
std,287.842613342921,237.27106306790557,234.21879266778242,230.45905617396892
min,0.0,6.0,0.0,1.0
max,999.0,999.0,993.0,997.0
