stats,Open,High,Low,Close
count,16242,16242,16242,16242
mean,502.5276443787711,668.1852604359069,335.16574313508187,501.7968846201207
std,287.8569288423053,233.76922189903559,236.85455407681525,229.18303101067949
min,0.0,3.0,0.0,0.0
max,999.0,999.0,994.0,997.0
