stats,Open,High,Low,Close
count,11008,11008,11008,11008
mean,499.31958575581393,663.8041424418604,332.6950399709302,497.6314498546512
std,288.8433391642767,235.95112190444067,237.6935887677466,230.82991586519316
min,0.0,1.0,0.0,1.0
max,999.0,999.0,991.0,995.0
