stats,Open,High,Low,Close
count,10802,10802,10802,10802
mean,500.5038881688576,666.0125902610628,331.6547861507128,497.3196630253657
std,291.734699875174,236.94488017639017,236.48674689122493,229.30659237068264
min,0.0,0.0,0.0,0.0
max,999.0,999.0,996.0,997.0
