stats,Open,High,Low,Close
count,15269,15269,15269,15269
mean,500.72630820616934,664.9570371340625,333.71131049839545,498.5756107145196
std,289.1502022894309,235.85821832112939,235.38152512345732,229.6044108530913
min,0.0,4.0,0.0,4.0
max,999.0,999.0,995.0,996.0
