stats,Open,High,Low,Close
count,11165,11165,11165,11165
mean,495.20824003582624,666.8773846842812,330.0746081504702,498.10595611285265
std,288.3273789136234,235.82177666471836,236.38687835166343,230.29130907302581
min,0.0,0.0,0.0,0.0
max,999.0,999.0,987.0,992.0
