stats,Open,High,Low,Close
count,15395,15395,15395,15395
mean,501.7836960051965,666.4930821695356,335.62163039948035,499.1809028905489
std,287.77806891537426,236.20088703654076,235.53672533159624,229.3370808092481
min,0.0,9.0,0.0,4.0
max,999.0,999.0,998.0,998.0
