stats,Open,High,Low,Close
count,12570,12570,12570,12570
mean,503.83500397772474,665.4380270485283,333.93484486873507,499.84868735083535
std,289.38899061765187,236.65470142489428,237.30607940643156,231.17829643392267
min,0.0,11.0,0.0,8.0
max,999.0,999.0,984.0,999.0
