stats,Open,High,Low,Close
count,17660,17660,17660,17660
mean,495.82678369195924,664.4266704416762,329.8049830124575,496.12678369195925
std,288.0672354769784,236.01614309075288,233.8691541549725,230.16275742444085
min,0.0,5.0,0.0,0.0
max,999.0,999.0,988.0,999.0
