stats,Open,High,Low,Close
count,10642,10642,10642,10642
mean,495.5711332456305,667.2541815448224,331.7909227588799,500.91956399173085
std,289.20335420247113,234.5947070490048,235.9270640098203,228.0075169663
min,0.0,9.0,0.0,7.0
max,999.0,999.0,998.0,999.0
