stats,Open,High,Low,Close
count,12851,12851,12851,12851
mean,501.6502995875807,665.565403470547,336.5621352423936,499.2577231343864
std,287.94037272472195,235.84462401199707,235.53046464744847,230.73518980611075
min,0.0,8.0,0.0,3.0
max,999.0,999.0,983.0,996.0
