stats,Open,High,Low,Close
count,11883,11883,11883,11883
mean,496.8220987966002,665.9633089287217,330.22847765715727,499.1079693680047
std,289.37204588379205,235.75054644337476,237.34333889683393,229.95009164009272
min,0.0,4.0,0.0,2.0
max,999.0,999.0,982.0,989.0
