stats,Open,High,Low,Close
count,16654,16654,16654,16654
mean,495.94619911132463,664.248769064489,331.7668428005284,498.14729194187584
std,288.20182731576125,237.1476803581924,235.52316414937485,229.8461820018425
min,0.0,2.0,0.0,2.0
max,999.0,999.0,997.0,998.0
