stats,Open,High,Low,Close
count,11341,11341,11341,11341
mean,501.5087734767657,669.1545719072392,334.10431178908385,502.3086147606031
std,288.3751650813882,234.0370416489576,235.37616701765978,227.5085807340335
min,0.0,7.0,0.0,3.0
max,999.0,999.0,995.0,995.0
