stats,Open,High,Low,Close
count,13724,13724,13724,13724
mean,494.8375109297581,664.467137860682,332.893252696007,499.2634800349752
std,288.13279556635706,234.97660732172108,235.6080315837325,229.5376041400669
min,0.0,8.0,0.0,2.0
max,999.0,999.0,995.0,996.0
