stats,Open,High,Low,Close
count,17380,17380,17380,17380
mean,501.0617376294592,668.1195051783659,332.41006904487915,497.77341772151897
std,287.76597683372734,233.3367515702056,234.87899788361344,227.80835327257006
min,0.0,5.0,0.0,2.0
max,999.0,999.0,993.0,997.0
