stats,Open,High,Low,Close
count,19890,19890,19890,19890
mean,501.73906485671193,668.0522373051784,335.0628456510809,501.45525389643035
std,287.01041429668953,233.82003437109185,236.60092659078876,228.74939699278923
min,0.0,11.0,0.0,6.0
max,999.0,999.0,994.0,998.0
