stats,Open,High,Low,Close
count,10101,10101,10101,10101
mean,498.2204732204732,667.5667755667756,331.02702702702703,501.6834966834967
std,287.877608758254,235.1938951963084,233.20427997822088,228.35369672030933
min,0.0,10.0,0.0,4.0
max,999.0,999.0,981.0,991.0
