stats,Open,High,Low,Close
count,14161,14161,14161,14161
mean,495.855801143987,665.2878327801709,332.44184732716616,499.3615563872608
std,288.4433623313555,236.8158148029607,236.2056056936554,230.2578757051407
min,0.0,7.0,0.0,5.0
max,999.0,999.0,991.0,997.0
