stats,Open,High,Low,Close
count,11308,11308,11308,11308
mean,496.94738238415283,661.9117438981252,333.2722851078882,497.46117792713125
std,285.7620078875051,236.71909987856233,234.2117947953829,227.89230875945276
min,0.0,4.0,0.0,3.0
max,999.0,999.0,995.0,997.0
