stats,Open,High,Low,Close
count,11190,11190,11190,11190
mean,502.71966041108135,666.8361930294906,336.33521000893654,499.9324396782842
std,288.4461925002459,235.12466306287223,236.6606843710394,229.00352142986
min,0.0,6.0,0.0,2.0
max,999.0,999.0,994.0,998.0
