stats,Open,High,Low,Close
count,11241,11241,11241,11241
mean,497.75856240547995,667.9882572724847,335.4076149808736,502.2761320167245
std,289.41971651510636,235.60505594911672,235.7716694146922,229.72048791944619
min,0.0,7.0,0.0,4.0
max,999.0,999.0,997.0,997.0
