stats,Open,High,Low,Close
count,10706,10706,10706,10706
mean,502.36428171118996,668.3429852419205,329.9036988604521,499.95245656641134
std,290.16840176465644,236.56087583046164,235.54008608825507,228.98018507396068
min,0.0,7.0,0.0,0.0
max,999.0,999.0,984.0,994.0
