stats,Open,High,Low,Close
count,13985,13985,13985,13985
mean,504.0903825527351,668.998855917054,334.7486592777976,502.8935287808366
std,288.10135965010693,235.4458326882642,234.9872631440148,229.47269397793198
min,0.0,1.0,0.0,1.0
max,999.0,999.0,986.0,997.0
