stats,Open,High,Low,Close
count,10218,10218,10218,10218
mean,497.0791740066549,664.4939322763751,329.1460168330397,496.34664317870426
std,287.61874337972523,236.25486404173947,235.0321776105772,230.90057361078811
min,0.0,13.0,0.0,7.0
max,999.0,999.0,993.0,996.0
