stats,Open,High,Low,Close
count,13482,13482,13482,13482
mean,507.6182317163626,670.2421747515206,337.73423824358406,504.60977599762646
std,290.3070120869767,235.0596466481238,237.27436629333906,230.07491483553602
min,0.0,13.0,0.0,4.0
max,999.0,999.0,989.0,996.0
