stats,Open,High,Low,Close
count,10396,10396,10396,10396
mean,499.1068680261639,668.1505386687187,334.22220084647944,500.7564447864563
std,287.65980961424475,236.78012145654887,237.0529324977365,230.75753811447257
min,0.0,8.0,0.0,4.0
max,999.0,999.0,995.0,997.0
