stats,Open,High,Low,Close
count,10059,10059,10059,10059
mean,499.6847599164927,668.1068694701263,330.8032607615071,499.84233025151605
std,290.352664962926,235.43625987354858,235.04243759367924,229.34897226133228
min,0.0,5.0,0.0,0.0
max,999.0,999.0,984.0,995.0
