stats,Open,High,Low,Close
count,10333,10333,10333,10333
mean,500.425336301171,666.4296912803638,334.5586954417885,499.13529468692536
std,287.25266787955826,234.1518074426089,234.8675180413328,228.76204462323662
min,0.0,5.0,0.0,4.0
max,999.0,999.0,985.0,992.0
