stats,Open,High,Low,Close
count,11072,11072,11072,11072
mean,500.8284862716763,667.2228143063584,333.26725072254334,500.0233020231214
std,289.3339991519385,235.90946467485844,235.66296711926952,229.81219352948065
min,0.0,3.0,0.0,3.0
max,999.0,999.0,989.0,998.0
