stats,Open,High,Low,Close
count,17499,17499,17499,17499
mean,499.313789359392,663.9438825075719,334.36110634893424,500.4883707640437
std,287.6997172884341,235.5312459499966,234.7259758875681,228.80435226213672
min,0.0,2.0,0.0,0.0
max,999.0,999.0,998.0,998.0
