stats,Open,High,Low,Close
count,12086,12086,12086,12086
mean,501.6095482376303,667.407744497766,336.3233493298031,500.4171768988913
std,289.96142160731034,235.07148687510582,238.89556151855535,230.7879328963027
min,0.0,14.0,0.0,7.0
max,999.0,999.0,998.0,998.0
