stats,Open,High,Low,Close
count,11725,11725,11725,11725
mean,501.62985074626863,668.4075906183369,332.36955223880597,500.97901918976544
std,289.5001963042593,233.0180959795684,233.9892444991772,227.83168442455695
min,0.0,8.0,0.0,3.0
max,999.0,999.0,996.0,996.0
