stats,Open,High,Low,Close
count,18897,18897,18897,18897
mean,495.1647351431444,662.7669471344658,330.22426840239194,498.0591099116262
std,288.4806142275655,235.57874799959959,233.69148413252026,229.72401678381314
min,0.0,0.0,0.0,0.0
max,999.0,999.0,991.0,998.0
