stats,Open,High,Low,Close
count,18303,18303,18303,18303
mean,496.24356662842155,664.0728842266295,329.10610282467354,497.44107523356826
std,287.0247739481976,235.420557887773,233.87576546573632,228.65677554612193
min,0.0,9.0,0.0,0.0
max,999.0,999.0,998.0,998.0
