stats,Open,High,Low,Close
count,13711,13711,13711,13711
mean,498.7130770913865,664.7044708628109,330.61935672088106,497.7231420027715
std,287.11695495715884,236.45385597211174,234.07475231948885,229.66590853653682
min,0.0,7.0,0.0,1.0
max,999.0,999.0,990.0,997.0
