stats,Open,High,Low,Close
count,10648,10648,10648,10648
mean,498.2497182569497,665.4538880540947,335.0615138993238,497.8971637866266
std,288.3865463772766,234.07422714026356,238.71696838213302,230.73289954024295
min,0.0,2.0,0.0,2.0
max,999.0,999.0,989.0,995.0
