stats,Open,High,Low,Close
count,14482,14482,14482,14482
mean,498.18443585140176,665.544676149703,331.4751415550338,498.80907333241265
std,289.85640467999457,235.74261397218217,237.303514331087,231.2008991073944
min,0.0,10.0,0.0,0.0
max,999.0,999.0,985.0,998.0
