stats,Open,High,Low,Close
count,13302,13302,13302,13302
mean,503.188016839573,669.2075627725154,336.38941512554504,502.54766200571345
std,290.68336388842727,235.1204551775815,238.65880903081955,231.4375100317946
min,0.0,1.0,0.0,1.0
max,999.0,999.0,992.0,994.0
