stats,Open,High,Low,Close
count,13449,13449,13449,13449
mean,495.3470146479292,664.0673656033906,333.6457729199197,499.384415198156
std,290.0352956893107,239.11631678145116,236.12128396711867,231.1467941915012
min,0.0,9.0,0.0,8.0
max,999.0,999.0,987.0,998.0
