stats,Open,High,Low,Close
count,10656,10656,10656,10656
mean,499.50328453453454,663.9881756756756,332.66966966966964,496.5272147147147
std,291.1910324030448,237.59964483502154,238.15903602800128,232.19021112941056
min,0.0,3.0,0.0,3.0
max,999.0,999.0,991.0,993.0
