stats,Open,High,Low,Close
count,10835,10835,10835,10835
mean,500.6770650669128,666.4317489616982,333.17840332256577,501.7151822796493
std,287.29471261557876,236.31989366767473,234.21433758433747,229.03869204284345
min,0.0,4.0,0.0,4.0
max,999.0,999.0,982.0,995.0
