stats,Open,High,Low,Close
count,10843,10843,10843,10843
mean,500.91257032186667,668.2159918841649,332.41335423775706,499.83316425343537
std,288.34319981188963,233.45093739842073,235.07875129162053,228.5379287407201
min,0.0,9.0,0.0,6.0
max,999.0,999.0,991.0,997.0
