stats,Open,High,Low,Close
count,17659,17659,17659,17659
mean,499.95792513732374,665.9552069766125,331.3969647205391,497.7962512033524
std,289.4797597457101,235.39855104192543,234.57965738175093,228.0306359746843
min,0.0,4.0,0.0,2.0
max,999.0,999.0,990.0,995.0
