stats,Open,High,Low,Close
count,10969,10969,10969,10969
mean,495.7565867444617,664.5270307229465,330.18415534688666,498.0303582824323
std,290.34896162928106,237.90619152520475,234.6444976972974,231.16553475286025
min,0.0,7.0,0.0,6.0
max,999.0,999.0,997.0,997.0
