stats,Open,High,Low,Close
count,14116,14116,14116,14116
mean,501.3327429866818,665.2069991499009,336.00212524794557,499.1166761122131
std,287.38756147895816,236.6739940614523,237.42507111730626,230.9739941219367
min,0.0,5.0,0.0,2.0
max,999.0,999.0,991.0,996.0
