stats,Open,High,Low,Close
count,16878,16878,16878,16878
mean,498.5451475293281,665.7846308804361,333.05942647233087,498.9978670458585
std,289.0928958674857,237.37146831016233,235.53672498707365,229.638093189878
min,0.0,8.0,0.0,2.0
max,999.0,999.0,995.0,995.0
