stats,Open,High,Low,Close
count,12607,12607,12607,12607
mean,494.51225509637504,664.3387007218212,331.8800666296502,499.2892837312604
std,288.53636403329324,235.60163697652717,235.60846734747847,231.08644989540213
min,0.0,11.0,0.0,7.0
max,999.0,999.0,982.0,996.0
