stats,Open,High,Low,Close
count,17758,17758,17758,17758
mean,498.2366820587904,666.7904606374592,332.7932199572024,500.38422119608066
std,289.425915374292,236.17147560561926,235.43230648238054,229.71166437576338
min,0.0,4.0,0.0,2.0
max,999.0,999.0,994.0,998.0
