stats,Open,High,Low,Close
count,10374,10374,10374,10374
mean,494.182668208984,663.9919992288413,329.6985733564681,497.01301330248697
std,290.1541901272022,236.5346028987096,232.30578402385245,227.85327078864105
min,0.0,8.0,0.0,1.0
max,999.0,999.0,991.0,992.0
