stats,Open,High,Low,Close
count,17985,17985,17985,17985
mean,503.55752015568527,669.4648874061718,334.6714484292466,500.9408951904365
std,289.10327662718123,234.1691987401197,235.36160488226648,228.82212320158362
min,0.0,4.0,0.0,3.0
max,999.0,999.0,992.0,996.0
