stats,Open,High,Low,Close
count,14427,14427,14427,14427
mean,496.8646981354405,667.5351077840161,330.4025784986484,498.0844943508699
std,290.19437735023826,236.17980168147488,235.6055343655099,230.64713119107523
min,0.0,7.0,0.0,5.0
max,999.0,999.0,988.0,995.0
