stats,Open,High,Low,Close
count,11783,11783,11783,11783
mean,498.1766952389035,666.7891878129509,332.24679623185943,499.4491216158873
std,289.0628686936792,236.93610224234033,236.1397632861397,231.72804655759597
min,0.0,3.0,0.0,1.0
max,999.0,999.0,993.0,993.0
