stats,Open,High,Low,Close
count,19337,19337,19337,19337
mean,500.445570667632,668.032890313906,334.972125976108,499.6758545793039
std,287.87448771044626,235.0403405416351,236.74622255066657,230.0940996565482
min,0.0,7.0,0.0,4.0
max,999.0,999.0,995.0,996.0
