stats,Open,High,Low,Close
count,19701,19701,19701,19701
mean,500.40058880259886,665.1875031724278,332.6857519922847,498.5779909649256
std,289.3044693176488,236.07232021939956,235.31564992801694,230.1068197562139
min,0.0,0.0,0.0,0.0
max,999.0,999.0,996.0,997.0
