stats,Open,High,Low,Close
count,17741,17741,17741,17741
mean,499.86032354433235,666.9683783326757,333.89149427878925,499.69449298235725
std,290.29868748023557,235.58411936640866,237.5235978458218,231.67046219260394
min,0.0,6.0,0.0,2.0
max,999.0,999.0,990.0,999.0
