stats,Open,High,Low,Close
count,11069,11069,11069,11069
mean,502.7661035323878,667.907579727166,333.399765109766,500.2113108681904
std,289.2778397038622,237.0921744251787,234.38428247646738,228.65555004404527
min,0.0,6.0,0.0,6.0
max,999.0,999.0,990.0,999.0
