stats,Open,High,Low,Close
count,13128,13128,13128,13128
mean,501.3139853747715,669.6845673369896,337.47364411943937,502.9415752589884
std,287.70680225590195,233.94356203607316,236.75558213876994,228.46189212556175
min,0.0,11.0,0.0,6.0
max,999.0,999.0,984.0,994.0
