stats,Open,High,Low,Close
count,11426,11426,11426,11426
mean,499.4338351129004,664.556800280063,333.7948538421145,498.6241904428496
std,291.6004467132316,237.29198802967173,237.47778486680238,232.85467153268854
min,0.0,12.0,0.0,1.0
max,999.0,999.0,991.0,995.0
