stats,Open,High,Low,Close
count,14435,14435,14435,14435
mean,498.7981295462418,667.5804641496363,330.80457222029787,498.48888119154833
std,288.36046332118843,234.93252922073853,234.02338167111512,229.3611874616162
min,0.0,14.0,0.0,5.0
max,999.0,999.0,996.0,998.0
