stats,Open,High,Low,Close
count,15800,15800,15800,15800
mean,497.1577848101266,664.7701898734177,333.3312658227848,499.3440506329114
std,289.1398185142457,236.00034953905873,235.87302020478754,229.64282221604776
min,0.0,9.0,0.0,0.0
max,999.0,999.0,999.0,999.0
