stats,Open,High,Low,Close
count,18235,18235,18235,18235
mean,496.72766657526734,666.1157663833287,333.62182615848644,499.68127227858514
std,288.51822438058696,235.49628466005524,235.60861100090813,229.48471346635515
min,0.0,0.0,0.0,0.0
max,999.0,999.0,997.0,999.0
