stats,Open,High,Low,Close
count,12568,12568,12568,12568
mean,497.3485837046467,665.8130171865054,331.0173456397199,498.88637810311906
std,289.67435005625214,236.22289649951117,236.44233373025295,231.33410219331063
min,0.0,6.0,0.0,1.0
max,999.0,999.0,987.0,997.0
