stats,Open,High,Low,Close
count,15247,15247,15247,15247
mean,497.5550600118056,665.5635862792681,333.40965435823443,499.31986620318753
std,289.9975457028063,237.70759716820766,237.24498150112004,232.02306411946927
min,0.0,14.0,0.0,2.0
max,999.0,999.0,994.0,997.0
