stats,Open,High,Low,Close
count,18579,18579,18579,18579
mean,496.60923623445825,663.9886430916627,332.73254749986546,498.03735400183
std,289.2125676803964,236.66857877763874,235.71913614245847,229.96313882637497
min,0.0,13.0,0.0,1.0
max,999.0,999.0,997.0,999.0
