stats,Open,High,Low,Close
count,13159,13159,13159,13159
mean,500.93966106847023,665.4837753628696,332.73098259746183,499.02994148491524
std,289.5025554309857,236.97383685323572,234.92001007208523,230.45301517379784
min,0.0,5.0,0.0,3.0
max,999.0,999.0,987.0,998.0
