stats,Open,High,Low,Close
count,13397,13397,13397,13397
mean,498.9874598790774,666.4765992386356,332.90057475554227,501.0023139508845
std,288.70595333795717,235.88369832104047,235.97420217933845,230.76485198171378
min,0.0,1.0,0.0,1.0
max,999.0,999.0,988.0,997.0
