stats,Open,High,Low,Close
count,14954,14954,14954,14954
mean,502.1479202888859,667.7805269493113,333.5658686639026,501.2525076902501
std,287.1993842445713,235.30532160366732,235.96335347052994,229.91031671158072
min,0.0,10.0,0.0,1.0
max,999.0,999.0,987.0,998.0
