stats,Open,High,Low,Close
count,19743,19743,19743,19743
mean,504.08929747252193,666.8829965050904,334.6572456060376,499.57579901737324
std,288.81047050267506,234.15539833287798,236.37229704280176,229.48484880721924
min,0.0,12.0,0.0,0.0
max,999.0,999.0,995.0,998.0
