stats,Open,High,Low,Close
count,19502,19502,19502,19502
mean,499.39037021843916,664.9751307558199,334.0464054968721,500.742129012409
std,287.8123659745573,234.13476985219762,235.61988992165345,229.65365889594634
min,0.0,4.0,0.0,1.0
max,999.0,999.0,997.0,998.0
