stats,Open,High,Low,Close
count,11091,11091,11091,11091
mean,500.9303038499684,668.4293571364169,332.8317554774141,500.72518258047063
std,289.70208651164995,236.7203799186486,238.9000885399445,231.86263585948942
min,0.0,8.0,0.0,5.0
max,999.0,999.0,990.0,996.0
