stats,Open,High,Low,Close
count,17911,17911,17911,17911
mean,499.62241080900003,667.6036513874155,332.8577410529842,498.9811289151918
std,290.90202150809364,236.60399945565973,236.17932879555374,231.8943093770791
min,0.0,5.0,0.0,0.0
max,999.0,999.0,995.0,997.0
