stats,Open,High,Low,Close
count,13620,13620,13620,13620
mean,496.4968428781204,662.9037444933921,332.35506607929517,498.403671071953
std,287.9083978097054,234.72481631510047,235.24526446222274,228.10835010119808
min,0.0,9.0,0.0,2.0
max,999.0,999.0,989.0,991.0
