stats,Open,High,Low,Close
count,16859,16859,16859,16859
mean,497.56622575478974,665.3337089981612,330.6705024022777,497.3857880064061
std,288.6156746277303,236.29965163333208,234.63125941405391,230.6647306971543
min,0.0,6.0,0.0,5.0
max,999.0,999.0,992.0,996.0
