stats,Open,High,Low,Close
count,14070,14070,14070,14070
mean,498.5233830845771,664.7508884150675,332.9637526652452,501.7821606254442
std,289.3172449921324,235.040496427379,236.6655496279191,231.03342625858727
min,0.0,16.0,0.0,1.0
max,999.0,999.0,996.0,996.0
