stats,Open,High,Low,Close
count,19340,19340,19340,19340
mean,497.92559462254394,665.3138572905895,332.7237331954498,498.80734229576007
std,289.02119283181327,235.45945778129405,237.35182508790842,231.01448669644617
min,0.0,9.0,0.0,2.0
max,999.0,999.0,994.0,996.0
