stats,Open,High,Low,Close
count,18634,18634,18634,18634
mean,497.9046366856284,664.9335086401202,333.81995277449823,499.16974347966084
std,287.3312514911578,235.53347569503524,235.8141097709528,229.96081770479873
min,0.0,14.0,0.0,2.0
max,999.0,999.0,997.0,998.0
