stats,Open,High,Low,Close
count,17547,17547,17547,17547
mean,504.1514218954807,670.0079785718357,334.90739157690774,503.04433806348663
std,289.4671051869224,235.81891806162056,237.81028223784546,231.04563674577454
min,0.0,9.0,0.0,5.0
max,999.0,999.0,994.0,997.0
