stats,Open,High,Low,Close
count,10004,10004,10004,10004
mean,503.38404638144743,673.2697920831667,334.65023990403836,505.3325669732107
std,290.5161925812987,235.28893433039158,238.22315092797106,232.7119524199992
min,0.0,11.0,0.0,1.0
max,999.0,999.0,993.0,999.0
