stats,Open,High,Low,Close
count,17648,17648,17648,17648
mean,501.0693563009973,667.8062669990934,332.9435063463282,500.3117067089755
std,288.8969334455468,235.58711692242736,234.5890661527018,228.2542315863163
min,0.0,6.0,0.0,6.0
max,999.0,999.0,994.0,999.0
