stats,Open,High,Low,Close
count,15224,15224,15224,15224
mean,497.88465580662114,667.1751839201261,332.2625459800315,499.7946663163426
std,288.7361614733469,234.8960070434879,236.49305645079627,229.45317442610022
min,0.0,9.0,0.0,2.0
max,999.0,999.0,993.0,998.0
