stats,Open,High,Low,Close
count,11689,11689,11689,11689
mean,501.84523911369666,671.1254170587732,336.0469672341518,503.5472666609633
std,290.8583339313374,234.65763141594468,238.2910104941496,229.6008041631064
min,0.0,2.0,0.0,1.0
max,999.0,999.0,990.0,998.0
