stats,Open,High,Low,Close
count,16148,16148,16148,16148
mean,499.42469655684914,666.6000123854348,331.45807530344314,498.816757493188
std,287.84120440626253,235.46630669094117,234.7767187655186,229.94403270597536
min,0.0,3.0,0.0,3.0
max,999.0,999.0,989.0,994.0
