stats,Open,High,Low,Close
count,18491,18491,18491,18491
mean,497.5398301876589,665.3050132496891,331.60461846303605,499.1137310042723
std,288.5824082479616,236.21690261238155,235.43971477865824,228.9753132881058
min,0.0,2.0,0.0,0.0
max,999.0,999.0,994.0,999.0
