stats,Open,High,Low,Close
count,10720,10720,10720,10720
mean,500.89682835820895,665.9250932835821,336.09169776119404,499.6241604477612
std,289.64588077970467,234.71268099651402,237.8669681736026,230.65417191820168
min,0.0,2.0,0.0,0.0
max,999.0,999.0,995.0,995.0
