stats,Open,High,Low,Close
count,12240,12240,12240,12240
mean,498.8748366013072,663.1679738562092,331.0749183006536,497.2474673202614
std,287.4476824264498,235.51521641287397,235.3894305750916,229.4770239125424
min,0.0,2.0,0.0,2.0
max,999.0,999.0,990.0,992.0
