stats,Open,High,Low,Close
count,16626,16626,16626,16626
mean,499.9056297365572,667.1080837242872,334.81210152772763,499.43227475039095
std,288.8143610589131,235.04940997423498,237.11679213647682,230.87543107955943
min,0.0,7.0,0.0,4.0
max,999.0,999.0,992.0,996.0
