stats,Open,High,Low,Close
count,19373,19373,19373,19373
mean,499.48392092086925,665.6964331801993,333.89547308109223,499.4672482320756
std,287.0858185320509,235.1330881814151,234.48349243584653,228.2714499587079
min,0.0,4.0,0.0,1.0
max,999.0,999.0,993.0,997.0
