stats,Open,High,Low,Close
count,16870,16870,16870,16870
mean,497.41481920569055,663.6501481920569,334.5454653230587,497.5284528749259
std,289.79595225134705,236.76391517900822,237.74432264820672,231.30483121146472
min,0.0,11.0,0.0,1.0
max,999.0,999.0,992.0,995.0
