stats,Open,High,Low,Close
count,18147,18147,18147,18147
mean,501.60219319997793,666.575411913815,333.8178762329862,499.5057034220532
std,289.08167777317743,235.29136426268153,235.38500429496094,229.93920771825285
min,0.0,6.0,0.0,0.0
max,999.0,999.0,992.0,997.0
