stats,Open,High,Low,Close
count,11819,11819,11819,11819
mean,499.2440138759624,667.5013960571961,334.4964040951011,501.3684744902276
std,289.4882781980618,236.68827861977593,236.35200080690376,230.11322610039676
min,0.0,3.0,0.0,3.0
max,999.0,999.0,990.0,998.0
