stats,Open,High,Low,Close
count,12115,12115,12115,12115
mean,497.5073875361123,664.401155592241,330.8196450680974,498.3564176640528
std,288.05256094619,237.1170122445364,233.75788499386178,229.46775510881912
min,0.0,11.0,0.0,2.0
max,999.0,999.0,992.0,997.0
