stats,Open,High,Low,Close
count,10747,10747,10747,10747
mean,500.35796036103096,665.7931515771843,332.6225923513539,497.32753326509726
std,288.4708147053466,238.1664757336886,235.3479142149911,230.89800882335027
min,0.0,5.0,0.0,4.0
max,999.0,999.0,997.0,997.0
