stats,Open,High,Low,Close
count,16612,16612,16612,16612
mean,495.41686732482543,662.2199012761859,330.0947507825668,499.1823380688659
std,286.8931948778483,234.93862284597762,234.4673584929889,228.78387312985595
min,0.0,5.0,0.0,4.0
max,999.0,999.0,993.0,997.0
