stats,Open,High,Low,Close
count,13841,13841,13841,13841
mean,498.91698576692437,665.8776822483925,332.5951882089444,498.81598150422656
std,288.16122349085526,234.01414566144643,233.86783031208,229.06809894148455
min,0.0,3.0,0.0,2.0
max,999.0,999.0,992.0,995.0
