stats,Open,High,Low,Close
count,10001,10001,10001,10001
mean,496.996100389961,663.7722227777223,331.63243675632435,497.75712428757123
std,288.20479851104704,238.47364657829317,236.37221724168757,230.62027427242683
min,0.0,5.0,0.0,3.0
max,999.0,999.0,993.0,997.0
