stats,Open,High,Low,Close
count,12962,12962,12962,12962
mean,500.6321555315538,667.6221262150902,331.95764542508874,498.2500385742941
std,288.58197620035014,236.69797120242674,234.0619613586547,229.70739961845038
min,0.0,5.0,0.0,4.0
max,999.0,999.0,990.0,994.0
