stats,Open,High,Low,Close
count,11064,11064,11064,11064
mean,505.022143890094,669.4838214027476,336.402114967462,501.0163593637021
std,288.4725651147682,235.04425071135904,237.05711151552984,229.91499320020716
min,0.0,11.0,0.0,5.0
max,999.0,999.0,996.0,999.0
