stats,Open,High,Low,Close
count,13846,13846,13846,13846
mean,500.7927199191102,667.5421060234003,335.790842120468,501.6050845009389
std,290.0297464359612,235.24895228744984,235.9797853690816,229.83357531908715
min,0.0,10.0,0.0,0.0
max,999.0,999.0,989.0,997.0
