stats,Open,High,Low,Close
count,11061,11061,11061,11061
mean,496.75843052165266,666.8911490823615,330.66558177379983,499.04918180996293
std,290.0347445243693,236.8297064352887,234.09966618061455,228.07890025574721
min,0.0,10.0,0.0,7.0
max,999.0,999.0,989.0,998.0
