stats,Open,High,Low,Close
count,18050,18050,18050,18050
mean,501.71080332409974,667.9115789473684,333.3509695290859,500.8452077562327
std,289.9056483898309,237.01324017810487,236.15063960007606,231.31001583524338
min,0.0,5.0,0.0,1.0
max,999.0,999.0,998.0,998.0
