stats,Open,High,Low,Close
count,17599,17599,17599,17599
mean,498.49326666287857,663.86323086539,331.6766861753509,498.15938405591226
std,288.13019123368207,236.93293045805453,234.92281805622602,229.51021290944257
min,0.0,2.0,0.0,0.0
max,999.0,999.0,993.0,993.0
