stats,Open,High,Low,Close
count,13372,13372,13372,13372
mean,495.75912354172897,664.716497158241,330.39335925815135,497.05047861202513
std,289.65003798040755,236.12535004086686,236.51526940032753,231.1862815375119
min,0.0,9.0,0.0,2.0
max,999.0,999.0,994.0,998.0
