stats,Open,High,Low,Close
count,17757,17757,17757,17757
mean,499.75294250154866,664.0947795235681,336.40637495072366,498.7266430140226
std,286.1886049692717,235.42471428528634,235.12014485894804,228.80850781061295
min,0.0,8.0,0.0,3.0
max,999.0,999.0,997.0,999.0
