stats,Open,High,Low,Close
count,19279,19279,19279,19279
mean,495.1028580320556,663.951449763992,330.88324083199336,498.6569324135069
std,289.9704929191921,236.85720627277897,235.4788866489498,230.73396143207057
min,0.0,5.0,0.0,2.0
max,999.0,999.0,990.0,998.0
