stats,Open,High,Low,Close
count,15963,15963,15963,15963
mean,500.3967925828478,667.3936603395351,330.61034893190504,500.5715717596943
std,290.9690286126937,235.926643620811,235.4804021998862,230.25734051926258
min,0.0,6.0,0.0,1.0
max,999.0,999.0,990.0,997.0
