stats,Open,High,Low,Close
count,12231,12231,12231,12231
mean,499.04938271604937,662.8853732319516,331.65530210121824,497.8304308723735
std,289.4094777355705,237.58312902330823,235.6772303153131,229.17470694927147
min,0.0,10.0,0.0,3.0
max,999.0,999.0,991.0,998.0
