stats,Open,High,Low,Close
count,11002,11002,11002,11002
mean,498.707962188693,665.6287038720233,332.64097436829667,499.1530630794401
std,290.1778106172361,236.82815416950965,235.94921252789322,230.72575099013935
min,0.0,4.0,0.0,0.0
max,999.0,999.0,988.0,995.0
