stats,Open,High,Low,Close
count,11210,11210,11210,11210
mean,501.578501338091,665.5636931311329,333.7048171275647,500.61578947368423
std,287.8524433127789,236.03322818813666,235.1047502193158,230.31585564816416
min,0.0,11.0,0.0,4.0
max,999.0,999.0,989.0,995.0
