stats,Open,High,Low,Close
count,18932,18932,18932,18932
mean,497.5225544052398,662.7946862455102,332.53486160997255,497.28142826959646
std,288.1776359625415,237.46159018110194,235.27054211138685,231.59570443039485
min,0.0,6.0,0.0,1.0
max,999.0,999.0,997.0,999.0
