stats,Open,High,Low,Close
count,19391,19391,19391,19391
mean,499.9880872569749,665.9513691918931,331.200092826569,497.97122376360164
std,288.67700339162116,235.51182487633997,234.89867386819037,229.24843481590455
min,0.0,1.0,0.0,1.0
max,999.0,999.0,999.0,999.0
