stats,Open,High,Low,Close
count,14824,14824,14824,14824
mean,503.3627900701565,669.1203453858608,334.8907177549919,502.88862655153804
std,288.1655990248974,235.05069267174937,236.89297425123408,231.9971736903554
min,0.0,5.0,0.0,5.0
max,999.0,999.0,986.0,997.0
