stats,Open,High,Low,Close
count,16238,16238,16238,16238
mean,500.86931888163565,666.5875107771893,334.5780268505974,501.16732356201504
std,288.824626303179,235.20034363771356,234.94607095394622,229.50504465495183
min,0.0,3.0,0.0,2.0
max,999.0,999.0,996.0,996.0
