stats,Open,High,Low,Close
count,18292,18292,18292,18292
mean,497.64159195276625,665.746883883665,334.54963918652965,499.6301661928712
std,287.8406509718751,235.5771043386624,236.47183502231806,230.172173159912
min,0.0,8.0,0.0,1.0
max,999.0,999.0,993.0,998.0
