stats,Open,High,Low,Close
count,13037,13037,13037,13037
mean,500.2422336427092,666.0870599064202,332.090588325535,498.0181023241543
std,289.3071034547909,234.72798594267493,234.97135482731127,227.8166038973934
min,0.0,6.0,0.0,3.0
max,999.0,999.0,993.0,993.0
