stats,Open,High,Low,Close
count,15527,15527,15527,15527
mean,502.63077220325886,668.7105686868036,335.4721452952921,502.6128679075159
std,287.45510648903587,233.8322502857844,236.8033081622626,229.24222012567407
min,0.0,2.0,0.0,2.0
max,999.0,999.0,989.0,998.0
