stats,Open,High,Low,Close
count,18230,18230,18230,18230
mean,498.76791003839827,666.3947339550192,333.23428414701044,501.04717498628634
std,287.37257588074385,234.43199008082203,235.50475301429847,228.70315428314848
min,0.0,8.0,0.0,2.0
max,999.0,999.0,987.0,992.0
