stats,Open,High,Low,Close
count,19125,19125,19125,19125
mean,500.6959477124183,664.135477124183,332.53563398692813,498.4344575163399
std,289.56477295350896,237.7236278029395,235.66364602102237,231.86602971512508
min,0.0,6.0,0.0,2.0
max,999.0,999.0,992.0,999.0
