stats,Open,High,Low,Close
count,13868,13868,13868,13868
mean,497.81222959330836,664.3301124891838,333.0245889818287,497.9518315546582
std,287.402895587612,235.44448983045123,234.89224142926318,230.28456531296285
min,0.0,8.0,0.0,0.0
max,999.0,999.0,993.0,996.0
