stats,Open,High,Low,Close
count,17045,17045,17045,17045
mean,500.6546201232033,665.7618656497507,331.7903197418598,500.0018187151657
std,287.4254626955755,233.94032811550585,235.08545942730012,228.05530021640678
min,0.0,2.0,0.0,1.0
max,999.0,999.0,996.0,997.0
