stats,Open,High,Low,Close
count,15890,15890,15890,15890
mean,499.13020767778477,668.6191315292637,331.4154814348647,500.12724984266833
std,288.03580932407533,233.9416742824544,234.77840092020224,228.55526550529447
min,0.0,6.0,0.0,6.0
max,999.0,999.0,989.0,995.0
