stats,Open,High,Low,Close
count,18292,18292,18292,18292
mean,502.7326153509731,669.3984255412201,336.34577957577085,503.3585720533567
std,287.1027508921238,232.55825409798587,234.4762646606296,227.92291703770888
min,0.0,8.0,0.0,2.0
max,999.0,999.0,989.0,996.0
