stats,Open,High,Low,Close
count,15627,15627,15627,15627
mean,497.9795226211045,665.8026492608946,332.07960581045626,497.8783515709989
std,289.63738075157727,237.13811953476744,235.7776614850146,230.98726609116667
min,0.0,6.0,0.0,2.0
max,999.0,999.0,994.0,998.0
