stats,Open,High,Low,Close
count,17446,17446,17446,17446
mean,497.5676946004815,665.5451106270779,331.0460850624785,497.30522755932594
std,288.7678251446822,235.83280921176433,234.63744129855948,228.8512208067331
min,0.0,9.0,0.0,4.0
max,999.0,999.0,992.0,997.0
