stats,Open,High,Low,Close
count,12869,12869,12869,12869
mean,498.47338565545107,669.5832621027275,333.76812495143366,503.21182687077476
std,288.2159955075559,235.0728612162736,234.65734681404226,228.69962955703207
min,0.0,11.0,0.0,1.0
max,999.0,999.0,985.0,993.0
