stats,Open,High,Low,Close
count,18934,18934,18934,18934
mean,499.61291855920564,665.3835956480406,332.69805640646456,499.74691032005916
std,288.7997840613231,235.76778730277627,236.21457636250543,230.61383338067623
min,0.0,4.0,0.0,2.0
max,999.0,999.0,992.0,998.0
