stats,Open,High,Low,Close
count,19158,19158,19158,19158
mean,497.40453074433657,664.440494832446,333.9451404113164,499.162908445558
std,288.6639352428318,236.58374530441074,234.34268272073228,229.7290626316337
min,0.0,3.0,0.0,0.0
max,999.0,999.0,994.0,997.0
