stats,Open,High,Low,Close
count,19259,19259,19259,19259
mean,499.7572563476816,665.1708292227011,331.6316527337868,498.9779323952438
std,290.4927383963952,236.70175636218264,236.64823759158395,231.52665829210636
min,0.0,7.0,0.0,2.0
max,999.0,999.0,992.0,995.0
