stats,Open,High,Low,Close
count,14351,14351,14351,14351
mean,501.4302139223747,667.2537802243746,333.3064594801756,499.31865375235174
std,287.7222910805072,236.34750145658055,234.52045640680223,228.94513193184247
min,0.0,9.0,0.0,3.0
max,999.0,999.0,991.0,997.0
