stats,Open,High,Low,Close
count,17144,17144,17144,17144
mean,500.6482734484368,667.0414722351843,334.4888007466169,500.7987050863276
std,288.8719259844031,234.39785170801304,237.21370889636813,229.85956902888398
min,0.0,5.0,0.0,3.0
max,999.0,999.0,987.0,998.0
