stats,Open,High,Low,Close
count,11991,11991,11991,11991
mean,494.3656909348678,663.7433074806105,331.2240847302143,499.6296388958385
std,288.66990470432853,236.47392687167533,234.79179051755443,230.64197244157035
min,0.0,9.0,0.0,3.0
max,999.0,999.0,989.0,997.0
