stats,Open,High,Low,Close
count,15610,15610,15610,15610
mean,500.1030749519539,664.9889814221652,330.3790518898142,497.76822549647665
std,289.44262106570307,235.87287807984998,234.19271268276506,229.05200591410957
min,0.0,0.0,0.0,0.0
max,999.0,999.0,994.0,998.0
