stats,Open,High,Low,Close
count,15706,15706,15706,15706
mean,497.66948936712083,666.5140073857125,331.42747994397047,498.4338469374761
std,288.6329849832328,236.56364781239802,235.9186335352391,230.7579750058029
min,0.0,3.0,0.0,3.0
max,999.0,999.0,993.0,998.0
