stats,Open,High,Low,Close
count,10988,10988,10988,10988
mean,499.1527120495086,666.0566072078631,335.53694939934473,501.46823807790315
std,290.25355410601463,238.2336197056405,236.42473076525707,232.74945912533437
min,0.0,8.0,0.0,5.0
max,999.0,999.0,998.0,998.0
