stats,Open,High,Low,Close
count,14644,14644,14644,14644
mean,499.26850587271235,666.7081398524994,331.87633160338703,499.8988664299372
std,289.9845620886351,236.004630875242,236.0633955639062,230.92269886537883
min,0.0,7.0,0.0,5.0
max,999.0,999.0,997.0,999.0
