stats,Open,High,Low,Close
count,10153,10153,10153,10153
mean,499.21215404313995,667.437900128041,333.82822810991826,501.80478676253324
std,290.51563473390166,237.25724583029762,236.86008404102398,230.3041426832212
min,0.0,1.0,0.0,1.0
max,999.0,999.0,996.0,996.0
