stats,Open,High,Low,Close
count,13847,13847,13847,13847
mean,501.3369682963819,666.7120675958691,330.8752076262006,497.1213259189716
std,289.71672095086524,234.27529652342164,236.3095790024699,230.61269248906183
min,0.0,12.0,0.0,4.0
max,999.0,999.0,994.0,997.0
