stats,Open,High,Low,Close
count,19972,19972,19972,19972
mean,500.60529741638294,666.6254756659323,333.8432305227318,500.9283496895654
std,288.0800584074712,236.16211384708447,236.4893919288047,229.65712899651845
min,0.0,7.0,0.0,2.0
max,999.0,999.0,992.0,996.0
