stats,Open,High,Low,Close
count,13023,13023,13023,13023
mean,501.34224065115563,666.6570682638409,335.18283037702525,501.0691085003455
std,289.29629050136646,237.2942904594668,235.5613678338045,230.94061928595676
min,0.0,2.0,0.0,0.0
max,999.0,999.0,987.0,999.0
