stats,Open,High,Low,Close
count,12141,12141,12141,12141
mean,498.4372786426159,666.0622683469237,332.54698953957666,499.213244378552
std,287.96009005912697,235.60346138214814,233.94482347731972,228.39580281574405
min,0.0,9.0,0.0,2.0
max,999.0,999.0,995.0,999.0
