stats,Open,High,Low,Close
count,14795,14795,14795,14795
mean,496.2637377492396,662.8616424467725,329.22791483609325,497.3274079080771
std,288.0494774860944,235.68539833453616,233.133736631613,228.75189832649323
min,0.0,5.0,0.0,3.0
max,999.0,999.0,992.0,997.0
