stats,Open,High,Low,Close
count,19775,19775,19775,19775
mean,498.324399494311,666.9448798988622,331.19534766118835,499.5514032869785
std,287.3690374562683,235.02476320650487,234.5950857794588,229.83779724472197
min,0.0,4.0,0.0,3.0
max,999.0,999.0,994.0,994.0
