stats,Open,High,Low,Close
count,19280,19280,19280,19280
mean,498.6872925311203,667.8232883817427,333.43127593361,500.16846473029045
std,289.28677250980877,236.14101995027343,238.0043373028276,232.21006286471652
min,0.0,6.0,0.0,1.0
max,999.0,999.0,994.0,999.0
