stats,Open,High,Low,Close
count,16156,16156,16156,16156
mean,498.9048031691013,668.7740158455064,331.5286580836841,499.2188041594454
std,289.4096140483898,235.87033928935392,234.690634291792,230.20276147638313
min,0.0,7.0,0.0,3.0
max,999.0,999.0,995.0,997.0
