stats,Open,High,Low,Close
count,17250,17250,17250,17250
mean,499.3007536231884,664.572,331.2192463768116,498.50063768115945
std,289.1871850467407,236.64123719080774,234.21571078250864,229.6287650342873
min,0.0,13.0,0.0,2.0
max,999.0,999.0,989.0,993.0
