stats,Open,High,Low,Close
count,13744,13744,13744,13744
mean,497.6607974388824,666.8109720605355,333.49854481955765,501.11699650756697
std,288.61599514501,234.74750840452538,236.67366453875582,228.57218101042912
min,0.0,7.0,0.0,5.0
max,999.0,999.0,988.0,992.0
