stats,Open,High,Low,Close
count,16814,16814,16814,16814
mean,503.0188533365053,667.5266444629475,334.92494349946475,500.95105269418343
std,289.4363552434315,234.36743236667354,236.01125631553478,229.3897866586515
min,0.0,14.0,0.0,5.0
max,999.0,999.0,999.0,999.0
