stats,Open,High,Low,Close
count,16804,16804,16804,16804
mean,500.67037610092837,668.5572482742205,333.7367888597953,499.59914306117594
std,288.6961709025699,234.28497802259255,236.35316220361372,230.05647622880588
min,0.0,2.0,0.0,1.0
max,999.0,999.0,986.0,999.0
