stats,Open,High,Low,Close
count,17107,17107,17107,17107
mean,497.89448763663995,665.6307359560413,332.658327000643,499.81656631788155
std,288.9559916268445,237.13526595556627,236.55870576768822,231.1978219038806
min,0.0,3.0,0.0,3.0
max,999.0,999.0,996.0,997.0
