stats,Open,High,Low,Close
count,13256,13256,13256,13256
mean,496.4515691007845,664.5929390464695,332.8863910681955,499.9627338563669
std,288.19356640440213,237.18381450549992,236.48890195368895,231.43716304184107
min,0.0,18.0,0.0,4.0
max,999.0,999.0,996.0,996.0
