stats,Open,High,Low,Close
count,17897,17897,17897,17897
mean,500.16790523551435,667.4484550483321,331.68994803598366,498.5176845281332
std,287.667237169791,234.87381606168512,234.4268989949244,228.83143999673976
min,0.0,5.0,0.0,2.0
max,999.0,999.0,989.0,999.0
