stats,Open,High,Low,Close
count,15435,15435,15435,15435
mean,496.20084224165856,665.4722384191772,329.50955620343376,496.73747975380627
std,289.53460189278366,235.51578263525522,236.10023301520542,229.61938921243419
min,0.0,11.0,0.0,9.0
max,999.0,999.0,993.0,995.0
