stats,Open,High,Low,Close
count,17854,17854,17854,17854
mean,501.9756357118853,667.8879242746723,336.0618348829394,502.68959336843284
std,287.81371564431396,234.9333536455721,236.45430538110332,228.78129087104384
min,0.0,5.0,0.0,3.0
max,999.0,999.0,995.0,996.0
