stats,Open,High,Low,Close
count,15451,15451,15451,15451
mean,499.05837809850493,665.6565270856255,330.73801048475826,497.75004854054754
std,288.7587399977887,235.4330871470186,234.0353472965908,228.7772343506176
min,0.0,7.0,0.0,5.0
max,999.0,999.0,996.0,998.0
