stats,Open,High,Low,Close
count,12564,12564,12564,12564
mean,497.23424068767906,667.8124005093919,331.400270614454,499.32577204711873
std,288.2399542799471,232.96948429344985,235.0110695710077,228.72549807077326
min,0.0,5.0,0.0,4.0
max,999.0,999.0,992.0,994.0
