stats,Open,High,Low,Close
count,17448,17448,17448,17448
mean,501.55565107748737,668.5048716185236,335.75028656579553,502.6581843191197
std,288.12984003872765,234.1694101232451,237.1907504773926,229.81451890046844
min,0.0,9.0,0.0,1.0
max,999.0,999.0,988.0,995.0
