stats,Open,High,Low,Close
count,15519,15519,15519,15519
mean,496.5856691797152,666.4430053482828,331.01301630259684,497.88246665377926
std,288.20227819117514,234.5774906774016,235.2586968110406,229.56563174159086
min,0.0,4.0,0.0,1.0
max,999.0,999.0,993.0,999.0
