stats,Open,High,Low,Close
count,10367,10367,10367,10367
mean,500.1381306067329,664.1562650718627,336.6764734252918,501.2187711006077
std,288.64898302941253,236.11444910155458,237.2527007197803,229.23097445910437
min,0.0,6.0,0.0,4.0
max,999.0,999.0,992.0,993.0
