stats,Open,High,Low,Close
count,10215,10215,10215,10215
mean,502.3722956436613,668.8776309348997,331.807342143906,501.55408712677433
std,288.58472082995223,234.16822393716586,234.3535837103817,229.80273035003918
min,0.0,11.0,0.0,1.0
max,999.0,999.0,997.0,999.0
