stats,Open,High,Low,Close
count,10168,10168,10168,10168
mean,494.49773800157357,661.9304681353265,330.81520456333595,494.88198269079464
std,287.82668747189814,236.0082889354635,234.69772539258508,230.37276859260552
min,0.0,16.0,0.0,4.0
max,999.0,999.0,988.0,993.0
