stats,Open,High,Low,Close
count,13746,13746,13746,13746
mean,500.2432707696785,669.378946602648,334.5534701003928,501.10883166011934
std,287.9659813917086,235.5251894872866,235.00210895077424,230.0848207725433
min,0.0,5.0,0.0,1.0
max,999.0,999.0,993.0,993.0
