stats,Open,High,Low,Close
count,16423,16423,16423,16423
mean,502.3281982585398,669.8224441332278,332.3035986117031,500.11995372343665
std,288.13065221280004,236.1644244636277,234.94175075701466,228.9612912868809
min,0.0,8.0,0.0,7.0
max,999.0,999.0,997.0,997.0
