stats,Open,High,Low,Close
count,17166,17166,17166,17166
mean,496.5020389141326,661.2056390539439,330.0644296865898,494.30997320284285
std,288.0092820449565,237.9912812114384,235.1905771038641,230.30167498116685
min,0.0,3.0,0.0,3.0
max,999.0,999.0,992.0,998.0
