stats,Open,High,Low,Close
count,13596,13596,13596,13596
mean,498.5278022947926,664.3536334215946,334.84105619299794,498.251912327155
std,290.2704675881798,237.78068553175984,235.82388650182966,230.88916223426438
min,0.0,5.0,0.0,5.0
max,999.0,999.0,993.0,993.0
