stats,Open,High,Low,Close
count,19950,19950,19950,19950
mean,501.254686716792,666.6507268170426,333.7761403508772,500.7445112781955
std,289.1097864858206,235.82124149654652,236.37851119243464,231.02174032367586
min,0.0,3.0,0.0,1.0
max,999.0,999.0,993.0,998.0
