stats,Open,High,Low,Close
count,13439,13439,13439,13439
mean,501.7769923357393,667.996130664484,333.6621028350324,502.0948731304413
std,290.84651210503415,235.36453753803858,236.76728768939515,231.05694397397448
min,0.0,11.0,0.0,3.0
max,999.0,999.0,995.0,997.0
