stats,Open,High,Low,Close
count,12483,12483,12483,12483
mean,500.21901786429544,666.8702235039653,334.0054474084755,499.47152126892576
std,288.94640023435625,236.13996413143778,235.96438427206496,229.37334718907942
min,0.0,12.0,0.0,4.0
max,999.0,999.0,993.0,994.0
