stats,Open,High,Low,Close
count,18917,18917,18917,18917
mean,498.52962943384256,666.4101073108844,333.2497753343553,499.7121636623143
std,289.814348615256,236.22076643739916,236.32574495707658,230.54926986395643
min,0.0,8.0,0.0,2.0
max,999.0,999.0,984.0,997.0
