stats,Open,High,Low,Close
count,16802,16802,16802,16802
mean,496.8280561837876,665.0878466849184,329.117545530294,496.37947863349603
std,288.5306629647586,236.65697295063475,232.24096540190075,228.68013060486697
min,0.0,11.0,0.0,7.0
max,999.0,999.0,994.0,997.0
