stats,Open,High,Low,Close
count,18612,18612,18612,18612
mean,500.05716741886954,666.9868901783796,332.40721040189123,499.1009026434558
std,289.1314726883699,237.24520442754473,234.70921132691473,231.0936596690661
min,0.0,6.0,0.0,3.0
max,999.0,999.0,995.0,997.0
