stats,Open,High,Low,Close
count,13752,13752,13752,13752
mean,503.05962769051774,669.6759016870274,334.40248691099475,500.0617364746946
std,288.2323496093109,235.1088274639973,235.49757306265863,230.44434011343307
min,0.0,11.0,0.0,4.0
max,999.0,999.0,996.0,998.0
