stats,Open,High,Low,Close
count,10294,10294,10294,10294
mean,498.15455605206915,670.2236254128619,333.00728579755196,499.63920730522636
std,289.8159721062269,235.53715421699926,237.16927495230408,231.96484748943917
min,0.0,7.0,0.0,2.0
max,999.0,999.0,994.0,998.0
