stats,Open,High,Low,Close
count,10573,10573,10573,10573
mean,500.3318830984583,667.7339449541284,336.2792963208172,502.35581197389575
std,287.9489572952083,234.2400526169994,236.26052922382684,228.52694222245023
min,0.0,11.0,0.0,2.0
max,999.0,999.0,994.0,997.0
