stats,Open,High,Low,Close
count,12651,12651,12651,12651
mean,499.8159038811161,665.049561299502,332.20172318393804,497.44834400442653
std,289.2819990246448,236.08574176436835,236.08753036170123,229.05298919057762
min,0.0,2.0,0.0,1.0
max,999.0,999.0,989.0,995.0
