stats,Open,High,Low,Close
count,14282,14282,14282,14282
mean,500.41079680716985,665.5116230219858,333.65530037809833,498.7134855062316
std,286.2713186790909,236.73117324067675,233.86031757642922,230.67364799714179
min,0.0,4.0,0.0,1.0
max,999.0,999.0,997.0,997.0
