stats,Open,High,Low,Close
count,15284,15284,15284,15284
mean,498.26092645904214,666.1963491232661,334.2304370583617,499.81889557707404
std,290.76378417293455,236.8352254570519,237.22345534991382,231.1151820140503
min,0.0,3.0,0.0,1.0
max,999.0,999.0,991.0,997.0
