stats,Open,High,Low,Close
count,18057,18057,18057,18057
mean,497.18618818186854,665.660630226505,331.7243174392203,499.0205460486238
std,287.2971982256222,235.31464389557937,235.86743482900806,229.7448278905966
min,0.0,9.0,0.0,2.0
max,999.0,999.0,996.0,998.0
