stats,Open,High,Low,Close
count,16795,16795,16795,16795
mean,497.54992557308725,663.679726108961,332.9456981244418,496.8048228639476
std,287.9208227894418,235.8357501036671,235.5535377031954,229.46790538721385
min,0.0,5.0,0.0,3.0
max,999.0,999.0,987.0,991.0
