stats,Open,High,Low,Close
count,13575,13575,13575,13575
mean,498.6567955801105,664.6749907918969,331.4089871086556,497.22858195211785
std,290.36152912057327,237.30391998243124,236.67253475343043,231.01864861802213
min,0.0,5.0,0.0,4.0
max,999.0,999.0,992.0,996.0
