stats,Open,High,Low,Close
count,13416,13416,13416,13416
mean,500.5349582587955,665.515503875969,330.2207811568277,496.5916815742397
std,287.70255294599366,235.0005255741815,236.16416491000874,229.70902679434704
min,0.0,5.0,0.0,2.0
max,999.0,999.0,993.0,994.0
