stats,Open,High,Low,Close
count,14567,14567,14567,14567
mean,496.4235601015995,665.3130363149585,330.1889888103247,498.2626484519805
std,286.8030851559336,234.13201048866878,233.62682124422852,227.91279715653963
min,0.0,14.0,0.0,5.0
max,999.0,999.0,986.0,997.0
