stats,Open,High,Low,Close
count,16555,16555,16555,16555
mean,499.476532769556,664.5610993657506,332.3400181214135,498.02337662337663
std,288.5776670685215,236.80818891422743,236.13048170014392,229.628719447392
min,0.0,10.0,0.0,4.0
max,999.0,999.0,996.0,998.0
