stats,Open,High,Low,Close
count,12501,12501,12501,12501
mean,498.5819534437245,664.8127349812015,332.0147188224942,499.52283817294614
std,288.2826828359544,236.06039271552433,235.22498630744778,227.7697003079558
min,0.0,5.0,0.0,0.0
max,999.0,999.0,994.0,996.0
