stats,Open,High,Low,Close
count,18711,18711,18711,18711
mean,501.03500614611727,668.8400940623163,333.41066752177863,501.30185452407676
std,288.5886795756348,235.2894669853744,234.80038219274707,229.56647860400886
min,0.0,2.0,0.0,0.0
max,999.0,999.0,991.0,993.0
