stats,Open,High,Low,Close
count,19991,19991,19991,19991
mean,502.72877795007753,668.0401180531239,335.29958481316595,501.9708868991046
std,290.041314218646,236.82895065257478,236.7048276378015,231.21456883429607
min,0.0,4.0,0.0,0.0
max,999.0,999.0,992.0,999.0
