stats,Open,High,Low,Close
count,10850,10850,10850,10850
mean,496.1919815668203,661.8551152073733,329.28645161290325,497.24460829493086
std,287.708571080537,236.60917904385664,234.4501940960927,228.94782492098128
min,0.0,11.0,0.0,3.0
max,999.0,999.0,993.0,993.0
