stats,Open,High,Low,Close
count,16417,16417,16417,16417
mean,497.81519156971433,663.8272522385332,332.04294329049156,499.41944326003534
std,287.87078527748895,235.10707896072748,234.60284899099045,228.8646912217321
min,0.0,3.0,0.0,0.0
max,999.0,999.0,994.0,998.0
