stats,Open,High,Low,Close
count,13409,13409,13409,13409
mean,498.05354612573643,665.9781490044,332.54523081512417,499.59064807219033
std,289.50478991820216,236.00083440387223,235.13824020367116,229.34816188630245
min,0.0,12.0,0.0,7.0
max,999.0,999.0,988.0,999.0
