stats,Open,High,Low,Close
count,15642,15642,15642,15642
mean,499.84132463879297,667.5260836210203,330.57083493159445,499.79401611047183
std,290.31142765710547,236.85405442080722,235.9188057058578,231.06463531662175
min,0.0,4.0,0.0,3.0
max,999.0,999.0,992.0,999.0
