stats,Open,High,Low,Close
count,16476,16476,16476,16476
mean,502.5711944646759,665.8845593590677,335.4214008254431,499.99514445253703
std,288.5545404629493,236.56291555438935,236.05156726987727,229.67457661843935
min,0.0,1.0,0.0,0.0
max,999.0,999.0,992.0,998.0
