stats,Open,High,Low,Close
count,16034,16034,16034,16034
mean,496.63109642010727,665.9720593738306,332.6211799925159,499.4380691031558
std,289.0678397677305,235.01252788016396,236.73593019517293,231.5762705383338
min,0.0,7.0,0.0,5.0
max,999.0,999.0,993.0,996.0
