stats,Open,High,Low,Close
count,10350,10350,10350,10350
mean,502.50512077294684,666.1808695652173,334.243961352657,499.1168115942029
std,289.69956602869297,237.11671023995578,236.6239144636163,229.9140306116654
min,0.0,6.0,0.0,5.0
max,999.0,999.0,986.0,996.0
