stats,Open,High,Low,Close
count,18278,18278,18278,18278
mean,501.59519641098586,670.0916949338002,333.26895721632565,502.25971112813215
std,289.52945581824997,235.3564255766155,235.08802473398782,230.17597196087584
min,0.0,7.0,0.0,4.0
max,999.0,999.0,997.0,998.0
