stats,Open,High,Low,Close
count,14228,14228,14228,14228
mean,498.66460500421704,666.4127073376441,330.4963452347484,498.1277059319651
std,287.34290123462773,235.5198546294692,233.34433936444466,227.70937877818469
min,0.0,4.0,0.0,0.0
max,999.0,999.0,989.0,995.0
