stats,Open,High,Low,Close
count,18464,18464,18464,18464
mean,501.0661286828423,667.8911395147313,336.57176126516464,502.5849220103986
std,288.6462789220212,234.25964986694441,238.3403816262522,229.65478531067274
min,0.0,8.0,0.0,3.0
max,999.0,999.0,995.0,999.0
