stats,Open,High,Low,Close
count,11212,11212,11212,11212
mean,501.745183731716,668.9940242597218,335.36434177666786,500.1402069211559
std,287.97060694731874,233.91956619013575,236.93937962250814,228.86930745746383
min,0.0,8.0,0.0,0.0
max,999.0,999.0,987.0,995.0
