stats,Open,High,Low,Close
count,12113,12113,12113,12113
mean,503.55106084372164,666.4784116238752,333.73284900520105,499.90274911252374
std,287.173744390703,233.3412757628268,237.09220770000505,228.56913041283522
min,0.0,10.0,0.0,6.0
max,999.0,999.0,995.0,995.0
