stats,Open,High,Low,Close
count,18448,18448,18448,18448
mean,499.78583044232437,667.1319926279272,332.57084778837816,500.6513443191674
std,288.08902311553675,235.91205805969295,236.62198241736453,229.76260778408047
min,0.0,6.0,0.0,1.0
max,999.0,999.0,991.0,997.0
