stats,Open,High,Low,Close
count,18397,18397,18397,18397
mean,499.86530412567265,664.5949339566233,335.1803554927434,500.3351089851606
std,288.5220662718693,236.1766846389116,235.80957016225707,230.55178277521574
min,0.0,4.0,0.0,3.0
max,999.0,999.0,991.0,999.0
