stats,Open,High,Low,Close
count,16618,16618,16618,16618
mean,498.205680587315,668.6765555421832,333.5229269466843,503.1704176194488
std,288.97481666076703,234.53354741711775,235.73661890188882,230.64547465944528
min,0.0,5.0,0.0,1.0
max,999.0,999.0,996.0,998.0
