stats,Open,High,Low,Close
count,15943,15943,15943,15943
mean,498.8890422128834,662.3437245185975,332.92479458069374,495.38468293294864
std,288.34643653821644,237.37925102843386,235.4448338353285,230.61105327713048
min,0.0,12.0,0.0,5.0
max,999.0,999.0,995.0,998.0
