stats,Open,High,Low,Close
count,11594,11594,11594,11594
mean,498.30041400724514,664.9306537864412,331.1584440227704,496.1264447127825
std,289.7065602043687,235.93987611210406,235.78032266728408,230.62530120323072
min,0.0,7.0,0.0,2.0
max,999.0,999.0,996.0,997.0
