stats,Open,High,Low,Close
count,15741,15741,15741,15741
mean,501.6450034940601,669.0178514706816,334.343688456896,500.5946890286513
std,287.2742795791516,232.5197462593056,235.91225522000565,228.72761999741667
min,0.0,10.0,0.0,3.0
max,999.0,999.0,994.0,997.0
