stats,Open,High,Low,Close
count,19036,19036,19036,19036
mean,501.660905652448,667.2212649716326,334.2757407018281,499.9243013238075
std,286.1296904289994,235.01415949517167,235.1005867184037,228.89434154470774
min,0.0,10.0,0.0,7.0
max,999.0,999.0,998.0,999.0
