stats,Open,High,Low,Close
count,15242,15242,15242,15242
mean,494.14000787298255,662.9195643616323,329.3613042907755,495.6763548090802
std,289.7811501249377,236.78617325224548,234.56966075382198,229.26426321072634
min,0.0,5.0,0.0,5.0
max,999.0,999.0,985.0,997.0
