stats,Open,High,Low,Close
count,12395,12395,12395,12395
mean,501.60798709156916,664.341912061315,334.086163775716,500.9511093182735
std,286.78889862489046,235.37707105459202,236.32776870930365,228.72948408503223
min,0.0,14.0,0.0,2.0
max,999.0,999.0,989.0,994.0
