stats,Open,High,Low,Close
count,17732,17732,17732,17732
mean,500.07376494473266,666.2475186104218,331.73815700428605,500.27470110534625
std,288.2253890291844,234.3450167199537,234.69153425705315,229.4204408990718
min,0.0,12.0,0.0,1.0
max,999.0,999.0,986.0,993.0
