stats,Open,High,Low,Close
count,12699,12699,12699,12699
mean,501.6954878336877,668.008504606662,333.31514292463976,499.7557287975431
std,291.3649842719756,237.5359291044006,236.96228229794025,233.18490427192378
min,0.0,5.0,0.0,3.0
max,999.0,999.0,997.0,997.0
