stats,Open,High,Low,Close
count,14671,14671,14671,14671
mean,501.74971031286213,665.8665394315316,334.50671392543114,500.8573376047986
std,288.14768459023776,233.913454518516,235.77196865991502,228.50805943070344
min,0.0,8.0,0.0,5.0
max,999.0,999.0,990.0,995.0
