stats,Open,High,Low,Close
count,13024,13024,13024,13024
mean,503.95247235872233,668.8001382063882,334.3374539312039,500.9983875921376
std,290.7283932855488,236.02688290536705,238.82290657012112,232.02504004861885
min,0.0,6.0,0.0,4.0
max,999.0,999.0,996.0,996.0
