stats,Open,High,Low,Close
count,13765,13765,13765,13765
mean,496.15532146749,664.7513258263713,328.1112967671631,496.90497638939337
std,288.5154485387776,236.108821217815,234.04784436831426,230.21647219671323
min,0.0,10.0,0.0,1.0
max,999.0,999.0,994.0,994.0
