stats,Open,High,Low,Close
count,12946,12946,12946,12946
mean,501.325042484165,668.5285030125135,332.00339873319945,498.49806890159124
std,289.36426985028567,233.98659576454517,235.81824738056312,230.21780783878643
min,0.0,20.0,0.0,1.0
max,999.0,999.0,991.0,994.0
