stats,Open,High,Low,Close
count,11464,11464,11464,11464
mean,500.99171318911374,668.8569434752268,332.8488311235171,500.74127704117234
std,288.67146228720696,233.57836762903256,235.42805986303915,228.295318367141
min,0.0,8.0,0.0,2.0
max,999.0,999.0,995.0,998.0
