stats,Open,High,Low,Close
count,12019,12019,12019,12019
mean,502.85481321241366,667.2335468841002,330.8465762542641,499.8603877194442
std,290.1664512825583,236.2095651777654,236.03268724136765,230.12162082326697
min,0.0,6.0,0.0,5.0
max,999.0,999.0,997.0,997.0
