stats,Open,High,Low,Close
count,15410,15410,15410,15410
mean,499.5040882543803,668.6970798182998,331.94133679428944,500.25451005840364
std,288.7696649814318,235.37363048070145,235.93202516606175,230.5078781191201
min,0.0,0.0,0.0,0.0
max,999.0,999.0,989.0,999.0
