stats,Open,High,Low,Close
count,13944,13944,13944,13944
mean,500.5227337923121,663.9036144578313,333.9108577165806,498.42670682730926
std,288.644619189168,235.56065998503385,235.7842634809781,229.9350686037701
min,0.0,4.0,0.0,0.0
max,999.0,999.0,996.0,996.0
