stats,Open,High,Low,Close
count,14211,14211,14211,14211
mean,498.55386672296106,665.4074308634157,329.3583843501513,496.80634719583423
std,289.63144523448307,235.5125966463794,235.2857241182662,229.79465010126762
min,0.0,10.0,0.0,4.0
max,999.0,999.0,989.0,999.0
