stats,Open,High,Low,Close
count,19749,19749,19749,19749
mean,501.9932654817965,667.916198288521,334.6592232518102,500.7125930426857
std,287.0465666422814,234.41859934714861,236.39110973944986,230.05037170207052
min,0.0,8.0,0.0,2.0
max,999.0,999.0,996.0,996.0
