stats,Open,High,Low,Close
count,15171,15171,15171,15171
mean,500.1982071056621,665.4543537011403,333.2159383033419,496.9286797178828
std,288.42940925985306,234.6320261223173,235.95448660407092,228.70993751811926
min,0.0,3.0,0.0,3.0
max,999.0,999.0,993.0,997.0
