stats,Open,High,Low,Close
count,14561,14561,14561,14561
mean,501.180619462949,667.6165785316942,334.51425039489044,501.2170867385482
std,287.9789769030122,234.89894138106888,235.20047698617063,229.55046531341577
min,0.0,3.0,0.0,3.0
max,999.0,999.0,988.0,995.0
