stats,Open,High,Low,Close
count,15940,15940,15940,15940
mean,500.8276035131744,666.3023839397741,332.9127979924718,499.92647427854456
std,288.3231321141361,236.34576512384623,235.23645822570788,230.13770074503972
min,0.0,6.0,0.0,1.0
max,999.0,999.0,995.0,997.0
