stats,Open,High,Low,Close
count,18227,18227,18227,18227
mean,496.35661381467054,663.4628847314424,331.6077248038624,497.6130465792506
std,287.9340579503623,235.48502163709813,234.8310464785927,229.96566805362363
min,0.0,2.0,0.0,2.0
max,999.0,999.0,992.0,997.0
