stats,Open,High,Low,Close
count,13658,13658,13658,13658
mean,500.28137355396103,666.6813589105286,331.9524820617953,501.8377507687802
std,287.59608263979686,235.90964492314822,233.34388849523907,229.32687337860452
min,0.0,6.0,0.0,1.0
max,999.0,999.0,990.0,996.0
