stats,Open,High,Low,Close
count,16800,16800,16800,16800
mean,499.5908928571429,664.8398214285714,331.62101190476193,499.75160714285715
std,288.97765003469243,235.92358073358244,236.8123159371373,230.60696723021127
min,0.0,2.0,0.0,1.0
max,999.0,999.0,994.0,995.0
