stats,Open,High,Low,Close
count,19712,19712,19712,19712
mean,497.1447341720779,664.5569703733767,330.22118506493507,495.6685267857143
std,290.06130114663824,237.48019791707478,235.26116685927548,230.138379222351
min,0.0,2.0,0.0,2.0
max,999.0,999.0,988.0,998.0
