stats,Open,High,Low,Close
count,12213,12213,12213,12213
mean,501.8255137967739,666.9806763285025,334.1705559649554,502.59174649963154
std,289.5089406656456,235.59847263482524,236.42003232502626,228.77763525111982
min,0.0,6.0,0.0,3.0
max,999.0,999.0,996.0,996.0
