stats,Open,High,Low,Close
count,12453,12453,12453,12453
mean,500.82486147916165,664.9460370994941,329.42142455633183,496.1739339918092
std,288.69301266081584,235.60515198846036,234.61942452121667,228.3395729815164
min,0.0,13.0,0.0,3.0
max,999.0,999.0,996.0,996.0
