stats,Open,High,Low,Close
count,16217,16217,16217,16217
mean,504.7862736634396,667.7981747548869,337.5722390084479,501.56890916939017
std,288.8978389471444,235.76775785804617,237.90529145521964,230.59802153534116
min,0.0,2.0,0.0,2.0
max,999.0,999.0,990.0,997.0
