stats,Open,High,Low,Close
count,13910,13910,13910,13910
mean,500.5846872753415,668.415672178289,331.1023005032351,498.9176132278936
std,287.5777451469478,234.57690209888085,233.2093914844325,228.2761928997157
min,0.0,11.0,0.0,2.0
max,999.0,999.0,990.0,999.0
