stats,Open,High,Low,Close
count,16381,16381,16381,16381
mean,501.09120322324645,666.6956840241744,334.4556498382272,500.2327696721812
std,288.4992979490907,234.4149842878224,235.82244089183132,229.51187166195908
min,0.0,7.0,0.0,3.0
max,999.0,999.0,990.0,994.0
