stats,Open,High,Low,Close
count,18945,18945,18945,18945
mean,498.6617049353391,665.3066244391661,333.7522301398786,499.66439693850623
std,288.6956116573094,236.3782374213116,236.56408798517023,230.6986023687835
min,0.0,14.0,0.0,1.0
max,999.0,999.0,987.0,998.0
