stats,Open,High,Low,Close
count,17586,17586,17586,17586
mean,502.8849084499033,667.4431934493347,335.59120891618335,502.3310019333561
std,287.363744973515,235.27259040738397,235.8379431111805,229.61644821719977
min,0.0,13.0,0.0,0.0
max,999.0,999.0,990.0,994.0
