stats,Open,High,Low,Close
count,19364,19364,19364,19364
mean,500.3792604833712,667.3322660607313,333.3216277628589,500.24431935550507
std,287.7671477931717,233.58673508005282,235.641557671867,228.74798470453214
min,0.0,8.0,0.0,4.0
max,999.0,999.0,991.0,996.0
