stats,Open,High,Low,Close
count,14814,14814,14814,14814
mean,496.60787093290133,665.5540704738761,331.60685837721076,497.83414337788577
std,289.5276523370118,235.71421638032518,236.184987453334,228.76194063636459
min,0.0,3.0,0.0,3.0
max,999.0,999.0,990.0,997.0
