stats,Open,High,Low,Close
count,13181,13181,13181,13181
mean,499.2317730066004,665.9688187542675,331.03846445641454,500.2994461725211
std,288.95989621160885,235.717325467137,233.4311603851009,229.12715474474678
min,0.0,4.0,0.0,1.0
max,999.0,999.0,990.0,995.0
