stats,Open,High,Low,Close
count,17676,17676,17676,17676
mean,501.85211586331747,666.0556687033265,333.66881647431546,499.34725050916495
std,288.66098020927825,235.47952474791157,237.85432234118997,230.89581142314117
min,0.0,7.0,0.0,1.0
max,999.0,999.0,996.0,997.0
