stats,Open,High,Low,Close
count,19265,19265,19265,19265
mean,500.78473916428754,666.0223202699195,332.45740981053723,498.73303919024136
std,287.6171704679538,235.1709802910397,233.56417024211126,228.69684153730734
min,0.0,4.0,0.0,4.0
max,999.0,999.0,992.0,997.0
