stats,Open,High,Low,Close
count,18107,18107,18107,18107
mean,497.97586568730327,665.5676810073452,331.51007897498204,498.4073010437952
std,288.56094829342646,235.40882059475706,234.7260600318357,230.02587792538392
min,0.0,6.0,0.0,3.0
max,999.0,999.0,982.0,997.0
