stats,Open,High,Low,Close
count,13316,13316,13316,13316
mean,495.37045659357165,664.2934064283569,329.1305947732052,496.57051667167315
std,288.7257510760113,234.7725551666728,234.20207948794294,229.34527569835697
min,0.0,8.0,0.0,2.0
max,999.0,999.0,994.0,999.0
