stats,Open,High,Low,Close
count,16729,16729,16729,16729
mean,499.08004064797655,663.8878594058223,331.9937832506426,497.81708410544564
std,287.77171488723883,235.6535139734393,234.18260666836127,228.83527871513678
min,0.0,3.0,0.0,3.0
max,999.0,999.0,989.0,997.0
