stats,Open,High,Low,Close
count,15175,15175,15175,15175
mean,497.31578253706755,663.8020428336079,332.8906754530478,499.05087314662273
std,288.64221859004346,237.7269821728906,236.32764182855973,231.10354463091502
min,0.0,8.0,0.0,5.0
max,999.0,999.0,994.0,996.0
