stats,Open,High,Low,Close
count,14023,14023,14023,14023
mean,498.01889752549386,663.5480282393211,331.473721742851,496.3702488768452
std,289.50236396516175,237.1715376745511,236.1352069827477,230.93917007697124
min,0.0,1.0,0.0,1.0
max,999.0,999.0,991.0,996.0
