stats,Open,High,Low,Close
count,16196,16196,16196,16196
mean,498.26136082983453,664.8508891084218,329.4841318844159,499.56600395159296
std,290.0089614034814,235.38976511058007,235.9895232291154,230.12013835398912
min,0.0,5.0,0.0,5.0
max,999.0,999.0,994.0,999.0
