stats,Open,High,Low,Close
count,16978,16978,16978,16978
mean,502.48527506184473,668.9003416185652,335.44139474614207,500.5958298975144
std,289.1184339660339,235.1485243332052,236.12420796045683,228.85391013958835
min,0.0,12.0,0.0,1.0
max,999.0,999.0,990.0,995.0
