stats,Open,High,Low,Close
count,18856,18856,18856,18856
mean,498.64743317776833,665.1793593551124,330.0478362324989,497.96929359355113
std,289.35804917510336,234.51542363998533,235.15704675862867,228.4974024202638
min,0.0,3.0,0.0,3.0
max,999.0,999.0,990.0,999.0
