stats,Open,High,Low,Close
count,16091,16091,16091,16091
mean,499.24249580510843,666.27997016966,332.6106519172208,497.2552358461252
std,288.3510113843878,234.72869542481496,235.14582330633237,228.39707863292233
min,0.0,13.0,0.0,4.0
max,999.0,999.0,997.0,998.0
