stats,Open,High,Low,Close
count,10333,10333,10333,10333
mean,501.065518242524,665.7871866834414,335.78167037646375,501.48814477886384
std,289.42120218282747,237.08107969460465,236.4912633464815,229.48008275557885
min,0.0,2.0,0.0,0.0
max,999.0,999.0,988.0,998.0
