stats,Open,High,Low,Close
count,15656,15656,15656,15656
mean,499.85213336739906,665.2414409810935,332.2672457843638,498.86126724578435
std,287.77137456176314,236.4399519305672,234.81803087360376,229.7302833956982
min,0.0,6.0,0.0,2.0
max,999.0,999.0,994.0,997.0
