stats,Open,High,Low,Close
count,18186,18186,18186,18186
mean,501.9833388320686,666.3447157153854,333.57126360936985,500.128450456395
std,287.730296563844,236.21234557302392,235.65397804469697,230.6517549382089
min,0.0,0.0,0.0,0.0
max,999.0,999.0,991.0,996.0
