stats,Open,High,Low,Close
count,19866,19866,19866,19866
mean,501.2475586429075,665.4668277458975,333.0956407933152,499.3703815564281
std,289.13599931782164,235.31951455629036,237.186567541087,230.6892414874552
min,0.0,7.0,0.0,5.0
max,999.0,999.0,993.0,999.0
