stats,Open,High,Low,Close
count,10434,10434,10434,10434
mean,499.70366110791645,666.6354226566992,332.5796434732605,499.6888058271037
std,288.77268091062496,236.72360890521907,234.88841695384016,230.07796147275934
min,0.0,18.0,0.0,3.0
max,999.0,999.0,990.0,997.0
