stats,Open,High,Low,Close
count,15062,15062,15062,15062
mean,493.5651971849688,660.8265834550524,327.8794316823795,495.2438587173018
std,289.60985131170037,237.9545623625499,235.23829996042642,230.17184529918143
min,0.0,12.0,0.0,4.0
max,999.0,999.0,991.0,996.0
