stats,Open,High,Low,Close
count,14283,14283,14283,14283
mean,499.2672407757474,665.6075054260309,331.28418399495905,497.98151648813274
std,289.1875981907655,235.04182450936094,236.66862972366718,229.80245425604127
min,0.0,5.0,0.0,4.0
max,999.0,999.0,995.0,998.0
