stats,Open,High,Low,Close
count,14990,14990,14990,14990
mean,504.07478318879254,669.5681120747165,332.79466310873914,500.38425617078053
std,287.8492624441768,235.10347112439044,234.16182714058195,229.56827251657452
min,0.0,10.0,0.0,2.0
max,999.0,999.0,990.0,998.0
