stats,Open,High,Low,Close
count,14116,14116,14116,14116
mean,501.3143950127515,665.956290733919,333.43645508642675,498.8477614054973
std,288.5433062523936,235.7231260149265,236.2609822167968,230.19099399995247
min,0.0,11.0,0.0,4.0
max,999.0,999.0,997.0,997.0
