stats,Open,High,Low,Close
count,16329,16329,16329,16329
mean,502.54326658092964,669.2970175760917,334.5048686386184,501.57082491273195
std,288.8229305021778,235.51288380586868,235.37836094053637,229.2732121342644
min,0.0,7.0,0.0,2.0
max,999.0,999.0,990.0,998.0
