stats,Open,High,Low,Close
count,12811,12811,12811,12811
mean,502.95511669658885,666.6767621575209,337.4408711263758,502.5033955194755
std,288.4947858575382,235.72361898832588,236.68988065937242,230.6358678954725
min,0.0,14.0,0.0,2.0
max,999.0,999.0,993.0,998.0
