stats,Open,High,Low,Close
count,11510,11510,11510,11510
mean,498.011728931364,665.2771503040834,331.85369244135535,500.49278887923543
std,288.80645375587545,235.55559888854498,235.50901010613978,229.65622457095412
min,0.0,7.0,0.0,6.0
max,999.0,999.0,993.0,999.0
