stats,Open,High,Low,Close
count,18738,18738,18738,18738
mean,498.23791226384884,663.5357562173124,331.0100864553314,497.8040879496211
std,287.96683578197116,237.60821289511458,234.1108368369915,229.74872442152645
min,0.0,7.0,0.0,1.0
max,999.0,999.0,995.0,998.0
