stats,Open,High,Low,Close
count,16697,16697,16697,16697
mean,501.02503443732405,665.1923099958076,335.0080253937833,498.71210397077317
std,286.98482973380544,235.20695292171817,235.92280392812458,229.44377664025416
min,0.0,4.0,0.0,1.0
max,999.0,999.0,987.0,997.0
