stats,Open,High,Low,Close
count,15146,15146,15146,15146
mean,499.5270038293939,666.6201637396013,330.61521193714515,497.3401558167173
std,288.1034446406854,235.4216200241114,234.15529711369499,228.4891943884364
min,0.0,4.0,0.0,4.0
max,999.0,999.0,997.0,997.0
