stats,Open,High,Low,Close
count,13601,13601,13601,13601
mean,501.9913976913462,669.8478788324388,334.090434526873,501.63568855231233
std,287.6511515699608,234.73867075670645,236.34066992832922,228.31320139048978
min,0.0,3.0,0.0,3.0
max,999.0,999.0,992.0,996.0
