stats,Open,High,Low,Close
count,18430,18430,18430,18430
mean,501.3344546934346,667.2686923494302,332.906456863809,499.7502441671188
std,288.3677381063214,233.15796206096562,235.54911568278746,229.3704730356242
min,0.0,10.0,0.0,2.0
max,999.0,999.0,996.0,996.0
