stats,Open,High,Low,Close
count,15067,15067,15067,15067
mean,499.71540452644854,664.5620893343067,333.8571713015199,499.84190615251873
std,287.27430063540857,234.31365276283492,235.1706615473355,227.88596804366816
min,0.0,8.0,0.0,2.0
max,999.0,999.0,997.0,997.0
