stats,Open,High,Low,Close
count,14629,14629,14629,14629
mean,501.5764577209652,664.0556429010869,334.3301661084148,499.0491489507143
std,287.24372674487097,234.99387682006318,234.28696848051024,228.7503934978562
min,0.0,4.0,0.0,3.0
max,999.0,999.0,992.0,996.0
