stats,Open,High,Low,Close
count,16931,16931,16931,16931
mean,501.75559624357686,666.7762093201819,333.9694642962613,498.7063965507058
std,288.7338061068878,234.90643561686073,236.05154277281275,229.00883063024082
min,0.0,5.0,0.0,2.0
max,999.0,999.0,992.0,998.0
