stats,Open,High,Low,Close
count,18814,18814,18814,18814
mean,496.83235888168383,664.3998086531307,329.61023705751035,495.75268417136175
std,288.4167104480485,236.11022580699102,234.0988599676458,228.67583903390704
min,0.0,2.0,0.0,2.0
max,999.0,999.0,990.0,996.0
