stats,Open,High,Low,Close
count,12905,12905,12905,12905
mean,497.12034095311895,666.5636574970941,331.2579620302208,500.8161177838047
std,288.8313587378214,235.3133448602622,235.36551362389667,230.33802868552496
min,0.0,6.0,0.0,1.0
max,999.0,999.0,992.0,997.0
