stats,Open,High,Low,Close
count,16015,16015,16015,16015
mean,499.0947236965345,665.8990945988136,334.22060568217296,500.1940056197315
std,288.50152507012456,236.3351437490947,235.9431942924853,229.82600379638404
min,0.0,2.0,0.0,1.0
max,999.0,999.0,992.0,996.0
