stats,Open,High,Low,Close
count,12766,12766,12766,12766
mean,498.76844743850853,665.3647187842707,330.6838477205076,500.6663011123296
std,287.87665672867104,235.08435733206144,234.115721585647,228.4979249773987
min,0.0,12.0,0.0,2.0
max,999.0,999.0,989.0,999.0
