stats,Open,High,Low,Close
count,12414,12414,12414,12414
mean,502.59481230868374,666.1966328338972,333.88061865635575,496.8563718382471
std,289.6065104091024,236.6023188735107,237.19412245281634,229.57761960063246
min,0.0,10.0,0.0,2.0
max,999.0,999.0,990.0,995.0
