stats,Open,High,Low,Close
count,14823,14823,14823,14823
mean,500.08041557039735,666.65013829859,329.8081360048573,499.389057545706
std,287.54767988228195,235.7861441282492,234.27311514558411,230.127197159665
min,0.0,5.0,0.0,3.0
max,999.0,999.0,995.0,997.0
