stats,Open,High,Low,Close
count,13635,13635,13635,13635
mean,502.08954895489546,669.5254858819216,333.4627796112945,500.6009534286762
std,288.8886744934865,235.14655804877677,236.07563839936793,231.15989235383273
min,0.0,9.0,0.0,2.0
max,999.0,999.0,991.0,997.0
