stats,Open,High,Low,Close
count,19369,19369,19369,19369
mean,502.4094171098146,669.1447674118436,332.23398213640354,500.70117197583767
std,289.19639896232366,234.32699931951436,235.66694727265218,229.49736018179183
min,0.0,7.0,0.0,2.0
max,999.0,999.0,993.0,999.0
