stats,Open,High,Low,Close
count,17272,17272,17272,17272
mean,501.69632931912923,666.8506252894858,333.5100741083835,500.0388490041686
std,288.5419922359608,234.81866290294667,235.91478598333322,229.72153140055738
min,0.0,6.0,0.0,5.0
max,999.0,999.0,996.0,997.0
