stats,Open,High,Low,Close
count,18250,18250,18250,18250
mean,500.8580273972603,668.6077260273972,335.03457534246576,501.54964383561645
std,288.8292996856375,234.90333660899154,236.22739364938664,230.1015009176826
min,0.0,7.0,0.0,1.0
max,999.0,999.0,994.0,997.0
