stats,Open,High,Low,Close
count,17496,17496,17496,17496
mean,499.2548010973937,663.6732395976223,331.457475994513,499.33990626428897
std,289.64971681463436,236.84053153337126,236.9979335008836,231.9683968947045
min,0.0,10.0,0.0,1.0
max,999.0,999.0,998.0,998.0
