stats,Open,High,Low,Close
count,17420,17420,17420,17420
mean,497.6506888633754,666.9365671641791,330.598794489093,498.7886337543054
std,288.4731457333136,236.84890040920254,235.450265053042,230.81992319828038
min,0.0,5.0,0.0,4.0
max,999.0,999.0,996.0,996.0
