stats,Open,High,Low,Close
count,17368,17368,17368,17368
mean,504.0278673422386,669.0598802395209,334.33930216490097,501.21182634730536
std,287.90769076410174,234.90966322741158,235.07868542152957,230.2622699088226
min,0.0,13.0,0.0,4.0
max,999.0,999.0,994.0,997.0
