stats,Open,High,Low,Close
count,12613,12613,12613,12613
mean,498.327915642591,668.179418060731,330.9426781891699,499.4110045191469
std,289.3877295043832,234.71204107968794,235.50172391993627,229.88440353979632
min,0.0,5.0,0.0,1.0
max,999.0,999.0,990.0,996.0
