stats,Open,High,Low,Close
count,10599,10599,10599,10599
mean,502.92131333144636,667.1974714595716,334.16586470421737,500.2387961128408
std,287.85231379152486,234.5411962119564,234.41340189966283,227.91631663170458
min,0.0,11.0,0.0,1.0
max,999.0,999.0,989.0,995.0
