stats,Open,High,Low,Close
count,15178,15178,15178,15178
mean,500.1497562261167,664.775069179075,331.8146659638951,497.1601001449466
std,288.55128740624434,234.1996803734473,234.8574988837499,229.22671829627933
min,0.0,7.0,0.0,3.0
max,999.0,999.0,990.0,999.0
