stats,Open,High,Low,Close
count,14363,14363,14363,14363
mean,496.5920072408271,662.4868063774977,332.63204066002925,496.82357446215974
std,288.915641111321,236.40375628850342,234.95428929265807,229.54119380427298
min,0.0,9.0,0.0,1.0
max,999.0,999.0,989.0,997.0
