stats,Open,High,Low,Close
count,11511,11511,11511,11511
mean,506.6935105551212,670.5412214403614,336.88254712883327,502.11858222569714
std,289.94097405609483,234.675716546502,238.6331292827703,228.3382356974636
min,0.0,1.0,0.0,1.0
max,999.0,999.0,995.0,999.0
