stats,Open,High,Low,Close
count,14566,14566,14566,14566
mean,505.3142249073184,670.2324591514486,335.2258684607991,502.9386241933269
std,289.06967847012385,234.31573127290753,236.46223488497006,230.06241889924544
min,0.0,5.0,0.0,2.0
max,999.0,999.0,998.0,998.0
