stats,Open,High,Low,Close
count,17057,17057,17057,17057
mean,500.9389693381017,665.7615055402474,333.4843759160462,501.107228703758
std,288.0306575313611,234.82184074922668,235.658022751277,229.5886891010767
min,0.0,4.0,0.0,3.0
max,999.0,999.0,995.0,996.0
