stats,Open,High,Low,Close
count,19471,19471,19471,19471
mean,499.69631760053414,665.3125160495096,334.1032304452776,498.9485388526527
std,287.25051901461205,235.55472772906333,234.17548594616034,228.78006771900448
min,0.0,9.0,0.0,4.0
max,999.0,999.0,997.0,997.0
