stats,Open,High,Low,Close
count,14986,14986,14986,14986
mean,503.8668090217536,669.4714400106766,331.9400106766315,501.7360202855999
std,288.8808885645296,233.8755953047856,236.51305241346643,230.40587010330614
min,0.0,7.0,0.0,0.0
max,999.0,999.0,993.0,998.0
