stats,Open,High,Low,Close
count,14255,14255,14255,14255
mean,498.3588916169765,666.965976850228,333.0934408979306,501.7351806383725
std,288.29091171286956,234.5898920705641,236.9844710255863,229.02056042512925
min,0.0,10.0,0.0,1.0
max,999.0,999.0,997.0,997.0
