stats,Open,High,Low,Close
count,12589,12589,12589,12589
mean,501.32750814202876,668.1224878862499,333.24680276431803,502.83843037572484
std,288.99678341344617,235.580475760526,236.2600080488149,230.65630263785798
min,0.0,13.0,0.0,4.0
max,999.0,999.0,993.0,998.0
