stats,Open,High,Low,Close
count,10258,10258,10258,10258
mean,502.1994540846169,671.251218561123,333.0651199064145,504.130239812829
std,290.95428509326206,235.5999689825803,236.33714070625084,230.2748987721946
min,0.0,3.0,0.0,3.0
max,999.0,999.0,982.0,996.0
