stats,Open,High,Low,Close
count,19389,19389,19389,19389
mean,500.6220021661767,666.7924596420651,333.4822321935118,500.5079168600753
std,287.8775739059358,236.29728302589982,235.22879191008937,230.5251259914357
min,0.0,7.0,0.0,2.0
max,999.0,999.0,989.0,998.0
