stats,Open,High,Low,Close
count,18773,18773,18773,18773
mean,500.5271933095403,666.8123368667767,333.3732488147872,500.29526447557663
std,288.3179077446676,235.2412671144478,234.9096617922807,229.03400849701464
min,0.0,2.0,0.0,2.0
max,999.0,999.0,994.0,994.0
