stats,Open,High,Low,Close
count,13043,13043,13043,13043
mean,499.68258836157327,663.8264969715556,332.3620332745534,497.6788315571571
std,289.3291891425933,236.79062429026735,235.11059342866008,230.73575131839965
min,0.0,3.0,0.0,3.0
max,999.0,999.0,993.0,993.0
