stats,Open,High,Low,Close
count,17728,17728,17728,17728
mean,495.7446976534296,667.8670464801444,331.18614620938627,497.2831678700361
std,289.9519534374114,234.9133426120748,236.19997060477584,228.80443217729268
min,0.0,6.0,0.0,6.0
max,999.0,999.0,999.0,999.0
