stats,Open,High,Low,Close
count,17334,17334,17334,17334
mean,500.982404522903,667.6434752509518,334.87625475943236,500.6140533056421
std,290.018570680975,234.766081088586,237.18030179895027,231.51103958605802
min,0.0,5.0,0.0,5.0
max,999.0,999.0,996.0,998.0
