stats,Open,High,Low,Close
count,12872,12872,12872,12872
mean,503.1254661280298,667.189014916097,334.38774083281544,498.5375233064015
std,288.46852083443747,234.32667481780942,234.36406395450993,227.92761546737984
min,0.0,8.0,0.0,1.0
max,999.0,999.0,991.0,999.0
