stats,Open,High,Low,Close
count,10678,10678,10678,10678
mean,502.30286570518825,668.4462446150965,334.98351751264283,500.64909159018544
std,289.7310820237189,235.75543939177913,237.75057491289954,230.21941843863533
min,0.0,19.0,0.0,10.0
max,999.0,999.0,997.0,997.0
