stats,Open,High,Low,Close
count,18525,18525,18525,18525
mean,503.2498245614035,668.4689338731444,337.07309041835356,502.1101754385965
std,288.1286772016882,234.62737556489446,236.14933489096163,228.1705304832191
min,0.0,11.0,0.0,2.0
max,999.0,999.0,990.0,994.0
