stats,Open,High,Low,Close
count,17044,17044,17044,17044
mean,498.32580380192445,663.015606665102,331.7426660408355,497.03367754048344
std,287.6773134683316,237.54389297210435,237.22616664584154,231.68126225434844
min,0.0,6.0,0.0,0.0
max,999.0,999.0,990.0,994.0
