stats,Open,High,Low,Close
count,14711,14711,14711,14711
mean,497.66576031541024,668.2413160220243,329.1593365508803,499.5450343280538
std,288.1122642086853,234.14650473223475,233.30114757518703,227.84815836624074
min,0.0,7.0,0.0,5.0
max,999.0,999.0,990.0,995.0
