stats,Open,High,Low,Close
count,12007,12007,12007,12007
mean,499.96327142500206,667.0442242025485,333.4667277421504,501.37877904555677
std,289.2267657148773,236.8469158809058,235.56750203314826,230.26254151235696
min,0.0,11.0,0.0,1.0
max,999.0,999.0,997.0,997.0
