stats,Open,High,Low,Close
count,13958,13958,13958,13958
mean,496.05423413096435,663.4925490757988,329.71629173233987,494.2152170798109
std,289.22495993295087,239.60105134349547,233.9756563419374,231.4158884478053
min,0.0,10.0,0.0,1.0
max,999.0,999.0,989.0,998.0
