stats,Open,High,Low,Close
count,17328,17328,17328,17328
mean,494.56538550323177,665.461853647276,328.1834025854109,496.1601454293629
std,289.6361865488545,235.56333396111725,234.95517281826722,229.4321699276376
min,0.0,0.0,0.0,0.0
max,999.0,999.0,992.0,997.0
