stats,Open,High,Low,Close
count,11679,11679,11679,11679
mean,500.2970288552102,665.3588492165425,334.3007963010532,500.27759225961125
std,286.6933097027235,234.57999128717472,234.85334546818456,228.13599572129888
min,0.0,13.0,0.0,2.0
max,999.0,999.0,982.0,998.0
