stats,Open,High,Low,Close
count,15268,15268,15268,15268
mean,503.75268535499083,668.3917998428085,334.8388787005502,500.65391668849884
std,287.950897557094,234.1978803576924,234.8225333484413,228.6323581157272
min,0.0,1.0,0.0,0.0
max,999.0,999.0,991.0,996.0
