stats,Open,High,Low,Close
count,15894,15894,15894,15894
mean,502.99779791116146,668.7015225871398,336.89933308166604,503.40449226123064
std,290.30270024409515,235.0877338867233,237.02579637359753,231.22982211933794
min,0.0,9.0,0.0,1.0
max,999.0,999.0,998.0,999.0
