stats,Open,High,Low,Close
count,16738,16738,16738,16738
mean,502.6868801529454,667.9950412235631,334.2652646672243,501.91307205161905
std,288.71489192198436,235.14710729958867,234.74587229141758,229.82319403188288
min,0.0,6.0,0.0,2.0
max,999.0,999.0,990.0,998.0
