stats,Open,High,Low,Close
count,14540,14540,14540,14540
mean,496.2779917469051,664.9442916093535,330.3707702888583,497.07049518569465
std,289.3690761461623,236.01205010909737,235.00438393842362,229.98361092312933
min,0.0,3.0,0.0,3.0
max,999.0,999.0,992.0,994.0
