stats,Open,High,Low,Close
count,15085,15085,15085,15085
mean,499.30679482930066,667.1378853165396,334.2581372224064,502.65621478289694
std,289.36762636316814,236.28884022923066,235.97471857775957,229.6135929998158
min,0.0,3.0,0.0,3.0
max,999.0,999.0,994.0,998.0
