stats,Open,High,Low,Close
count,17972,17972,17972,17972
mean,499.0143556643668,668.2300801246383,332.9577119964389,499.47535054529266
std,288.5797139617324,234.8125108062438,234.8855320556303,229.49719484985812
min,0.0,12.0,0.0,0.0
max,999.0,999.0,992.0,997.0
