stats,Open,High,Low,Close
count,11109,11109,11109,11109
mean,496.64938338284276,666.1307048339185,335.5915924025565,500.30614816815194
std,287.68135288608437,233.15214049471106,235.1827226659664,227.74178226784926
min,0.0,12.0,0.0,2.0
max,999.0,999.0,997.0,997.0
