stats,Open,High,Low,Close
count,13272,13272,13272,13272
mean,495.29716696805303,664.491636528029,329.69462025316454,497.6862567811935
std,288.4429397879008,236.2586092403445,233.6188665205689,228.14413136073756
min,0.0,16.0,0.0,4.0
max,999.0,999.0,995.0,995.0
