stats,Open,High,Low,Close
count,11764,11764,11764,11764
mean,503.0396973818429,669.4942196531792,335.7059673580415,504.2678510710643
std,287.3849444640875,233.7545708761718,236.4047733474049,229.53136948856778
min,0.0,8.0,0.0,2.0
max,999.0,999.0,993.0,997.0
