stats,Open,High,Low,Close
count,16642,16642,16642,16642
mean,497.2919721187357,662.9906261266675,332.38474942915514,496.4471818291071
std,290.0856192658748,237.1447954719864,236.27426970360406,231.90179008007416
min,0.0,2.0,0.0,1.0
max,999.0,999.0,988.0,995.0
