stats,Open,High,Low,Close
count,13840,13840,13840,13840
mean,500.8559248554913,666.2949421965318,333.3762283236994,498.67312138728323
std,287.52969764199617,236.36852046236004,236.0444584001818,230.50306018775177
min,0.0,3.0,0.0,3.0
max,999.0,999.0,994.0,998.0
