stats,Open,High,Low,Close
count,15168,15168,15168,15168
mean,498.9585970464135,665.9915611814346,333.3992616033755,498.73839662447256
std,288.85278276547047,234.8253772441122,235.70474842115593,230.45599860849845
min,0.0,5.0,0.0,2.0
max,999.0,999.0,996.0,996.0
