stats,Open,High,Low,Close
count,18930,18930,18930,18930
mean,498.6845747490755,668.8467511885896,330.2102482831484,499.75742208135233
std,289.53398368513854,234.70758150370946,234.73788903761437,229.1535140151302
min,0.0,4.0,0.0,3.0
max,999.0,999.0,987.0,997.0
