stats,Open,High,Low,Close
count,11956,11956,11956,11956
mean,499.918200066912,670.0714285714286,332.4301605888257,502.92932418869185
std,288.85744611132696,234.62251465514177,234.63435780805364,229.1329463248455
min,0.0,2.0,0.0,2.0
max,999.0,999.0,994.0,998.0
