stats,Open,High,Low,Close
count,18875,18875,18875,18875
mean,501.161059602649,666.6193377483444,333.7300132450331,499.83782781456955
std,285.9145465359999,234.8099942224795,234.90747291244293,230.30177513224595
min,0.0,7.0,0.0,5.0
max,999.0,999.0,990.0,996.0
