stats,Open,High,Low,Close
count,16928,16928,16928,16928
mean,501.4470108695652,667.6951205103969,333.8485940453686,501.7717982041588
std,286.92397891047875,233.54731185107445,233.2007167365448,227.14439662021292
min,0.0,1.0,0.0,1.0
max,999.0,999.0,989.0,997.0
