stats,Open,High,Low,Close
count,10541,10541,10541,10541
mean,496.6635992790058,664.8259178446068,332.1298738260127,500.2144009107295
std,288.32770945269766,234.16713762882978,235.7464452581885,227.09161720490357
min,0.0,19.0,0.0,5.0
max,999.0,999.0,991.0,997.0
