stats,Open,High,Low,Close
count,18942,18942,18942,18942
mean,497.44509555485166,665.2625382747334,331.54983634251926,497.77314961461303
std,287.7304647720169,236.70822051353738,235.2624881540337,230.15527341877606
min,0.0,5.0,0.0,3.0
max,999.0,999.0,987.0,997.0
