stats,Open,High,Low,Close
count,19290,19290,19290,19290
mean,499.7582166925868,666.3357698289269,332.54919647485747,498.24250907205806
std,287.96967278610396,234.32795380206161,234.8759694455669,229.25833142096474
min,0.0,4.0,0.0,1.0
max,999.0,999.0,995.0,998.0
