stats,Open,High,Low,Close
count,19891,19891,19891,19891
mean,497.9551053240159,666.8776833743905,332.37635111356894,499.7674827811573
std,287.78171358891416,233.77974742665444,233.36712410308553,228.17105523675986
min,0.0,7.0,0.0,3.0
max,999.0,999.0,988.0,996.0
