stats,Open,High,Low,Close
count,18150,18150,18150,18150
mean,498.12903581267216,664.0207713498622,330.8794490358127,498.51300275482095
std,287.26047330765743,236.10149065364988,233.6185711738607,229.1486867439415
min,0.0,9.0,0.0,1.0
max,999.0,999.0,988.0,998.0
