stats,Open,High,Low,Close
count,18905,18905,18905,18905
mean,500.13292779687913,666.1994181433483,330.0482412060301,499.15942872256016
std,289.8602709394445,235.44371722297387,234.82186840607292,230.55523074646794
min,0.0,2.0,0.0,0.0
max,999.0,999.0,984.0,998.0
