stats,Open,High,Low,Close
count,19056,19056,19056,19056
mean,497.76695004198154,664.0053001679261,332.4165092359362,499.3828190596138
std,287.35733530577403,234.4397441174755,235.9010765777199,228.44189436087333
min,0.0,14.0,0.0,4.0
max,999.0,999.0,997.0,997.0
