stats,Open,High,Low,Close
count,18934,18934,18934,18934
mean,497.10531319319745,664.5607901130242,331.20888349001797,497.79513045315304
std,289.35105487731795,237.52306662629334,235.88400444686752,231.12569936906135
min,0.0,10.0,0.0,1.0
max,999.0,999.0,992.0,995.0
