stats,Open,High,Low,Close
count,15139,15139,15139,15139
mean,503.0444547195984,666.4520113613845,333.5339850716692,499.15166127221084
std,287.2486930717374,234.99595461309468,235.36544437851612,229.86345700037757
min,0.0,4.0,0.0,4.0
max,999.0,999.0,994.0,995.0
