stats,Open,High,Low,Close
count,10197,10197,10197,10197
mean,503.3518681965284,670.5250563891341,334.15945866431304,504.1121898597627
std,287.92624457032167,235.11587062856714,238.06253788019347,231.89295938234554
min,0.0,9.0,0.0,3.0
max,999.0,999.0,995.0,995.0
