stats,Open,High,Low,Close
count,11517,11517,11517,11517
mean,498.164886689242,667.7241469132587,331.67673873404533,501.190674654858
std,288.74199658860164,237.18250576261931,235.93047731616414,231.88258362276775
min,0.0,9.0,0.0,1.0
max,999.0,999.0,997.0,997.0
